/* gen_cmd.py が生成（ctab.py）。手で編集しない。PS1 / SDL が焼き込む表（PC-98 は cmd_tab.c + パック） */
#include "cmd_data.h"
static const unsigned short cm_jpool_a[] = {
  0x4F5C,0x52D5,0x3055,0x305B,0x308B,0x7B54,0x3048,0x308B,0x5F53,0x3066,0x308B,0x653B,0x6483,0x3059,0x308B,0x623B,0x308B,0x7206,0x7834,0x3059,0x308B,0x5439,0x304F,0x4E57,
  0x308B,0x7C21,0x6F54,0x306B,0x78E8,0x304F,0x71C3,0x3084,0x3059,0x304B,0x3058,0x308B,0x767B,0x308B,0x9589,0x3081,0x308B,0x547D,0x3058,0x308B,0x6570,0x3048,0x308B,0x6E21,
  0x308B,0x7F75,0x308B,0x5207,0x308B,0x3057,0x307C,0x307E,0x305B,0x308B,0x58CA,0x3059,0x8A3A,0x65AD,0x6398,0x308B,0x964D,0x308A,0x308B,0x9B54,0x6CD5,0x3092,0x89E3,0x304F,
  0x98F2,0x3080,0x7F6E,0x304F,0x98DF,0x3079,0x308B,0x30A8,0x30B3,0x30FC,0x9B54,0x6CD5,0x3092,0x304B,0x3051,0x308B,0x5165,0x308B,0x8ABF,0x3079,0x308B,0x51FA,0x308B,0x7953,
  0x3046,0x6D88,0x3059,0x6E80,0x305F,0x3059,0x898B,0x3064,0x3051,0x308B,0x8FFD,0x3046,0x30D5,0x30ED,0x30DC,0x30C3,0x30BA,0x6E21,0x3059,0x5B75,0x3059,0x3053,0x3093,0x306B,
  0x3061,0x306F,0x546A,0x6587,0x3092,0x5531,0x3048,0x308B,0x81A8,0x3089,0x307E,0x305B,0x308B,0x6301,0x3061,0x7269,0x8DF3,0x3076,0x8E74,0x308B,0x6BBA,0x3059,0x30AD,0x30B9,
  0x3059,0x308B,0x53E9,0x304F,0x6F15,0x304E,0x51FA,0x3059,0x3082,0x305F,0x308C,0x308B,0x53BB,0x308B,0x70B9,0x3051,0x308B,0x805E,0x304F,0x9375,0x3092,0x304B,0x3051,0x308B,
  0x898B,0x308B,0x4E0B,0x3052,0x308B,0x6CB9,0x3092,0x5DEE,0x3059,0x4F5C,0x308B,0x6EB6,0x304B,0x3059,0x52D5,0x304B,0x3059,0x3064,0x3076,0x3084,0x304F,0x30AA,0x30C7,0x30E5,
  0x30C3,0x30BB,0x30A6,0x30B9,0x958B,0x3051,0x308B,0x3053,0x3058,0x958B,0x3051,0x308B,0x6F14,0x594F,0x3059,0x308B,0x585E,0x3050,0x30D7,0x30E9,0x30B0,0x7A81,0x304F,0x6CE8,
  0x3050,0x7948,0x308B,0x5F15,0x304F,0x7A7A,0x6C17,0x3092,0x9001,0x308B,0x7A74,0x3092,0x958B,0x3051,0x308B,0x62BC,0x3059,0x5165,0x308C,0x308B,0x3084,0x3081,0x308B,0x6301,
  0x3061,0x4E0A,0x3052,0x308B,0x8AAD,0x3080,0x6094,0x3044,0x6539,0x3081,0x308B,0x3084,0x308A,0x76F4,0x3059,0x518D,0x958B,0x3059,0x308B,0x9CF4,0x3089,0x3059,0x8EE2,0x304C,
  0x3059,0x89E6,0x308B,0x4FDD,0x5B58,0x3059,0x308B,0x8A00,0x3046,0x5F97,0x70B9,0x63A2,0x3059,0x547C,0x3076,0x63FA,0x3059,0x308B,0x30B9,0x30AD,0x30C3,0x30D7,0x3059,0x308B,
  0x6ED1,0x308A,0x964D,0x308A,0x308B,0x55C5,0x3050,0x56DE,0x8EE2,0x3055,0x305B,0x308B,0x5439,0x304D,0x304B,0x3051,0x308B,0x63E1,0x308B,0x523A,0x3059,0x7ACB,0x3064,0x3068,
  0x3069,0x307E,0x308B,0x6253,0x3064,0x3054,0x304F,0x7C21,0x6F54,0x306B,0x6CF3,0x3050,0x632F,0x308B,0x53D6,0x308B,0x8A71,0x3057,0x304B,0x3051,0x308B,0x4F1D,0x3048,0x308B,
  0x6295,0x3052,0x308B,0x7D50,0x3076,0x5B9D,0x56DE,0x3059,0x9375,0x3092,0x958B,0x3051,0x308B,0x89E3,0x304F,0x8A73,0x3057,0x304F,0x30D0,0x30FC,0x30B8,0x30E7,0x30F3,0x5F85,
  0x3064,0x8D77,0x3053,0x3059,0x884C,0x304F,0x632F,0x308B,0x8EAB,0x306B,0x7740,0x3051,0x308B,0x52DD,0x3064,0x5DFB,0x304F,0x9858,0x3046,0x53EB,0x3076,0x30BE,0x30FC,0x30AF,
  0x3046,0x3064,0x304F,0x3057,0x3044,0x3057,0x3093,0x3061,0x3085,0x3046,0x306E,0x304B,0x3056,0x308A,0x3060,0x307E,0x7F8E,0x3057,0x3044,0x771F,0x936E,0x306E,0x98FE,0x308A,
  0x7389,0x3046,0x3064,0x304F,0x3057,0x3044,0x3057,0x3093,0x3061,0x3085,0x3046,0x306E,0x304B,0x3056,0x308A,0x3060,0x307E,0x7F8E,0x3057,0x3044,0x771F,0x936E,0x306E,0x98FE,
  0x308A,0x7389,0x3046,0x3064,0x304F,0x3057,0x3044,0x307B,0x3046,0x305B,0x304D,0x306E,0x3053,0x3046,0x3061,0x3085,0x3046,0x7F8E,0x3057,0x3044,0x5B9D,0x77F3,0x306E,0x7532,
  0x866B,0x3046,0x3064,0x304F,0x3057,0x3044,0x307B,0x3046,0x305B,0x304D,0x306E,0x3053,0x3046,0x3061,0x3085,0x3046,0x7F8E,0x3057,0x3044,0x5B9D,0x77F3,0x306E,0x7532,0x866B,
  0x305E,0x30FC,0x304F,0x3068,0x308A,0x3042,0x3064,0x304B,0x3044,0x305B,0x3064,0x3081,0x3044,0x3057,0x3087,0x005A,0x004F,0x0052,0x004B,0x0020,0x53D6,0x6271,0x8AAC,0x660E,
  0x66F8,0x305E,0x30FC,0x304F,0x3068,0x308A,0x3042,0x3064,0x304B,0x3044,0x305B,0x3064,0x3081,0x3044,0x3057,0x3087,0x005A,0x004F,0x0052,0x004B,0x0020,0x53D6,0x6271,0x8AAC,
  0x660E,0x66F8,0x3055,0x3075,0x3041,0x3044,0x3042,0x3092,0x3061,0x308A,0x3070,0x3081,0x305F,0x3046,0x3067,0x308F,0x30B5,0x30D5,0x30A1,0x30A4,0x30A2,0x3092,0x3061,0x308A,
  0x3070,0x3081,0x305F,0x8155,0x8F2A,0x3055,0x3075,0x3041,0x3044,0x3042,0x3092,0x3061,0x308A,0x3070,0x3081,0x305F,0x3046,0x3067,0x308F,0x30B5,0x30D5,0x30A1,0x30A4,0x30A2,
  0x3092,0x3061,0x308A,0x3070,0x3081,0x305F,0x8155,0x8F2A,0x304C,0x3089,0x3059,0x3057,0x3064,0x306E,0x3053,0x3046,0x3055,0x3044,0x306E,0x304B,0x3051,0x3089,0x30AC,0x30E9,
  0x30B9,0x8CEA,0x306E,0x9271,0x6ED3,0x306E,0x304B,0x3051,0x3089,0x304C,0x3089,0x3059,0x3057,0x3064,0x306E,0x3053,0x3046,0x3055,0x3044,0x306E,0x304B,0x3051,0x3089,0x30AC,
  0x30E9,0x30B9,0x8CEA,0x306E,0x9271,0x6ED3,0x306E,0x304B,0x3051,0x3089,0x305B,0x304D,0x306D,0x3064,0x3057,0x305F,0x3057,0x3093,0x3061,0x3085,0x3046,0x306E,0x3059,0x305A,
  0x8D64,0x71B1,0x3057,0x305F,0x771F,0x936E,0x306E,0x9234,0x305B,0x304D,0x306D,0x3064,0x3057,0x305F,0x3057,0x3093,0x3061,0x3085,0x3046,0x306E,0x3059,0x305A,0x8D64,0x71B1,
  0x3057,0x305F,0x771F,0x936E,0x306E,0x9234,0x3055,0x3075,0x3041,0x3044,0x3042,0x3092,0x3061,0x308A,0x3070,0x3081,0x305F,0x8155,0x8F2A,0x30B5,0x30D5,0x30A1,0x30A4,0x30A2,
  0x3092,0x3061,0x308A,0x3070,0x3081,0x305F,0x8155,0x8F2A,0x30B5,0x30D5,0x30A1,0x30A4,0x30A2,0x3092,0x3061,0x308A,0x3070,0x3081,0x305F,0x8155,0x8F2A,0x30B5,0x30D5,0x30A1,
  0x30A4,0x30A2,0x3092,0x3061,0x308A,0x3070,0x3081,0x305F,0x8155,0x8F2A,0x307B,0x3046,0x305B,0x304D,0x3092,0x3061,0x308A,0x3070,0x3081,0x305F,0x305F,0x307E,0x3054,0x5B9D,
  0x77F3,0x3092,0x3061,0x308A,0x3070,0x3081,0x305F,0x5375,0x307B,0x3046,0x305B,0x304D,0x3092,0x3061,0x308A,0x3070,0x3081,0x305F,0x305F,0x307E,0x3054,0x5B9D,0x77F3,0x3092,
  0x3061,0x308A,0x3070,0x3081,0x305F,0x5375,0x307B,0x3046,0x305B,0x304D,0x306E,0x3064,0x307E,0x3063,0x305F,0x3068,0x3089,0x3093,0x304F,0x5B9D,0x77F3,0x306E,0x8A70,0x307E,
  0x3063,0x305F,0x30C8,0x30E9,0x30F3,0x30AF,0x307B,0x3046,0x305B,0x304D,0x306E,0x3064,0x307E,0x3063,0x305F,0x3068,0x3089,0x3093,0x304F,0x5B9D,0x77F3,0x306E,0x8A70,0x307E,
  0x3063,0x305F,0x30C8,0x30E9,0x30F3,0x30AF,0x3053,0x308F,0x308C,0x305F,0x304B,0x3089,0x304F,0x308A,0x304B,0x306A,0x308A,0x3042,0x58CA,0x308C,0x305F,0x304B,0x3089,0x304F,
  0x308A,0x30AB,0x30CA,0x30EA,0x30A2,0x3053,0x308F,0x308C,0x305F,0x304B,0x3089,0x304F,0x308A,0x304B,0x306A,0x308A,0x3042,0x58CA,0x308C,0x305F,0x304B,0x3089,0x304F,0x308A,
  0x30AB,0x30CA,0x30EA,0x30A2,0x3053,0x308F,0x308C,0x305F,0x307B,0x3046,0x305B,0x304D,0x306E,0x305F,0x307E,0x3054,0x58CA,0x308C,0x305F,0x5B9D,0x77F3,0x306E,0x5375,0x3053,
  0x308F,0x308C,0x305F,0x307B,0x3046,0x305B,0x304D,0x306E,0x305F,0x307E,0x3054,0x58CA,0x308C,0x305F,0x5B9D,0x77F3,0x306E,0x5375,0x3068,0x308A,0x3042,0x3064,0x304B,0x3044,
  0x305B,0x3064,0x3081,0x3044,0x3057,0x3087,0x005A,0x004F,0x0052,0x004B,0x0020,0x53D6,0x6271,0x8AAC,0x660E,0x66F8,0x3068,0x308A,0x3042,0x3064,0x304B,0x3044,0x305B,0x3064,
  0x3081,0x3044,0x3057,0x3087,0x005A,0x004F,0x0052,0x004B,0x0020,0x53D6,0x6271,0x8AAC,0x660E,0x66F8,0x58CA,0x308C,0x305F,0x304B,0x3089,0x304F,0x308A,0x304B,0x306A,0x308A,
  0x3042,0x58CA,0x308C,0x305F,0x304B,0x3089,0x304F,0x308A,0x30AB,0x30CA,0x30EA,0x30A2,0x58CA,0x308C,0x305F,0x304B,0x3089,0x304F,0x308A,0x30AB,0x30CA,0x30EA,0x30A2,0x58CA,
  0x308C,0x305F,0x304B,0x3089,0x304F,0x308A,0x30AB,0x30CA,0x30EA,0x30A2,0x304C,0x3089,0x3059,0x8CEA,0x306E,0x9271,0x6ED3,0x306E,0x304B,0x3051,0x3089,0x30AC,0x30E9,0x30B9,
  0x8CEA,0x306E,0x9271,0x6ED3,0x306E,0x304B,0x3051,0x3089,0x30AC,0x30E9,0x30B9,0x8CEA,0x306E,0x9271,0x6ED3,0x306E,0x304B,0x3051,0x3089,0x30AC,0x30E9,0x30B9,0x8CEA,0x306E,
  0x9271,0x6ED3,0x306E,0x304B,0x3051,0x3089,0x5B9D,0x77F3,0x306E,0x8A70,0x307E,0x3063,0x305F,0x3068,0x3089,0x3093,0x304F,0x5B9D,0x77F3,0x306E,0x8A70,0x307E,0x3063,0x305F,
  0x30C8,0x30E9,0x30F3,0x30AF,0x5B9D,0x77F3,0x306E,0x8A70,0x307E,0x3063,0x305F,0x30C8,0x30E9,0x30F3,0x30AF,0x5B9D,0x77F3,0x306E,0x8A70,0x307E,0x3063,0x305F,0x30C8,0x30E9,
  0x30F3,0x30AF,0x304D,0x3093,0x306E,0x304B,0x3089,0x304F,0x308A,0x304B,0x306A,0x308A,0x3042,0x91D1,0x306E,0x304B,0x3089,0x304F,0x308A,0x30AB,0x30CA,0x30EA,0x30A2,0x304D,
  0x3093,0x306E,0x304B,0x3089,0x304F,0x308A,0x304B,0x306A,0x308A,0x3042,0x91D1,0x306E,0x304B,0x3089,0x304F,0x308A,0x30AB,0x30CA,0x30EA,0x30A2,0x3061,0x3044,0x3055,0x306A,
  0x305B,0x304D,0x305F,0x3093,0x306E,0x3084,0x307E,0x5C0F,0x3055,0x306A,0x77F3,0x70AD,0x306E,0x5C71,0x3061,0x3044,0x3055,0x306A,0x305B,0x304D,0x305F,0x3093,0x306E,0x3084,
  0x307E,0x5C0F,0x3055,0x306A,0x77F3,0x70AD,0x306E,0x5C71,0x304D,0x3087,0x3060,0x3044,0x306A,0x3060,0x3044,0x3084,0x3082,0x3093,0x3069,0x5DE8,0x5927,0x306A,0x30C0,0x30A4,
  0x30E4,0x30E2,0x30F3,0x30C9,0x304D,0x3087,0x3060,0x3044,0x306A,0x3060,0x3044,0x3084,0x3082,0x3093,0x3069,0x5DE8,0x5927,0x306A,0x30C0,0x30A4,0x30E4,0x30E2,0x30F3,0x30C9,
  0x3060,0x3044,0x3069,0x3053,0x308D,0x306E,0x3057,0x3087,0x304F,0x305F,0x304F,0x53F0,0x6240,0x306E,0x98DF,0x5353,0x3060,0x3044,0x3069,0x3053,0x308D,0x306E,0x3057,0x3087,
  0x304F,0x305F,0x304F,0x53F0,0x6240,0x306E,0x98DF,0x5353,0x3059,0x3044,0x3057,0x3087,0x3046,0x306E,0x3055,0x3093,0x3055,0x305D,0x3046,0x6C34,0x6676,0x306E,0x4E09,0x53C9,
  0x69CD,0x3059,0x3044,0x3057,0x3087,0x3046,0x306E,0x3055,0x3093,0x3055,0x305D,0x3046,0x6C34,0x6676,0x306E,0x4E09,0x53C9,0x69CD,0x307D,0x3093,0x3077,0x3067,0x3075,0x304F,
  0x3089,0x307E,0x305B,0x308B,0x7A7A,0x6C17,0x3092,0x9001,0x308B,0x307D,0x3093,0x3077,0x3067,0x3075,0x304F,0x3089,0x307E,0x305B,0x308B,0x307D,0x3093,0x3077,0x3067,0x3075,
  0x304F,0x3089,0x307E,0x305B,0x308B,0x91D1,0x306E,0x304B,0x3089,0x304F,0x308A,0x304B,0x306A,0x308A,0x3042,0x91D1,0x306E,0x304B,0x3089,0x304F,0x308A,0x30AB,0x30CA,0x30EA,
  0x30A2,0x91D1,0x306E,0x304B,0x3089,0x304F,0x308A,0x30AB,0x30CA,0x30EA,0x30A2,0x91D1,0x306E,0x304B,0x3089,0x304F,0x308A,0x30AB,0x30CA,0x30EA,0x30A2,0x007A,0x006F,0x0072,
  0x006B,0x0020,0x53D6,0x6271,0x8AAC,0x660E,0x66F8,0x005A,0x004F,0x0052,0x004B,0x0020,0x53D6,0x6271,0x8AAC,0x660E,0x66F8,0x005A,0x004F,0x0052,0x004B,0x0020,0x53D6,0x6271,
  0x8AAC,0x660E,0x66F8,0x005A,0x004F,0x0052,0x004B,0x0020,0x53D6,0x6271,0x8AAC,0x660E,0x66F8,0x3044,0x305F,0x3067,0x3075,0x3055,0x304C,0x308C,0x305F,0x307E,0x3069,0x677F,
  0x3067,0x585E,0x304C,0x308C,0x305F,0x7A93,0x3044,0x305F,0x3067,0x3075,0x3055,0x304C,0x308C,0x305F,0x307E,0x3069,0x677F,0x3067,0x585E,0x304C,0x308C,0x305F,0x7A93,0x304A,
  0x3046,0x304B,0x3063,0x3057,0x3087,0x304F,0x306E,0x3075,0x3060,0x9EC4,0x8910,0x8272,0x306E,0x672D,0x304A,0x3046,0x304B,0x3063,0x3057,0x3087,0x304F,0x306E,0x3075,0x3060,
  0x9EC4,0x8910,0x8272,0x306E,0x672D,0x3061,0x3087,0x3046,0x3053,0x304F,0x306E,0x3042,0x308B,0x304B,0x3079,0x5F6B,0x523B,0x306E,0x3042,0x308B,0x58C1,0x3061,0x3087,0x3046,
  0x3053,0x304F,0x306E,0x3042,0x308B,0x304B,0x3079,0x5F6B,0x523B,0x306E,0x3042,0x308B,0x58C1,0x3044,0x3084,0x306A,0x304B,0x3093,0x3058,0x306E,0x306A,0x3044,0x3075,0x5ACC,
  0x306A,0x611F,0x3058,0x306E,0x30CA,0x30A4,0x30D5,0x3044,0x3084,0x306A,0x304B,0x3093,0x3058,0x306E,0x306A,0x3044,0x3075,0x5ACC,0x306A,0x611F,0x3058,0x306E,0x30CA,0x30A4,
  0x30D5,0x3057,0x3093,0x3061,0x3085,0x3046,0x306E,0x3089,0x3093,0x305F,0x3093,0x771F,0x936E,0x306E,0x30E9,0x30F3,0x30BF,0x30F3,0x3057,0x3093,0x3061,0x3085,0x3046,0x306E,
  0x3089,0x3093,0x305F,0x3093,0x771F,0x936E,0x306E,0x30E9,0x30F3,0x30BF,0x30F3,0x3061,0x3044,0x3055,0x306A,0x3086,0x3046,0x3073,0x3093,0x3070,0x3053,0x5C0F,0x3055,0x306A,
  0x90F5,0x4FBF,0x7BB1,0x3061,0x3044,0x3055,0x306A,0x3086,0x3046,0x3073,0x3093,0x3070,0x3053,0x5C0F,0x3055,0x306A,0x90F5,0x4FBF,0x7BB1,0x306D,0x3070,0x308A,0x306E,0x3042,
  0x308B,0x3076,0x3063,0x3057,0x3064,0x7C98,0x308A,0x306E,0x3042,0x308B,0x7269,0x8CEA,0x306D,0x3070,0x308A,0x306E,0x3042,0x308B,0x3076,0x3063,0x3057,0x3064,0x7C98,0x308A,
  0x306E,0x3042,0x308B,0x7269,0x8CEA,0x3046,0x3064,0x304F,0x3057,0x3044,0x3053,0x3046,0x3061,0x3085,0x3046,0x7F8E,0x3057,0x3044,0x5B9D,0x77F3,0x306E,0x7532,0x866B,0x3046,
  0x3064,0x304F,0x3057,0x3044,0x3053,0x3046,0x3061,0x3085,0x3046,0x3046,0x3064,0x304F,0x3057,0x3044,0x3053,0x3046,0x3061,0x3085,0x3046,0x3058,0x3085,0x3082,0x3093,0x3092,
  0x3068,0x306A,0x3048,0x308B,0x546A,0x6587,0x3092,0x5531,0x3048,0x308B,0x3058,0x3085,0x3082,0x3093,0x3092,0x3068,0x306A,0x3048,0x308B,0x3058,0x3085,0x3082,0x3093,0x3092,
  0x3068,0x306A,0x3048,0x308B,0x307D,0x3093,0x3077,0x3067,0x81A8,0x3089,0x307E,0x305B,0x308B,0x7A7A,0x6C17,0x3092,0x9001,0x308B,0x30DD,0x30F3,0x30D7,0x3067,0x81A8,0x3089,
  0x307E,0x305B,0x308B,0x30DD,0x30F3,0x30D7,0x3067,0x81A8,0x3089,0x307E,0x305B,0x308B,0x7F8E,0x3057,0x3044,0x771F,0x936E,0x306E,0x98FE,0x308A,0x7389,0x7F8E,0x3057,0x3044,
  0x771F,0x936E,0x306E,0x98FE,0x308A,0x7389,0x7F8E,0x3057,0x3044,0x771F,0x936E,0x306E,0x98FE,0x308A,0x7389,0x7F8E,0x3057,0x3044,0x771F,0x936E,0x306E,0x98FE,0x308A,0x7389,
  0x71C3,0x3048,0x5C3D,0x304D,0x305F,0x3089,0x3093,0x305F,0x3093,0x71C3,0x3048,0x5C3D,0x304D,0x305F,0x30E9,0x30F3,0x30BF,0x30F3,0x71C3,0x3048,0x5C3D,0x304D,0x305F,0x30E9,
  0x30F3,0x30BF,0x30F3,0x71C3,0x3048,0x5C3D,0x304D,0x305F,0x30E9,0x30F3,0x30BF,0x30F3,0x5DE8,0x5927,0x306A,0x3060,0x3044,0x3084,0x3082,0x3093,0x3069,0x5DE8,0x5927,0x306A,
  0x30C0,0x30A4,0x30E4,0x30E2,0x30F3,0x30C9,0x5DE8,0x5927,0x306A,0x30C0,0x30A4,0x30E4,0x30E2,0x30F3,0x30C9,0x5DE8,0x5927,0x306A,0x30C0,0x30A4,0x30E4,0x30E2,0x30F3,0x30C9,
  0x5B9D,0x77F3,0x3092,0x3061,0x308A,0x3070,0x3081,0x305F,0x5375,0x5B9D,0x77F3,0x3092,0x3061,0x308A,0x3070,0x3081,0x305F,0x5375,0x5B9D,0x77F3,0x3092,0x3061,0x308A,0x3070,
  0x3081,0x305F,0x5375,0x5B9D,0x77F3,0x3092,0x3061,0x308A,0x3070,0x3081,0x305F,0x5375,0x304B,0x308F,0x306E,0x304D,0x3093,0x304B,0x3076,0x304F,0x308D,0x9769,0x306E,0x91D1,
  0x8CA8,0x888B,0x304B,0x308F,0x306E,0x304D,0x3093,0x304B,0x3076,0x304F,0x308D,0x9769,0x306E,0x91D1,0x8CA8,0x888B,0x306F,0x3063,0x304D,0x3093,0x306E,0x306E,0x3079,0x307C,
  0x3046,0x767D,0x91D1,0x306E,0x5EF6,0x3079,0x68D2,0x306F,0x3063,0x304D,0x3093,0x306E,0x306E,0x3079,0x307C,0x3046,0x767D,0x91D1,0x306E,0x5EF6,0x3079,0x68D2,0x3082,0x3048,
  0x3064,0x304D,0x305F,0x3089,0x3093,0x305F,0x3093,0x71C3,0x3048,0x5C3D,0x304D,0x305F,0x30E9,0x30F3,0x30BF,0x30F3,0x3082,0x3048,0x3064,0x304D,0x305F,0x3089,0x3093,0x305F,
  0x3093,0x71C3,0x3048,0x5C3D,0x304D,0x305F,0x30E9,0x30F3,0x30BF,0x30F3,0x3044,0x3063,0x3064,0x3044,0x306E,0x308D,0x3046,0x305D,0x304F,0x4E00,0x5BFE,0x306E,0x874B,0x71ED,
  0x3044,0x3063,0x3064,0x3044,0x306E,0x308D,0x3046,0x305D,0x304F,0x4E00,0x5BFE,0x306E,0x874B,0x71ED,0x304A,0x304A,0x304D,0x306A,0x3048,0x3081,0x3089,0x308B,0x3069,0x5927,
  0x304D,0x306A,0x30A8,0x30E1,0x30E9,0x30EB,0x30C9,0x304A,0x304A,0x304D,0x306A,0x3048,0x3081,0x3089,0x308B,0x3069,0x5927,0x304D,0x306A,0x30A8,0x30E1,0x30E9,0x30EB,0x30C9,
  0x3057,0x3087,0x3046,0x3081,0x3093,0x306E,0x3068,0x3073,0x3089,0x6B63,0x9762,0x306E,0x6249,0x3057,0x3087,0x3046,0x3081,0x3093,0x306E,0x3068,0x3073,0x3089,0x6B63,0x9762,
  0x306E,0x6249,0x306B,0x3093,0x306B,0x304F,0x306E,0x3044,0x3063,0x307A,0x3093,0x306B,0x3093,0x306B,0x304F,0x306E,0x4E00,0x7247,0x306B,0x3093,0x306B,0x304F,0x306E,0x3044,
  0x3063,0x307A,0x3093,0x306B,0x3093,0x306B,0x304F,0x306E,0x4E00,0x7247,0x3073,0x306B,0x30FC,0x308B,0x306E,0x304B,0x305F,0x307E,0x308A,0x30D3,0x30CB,0x30FC,0x30EB,0x306E,
  0x584A,0x3073,0x306B,0x30FC,0x308B,0x306E,0x304B,0x305F,0x307E,0x308A,0x30D3,0x30CB,0x30FC,0x30EB,0x306E,0x584A,0x3066,0x304A,0x3057,0x306E,0x304F,0x3046,0x304D,0x3044,
  0x308C,0x624B,0x62BC,0x3057,0x306E,0x7A7A,0x6C17,0x5165,0x308C,0x3066,0x304A,0x3057,0x306E,0x304F,0x3046,0x304D,0x3044,0x308C,0x624B,0x62BC,0x3057,0x306E,0x7A7A,0x6C17,
  0x5165,0x308C,0x3059,0x3044,0x3057,0x3087,0x3046,0x306E,0x3069,0x304F,0x308D,0x6C34,0x6676,0x306E,0x9AD1,0x9ACF,0x3059,0x3044,0x3057,0x3087,0x3046,0x306E,0x3069,0x304F,
  0x308D,0x6C34,0x6676,0x306E,0x9AD1,0x9ACF,0x3072,0x3068,0x3064,0x3081,0x306E,0x304B,0x3044,0x3076,0x3064,0x30B5,0x30A4,0x30AF,0x30ED,0x30D7,0x30B9,0x3072,0x3068,0x3064,
  0x3081,0x306E,0x304B,0x3044,0x3076,0x3064,0x4E00,0x3064,0x76EE,0x306E,0x602A,0x7269,0x304D,0x3085,0x3046,0x3051,0x3064,0x3053,0x3046,0x3082,0x308A,0x8759,0x8760,0x304D,
  0x3085,0x3046,0x3051,0x3064,0x3053,0x3046,0x3082,0x308A,0x5438,0x8840,0x8759,0x8760,0x3044,0x306E,0x308A,0x3092,0x3055,0x3055,0x3052,0x308B,0x7948,0x308B,0x3044,0x306E,
  0x308A,0x3092,0x3055,0x3055,0x3052,0x308B,0x3044,0x306E,0x308A,0x3092,0x3055,0x3055,0x3052,0x308B,0x3057,0x3085,0x3046,0x308A,0x3087,0x3046,0x3059,0x308B,0x3084,0x3081,
  0x308B,0x3057,0x3085,0x3046,0x308A,0x3087,0x3046,0x3059,0x308B,0x3057,0x3085,0x3046,0x308A,0x3087,0x3046,0x3059,0x308B,0x3055,0x3044,0x3057,0x3087,0x304B,0x3089,0x3084,
  0x308B,0x3084,0x308A,0x76F4,0x3059,0x3055,0x3044,0x3057,0x3087,0x304B,0x3089,0x3084,0x308B,0x3055,0x3044,0x3057,0x3087,0x304B,0x3089,0x3084,0x308B,0x5927,0x304D,0x306A,
  0x3048,0x3081,0x3089,0x308B,0x3069,0x5927,0x304D,0x306A,0x30A8,0x30E1,0x30E9,0x30EB,0x30C9,0x5927,0x304D,0x306A,0x30A8,0x30E1,0x30E9,0x30EB,0x30C9,0x5927,0x304D,0x306A,
  0x30A8,0x30E1,0x30E9,0x30EB,0x30C9,0x8D64,0x71B1,0x3057,0x305F,0x771F,0x936E,0x306E,0x9234,0x8D64,0x71B1,0x3057,0x305F,0x771F,0x936E,0x306E,0x9234,0x8D64,0x71B1,0x3057,
  0x305F,0x771F,0x936E,0x306E,0x9234,0x8D64,0x71B1,0x3057,0x305F,0x771F,0x936E,0x306E,0x9234,0x5ACC,0x306A,0x611F,0x3058,0x306E,0x306A,0x3044,0x3075,0x5ACC,0x306A,0x611F,
  0x3058,0x306E,0x30CA,0x30A4,0x30D5,0x5ACC,0x306A,0x611F,0x3058,0x306E,0x30CA,0x30A4,0x30D5,0x5ACC,0x306A,0x611F,0x3058,0x306E,0x30CA,0x30A4,0x30D5,0x624B,0x62BC,0x3057,
  0x306E,0x7A7A,0x6C17,0x5165,0x308C,0x624B,0x62BC,0x3057,0x306E,0x7A7A,0x6C17,0x5165,0x308C,0x624B,0x62BC,0x3057,0x306E,0x7A7A,0x6C17,0x5165,0x308C,0x624B,0x62BC,0x3057,
  0x306E,0x7A7A,0x6C17,0x5165,0x308C,0x7F8E,0x3057,0x3044,0x5B9D,0x77F3,0x306E,0x7532,0x866B,0x7F8E,0x3057,0x3044,0x5B9D,0x77F3,0x306E,0x7532,0x866B,0x7F8E,0x3057,0x3044,
  0x5B9D,0x77F3,0x306E,0x7532,0x866B,0x7F8E,0x3057,0x3044,0x5B9D,0x77F3,0x306E,0x7532,0x866B,0x3068,0x308D,0x3075,0x3043,0x30FC,0x3051,0x30FC,0x3059,0x30C8,0x30ED,0x30D5,
  0x30A3,0x30FC,0x30B1,0x30FC,0x30B9,0x30C8,0x30ED,0x30D5,0x30A3,0x30FC,0x30B1,0x30FC,0x30B9,0x30C8,0x30ED,0x30D5,0x30A3,0x30FC,0x30B1,0x30FC,0x30B9,0x304B,0x3089,0x304F,
  0x308A,0x304B,0x306A,0x308A,0x3042,0x304B,0x3089,0x304F,0x308A,0x30AB,0x30CA,0x30EA,0x30A2,0x304B,0x3089,0x304F,0x308A,0x30AB,0x30CA,0x30EA,0x30A2,0x304B,0x3089,0x304F,
  0x308A,0x30AB,0x30CA,0x30EA,0x30A2,0x307B,0x3046,0x305B,0x304D,0x306E,0x305F,0x307E,0x3054,0x5B9D,0x77F3,0x306E,0x5375,0x307B,0x3046,0x305B,0x304D,0x306E,0x305F,0x307E,
  0x3054,0x5B9D,0x77F3,0x306E,0x5375,0x3057,0x3093,0x3061,0x3085,0x3046,0x306E,0x3059,0x305A,0x771F,0x936E,0x306E,0x9234,0x3057,0x3093,0x3061,0x3085,0x3046,0x306E,0x3059,
  0x305A,0x771F,0x936E,0x306E,0x9234,0x3053,0x308F,0x308C,0x305F,0x3089,0x3093,0x305F,0x3093,0x58CA,0x308C,0x305F,0x30E9,0x30F3,0x30BF,0x30F3,0x3053,0x308F,0x308C,0x305F,
  0x3089,0x3093,0x305F,0x3093,0x58CA,0x308C,0x305F,0x30E9,0x30F3,0x30BF,0x30F3,0x3061,0x3083,0x3044,0x308D,0x306E,0x307C,0x305F,0x3093,0x8336,0x8272,0x306E,0x30DC,0x30BF,
  0x30F3,0x3061,0x3083,0x3044,0x308D,0x306E,0x307C,0x305F,0x3093,0x8336,0x8272,0x306E,0x30DC,0x30BF,0x30F3,0x304B,0x3053,0x3046,0x304C,0x3093,0x306E,0x304B,0x3079,0x82B1,
  0x5D17,0x5CA9,0x306E,0x58C1,0x304B,0x3053,0x3046,0x304C,0x3093,0x306E,0x304B,0x3079,0x82B1,0x5D17,0x5CA9,0x306E,0x58C1,0x3060,0x3044,0x3069,0x3053,0x308D,0x306E,0x307E,
  0x3069,0x53F0,0x6240,0x306E,0x7A93,0x3060,0x3044,0x3069,0x3053,0x308D,0x306E,0x307E,0x3069,0x53F0,0x6240,0x306E,0x7A93,0x3042,0x306A,0x306E,0x3042,0x3044,0x305F,0x3075,
  0x306D,0x7A74,0x306E,0x7A7A,0x3044,0x305F,0x821F,0x3042,0x306A,0x306E,0x3042,0x3044,0x305F,0x3075,0x306D,0x7A74,0x306E,0x7A7A,0x3044,0x305F,0x821F,0x3061,0x3083,0x3044,
  0x308D,0x306E,0x3075,0x304F,0x308D,0x8336,0x8272,0x306E,0x888B,0x3061,0x3083,0x3044,0x308D,0x306E,0x3075,0x304F,0x308D,0x8336,0x8272,0x306E,0x888B,0x3069,0x3046,0x3050,
  0x3070,0x3053,0x306E,0x3084,0x307E,0x9053,0x5177,0x7BB1,0x306E,0x5C71,0x3069,0x3046,0x3050,0x3070,0x3053,0x306E,0x3084,0x307E,0x9053,0x5177,0x7BB1,0x306E,0x5C71,0x305B,
  0x304D,0x306D,0x3064,0x3057,0x305F,0x3059,0x305A,0x8D64,0x71B1,0x3057,0x305F,0x771F,0x936E,0x306E,0x9234,0x305B,0x304D,0x306D,0x3064,0x3057,0x305F,0x3059,0x305A,0x305B,
  0x304D,0x306D,0x3064,0x3057,0x305F,0x3059,0x305A,0x8A70,0x307E,0x3063,0x305F,0x3068,0x3089,0x3093,0x304F,0x5B9D,0x77F3,0x306E,0x8A70,0x307E,0x3063,0x305F,0x30C8,0x30E9,
  0x30F3,0x30AF,0x8A70,0x307E,0x3063,0x305F,0x30C8,0x30E9,0x30F3,0x30AF,0x8A70,0x307E,0x3063,0x305F,0x30C8,0x30E9,0x30F3,0x30AF,0x3061,0x3083,0x3044,0x308D,0x3044,0x307C,
  0x305F,0x3093,0x8336,0x8272,0x306E,0x30DC,0x30BF,0x30F3,0x3061,0x3083,0x3044,0x308D,0x3044,0x307C,0x305F,0x3093,0x8336,0x8272,0x3044,0x30DC,0x30BF,0x30F3,0x3064,0x307E,
  0x3063,0x305F,0x3068,0x3089,0x3093,0x304F,0x5B9D,0x77F3,0x306E,0x8A70,0x307E,0x3063,0x305F,0x30C8,0x30E9,0x30F3,0x30AF,0x3064,0x307E,0x3063,0x305F,0x3068,0x3089,0x3093,
  0x304F,0x8A70,0x307E,0x3063,0x305F,0x30C8,0x30E9,0x30F3,0x30AF,0x3054,0x3057,0x3063,0x304F,0x306E,0x3068,0x3073,0x3089,0x6728,0x306E,0x6249,0x3054,0x3057,0x3063,0x304F,
  0x306E,0x3068,0x3073,0x3089,0x30B4,0x30B7,0x30C3,0x30AF,0x306E,0x6249,0x3042,0x304F,0x305F,0x3044,0x3092,0x3064,0x304F,0x7F75,0x308B,0x3042,0x304F,0x305F,0x3044,0x3092,
  0x3064,0x304F,0x3042,0x304F,0x305F,0x3044,0x3092,0x3064,0x304F,0x307E,0x307B,0x3046,0x3092,0x304B,0x3051,0x308B,0x9B54,0x6CD5,0x3092,0x304B,0x3051,0x308B,0x307E,0x307B,
  0x3046,0x3092,0x304B,0x3051,0x308B,0x307E,0x307B,0x3046,0x3092,0x304B,0x3051,0x308B,0x304F,0x3046,0x304D,0x3092,0x3044,0x308C,0x308B,0x81A8,0x3089,0x307E,0x305B,0x308B,
  0x304F,0x3046,0x304D,0x3092,0x3044,0x308C,0x308B,0x304F,0x3046,0x304D,0x3092,0x3044,0x308C,0x308B,0x3082,0x3061,0x3082,0x306E,0x3092,0x307F,0x308B,0x6301,0x3061,0x7269,
  0x3082,0x3061,0x3082,0x306E,0x3092,0x307F,0x308B,0x3082,0x3061,0x3082,0x306E,0x3092,0x307F,0x308B,0x3057,0x3093,0x3059,0x3044,0x3055,0x305B,0x308B,0x6F15,0x304E,0x51FA,
  0x3059,0x3057,0x3093,0x3059,0x3044,0x3055,0x305B,0x308B,0x3057,0x3093,0x3059,0x3044,0x3055,0x305B,0x308B,0x3058,0x3087,0x3046,0x3092,0x304B,0x3051,0x308B,0x9375,0x3092,
  0x304B,0x3051,0x308B,0x3058,0x3087,0x3046,0x3092,0x304B,0x3051,0x308B,0x3058,0x3087,0x3046,0x3092,0x304B,0x3051,0x308B,0x304A,0x3067,0x3085,0x3063,0x305B,0x3046,0x3059,
  0x30AA,0x30C7,0x30E5,0x30C3,0x30BB,0x30A6,0x30B9,0x30AA,0x30C7,0x30E5,0x30C3,0x30BB,0x30A6,0x30B9,0x30AA,0x30C7,0x30E5,0x30C3,0x30BB,0x30A6,0x30B9,0x304A,0x3067,0x3043,
  0x3063,0x305B,0x3046,0x3059,0x30AA,0x30C7,0x30E5,0x30C3,0x30BB,0x30A6,0x30B9,0x30AA,0x30C7,0x30A3,0x30C3,0x30BB,0x30A6,0x30B9,0x30AA,0x30C7,0x30A3,0x30C3,0x30BB,0x30A6,
  0x30B9,0x304A,0x3067,0x3085,0x3063,0x305B,0x3044,0x3042,0x30AA,0x30C7,0x30E5,0x30C3,0x30BB,0x30A6,0x30B9,0x30AA,0x30C7,0x30E5,0x30C3,0x30BB,0x30A4,0x30A2,0x30AA,0x30C7,
  0x30E5,0x30C3,0x30BB,0x30A4,0x30A2,0x304A,0x3067,0x3043,0x3063,0x305B,0x3044,0x3042,0x30AA,0x30C7,0x30E5,0x30C3,0x30BB,0x30A6,0x30B9,0x30AA,0x30C7,0x30A3,0x30C3,0x30BB,
  0x30A4,0x30A2,0x30AA,0x30C7,0x30A3,0x30C3,0x30BB,0x30A4,0x30A2,0x304B,0x3044,0x3058,0x3087,0x3046,0x3059,0x308B,0x3053,0x3058,0x958B,0x3051,0x308B,0x304B,0x3044,0x3058,
  0x3087,0x3046,0x3059,0x308B,0x304B,0x3044,0x3058,0x3087,0x3046,0x3059,0x308B,0x304F,0x3046,0x304D,0x3092,0x304A,0x304F,0x308B,0x7A7A,0x6C17,0x3092,0x9001,0x308B,0x304F,
  0x3046,0x304D,0x3092,0x304A,0x304F,0x308B,0x304F,0x3046,0x304D,0x3092,0x304A,0x304F,0x308B,0x3052,0x30FC,0x3080,0x3092,0x3084,0x3081,0x308B,0x3084,0x3081,0x308B,0x30B2,
  0x30FC,0x30E0,0x3092,0x3084,0x3081,0x308B,0x30B2,0x30FC,0x30E0,0x3092,0x3084,0x3081,0x308B,0x3052,0x30FC,0x3080,0x3092,0x3084,0x3081,0x308B,0x3084,0x3081,0x308B,0x3052,
  0x30FC,0x3080,0x3092,0x3084,0x3081,0x308B,0x3052,0x30FC,0x3080,0x3092,0x3084,0x3081,0x308B,0x304F,0x3044,0x3042,0x3089,0x305F,0x3081,0x308B,0x6094,0x3044,0x6539,0x3081,
  0x308B,0x304F,0x3044,0x3042,0x3089,0x305F,0x3081,0x308B,0x304F,0x3044,0x3042,0x3089,0x305F,0x3081,0x308B,0x304B,0x3044,0x3066,0x3093,0x3055,0x305B,0x308B,0x56DE,0x8EE2,
  0x3055,0x305B,0x308B,0x304B,0x3044,0x3066,0x3093,0x3055,0x305B,0x308B,0x304B,0x3044,0x3066,0x3093,0x3055,0x305B,0x308B,0x3054,0x304F,0x304B,0x3093,0x3051,0x3064,0x306B,
  0x3054,0x304F,0x7C21,0x6F54,0x306B,0x3054,0x304F,0x304B,0x3093,0x3051,0x3064,0x306B,0x3054,0x304F,0x304B,0x3093,0x3051,0x3064,0x306B,0x3061,0x3087,0x3046,0x304B,0x3093,
  0x3051,0x3064,0x3054,0x304F,0x7C21,0x6F54,0x306B,0x3061,0x3087,0x3046,0x304B,0x3093,0x3051,0x3064,0x3061,0x3087,0x3046,0x304B,0x3093,0x3051,0x3064,0x3058,0x3087,0x3046,
  0x3092,0x3042,0x3051,0x308B,0x9375,0x3092,0x958B,0x3051,0x308B,0x3058,0x3087,0x3046,0x3092,0x3042,0x3051,0x308B,0x3058,0x3087,0x3046,0x3092,0x3042,0x3051,0x308B,0x3058,
  0x3087,0x3046,0x3092,0x306F,0x305A,0x3059,0x9375,0x3092,0x958B,0x3051,0x308B,0x3058,0x3087,0x3046,0x3092,0x306F,0x305A,0x3059,0x3058,0x3087,0x3046,0x3092,0x306F,0x305A,
  0x3059,0x304B,0x3044,0x3058,0x3087,0x3046,0x3059,0x308B,0x9375,0x3092,0x958B,0x3051,0x308B,0x304B,0x3044,0x3058,0x3087,0x3046,0x3059,0x308B,0x304B,0x3044,0x3058,0x3087,
  0x3046,0x3059,0x308B,0x305C,0x3093,0x307E,0x3044,0x3092,0x5DFB,0x304F,0x5DFB,0x304F,0x305C,0x3093,0x307E,0x3044,0x3092,0x5DFB,0x304F,0x305C,0x3093,0x307E,0x3044,0x3092,
  0x5DFB,0x304F,0x305C,0x3093,0x307E,0x3044,0x3092,0x307E,0x304F,0x5DFB,0x304F,0x305C,0x3093,0x307E,0x3044,0x3092,0x307E,0x304F,0x305C,0x3093,0x307E,0x3044,0x3092,0x307E,
  0x304F,0x677F,0x3067,0x585E,0x304C,0x308C,0x305F,0x7A93,0x677F,0x3067,0x585E,0x304C,0x308C,0x305F,0x7A93,0x677F,0x3067,0x585E,0x304C,0x308C,0x305F,0x7A93,0x677F,0x3067,
  0x585E,0x304C,0x308C,0x305F,0x7A93,0x58CA,0x308C,0x305F,0x5B9D,0x77F3,0x306E,0x5375,0x58CA,0x308C,0x305F,0x5B9D,0x77F3,0x306E,0x5375,0x58CA,0x308C,0x305F,0x5B9D,0x77F3,
  0x306E,0x5375,0x58CA,0x308C,0x305F,0x5B9D,0x77F3,0x306E,0x5375,0x58CA,0x308C,0x305F,0x3089,0x3093,0x305F,0x3093,0x58CA,0x308C,0x305F,0x30E9,0x30F3,0x30BF,0x30F3,0x58CA,
  0x308C,0x305F,0x30E9,0x30F3,0x30BF,0x30F3,0x58CA,0x308C,0x305F,0x30E9,0x30F3,0x30BF,0x30F3,0x5C0F,0x3055,0x306A,0x77F3,0x70AD,0x306E,0x5C71,0x5C0F,0x3055,0x306A,0x77F3,
  0x70AD,0x306E,0x5C71,0x5C0F,0x3055,0x306A,0x77F3,0x70AD,0x306E,0x5C71,0x5C0F,0x3055,0x306A,0x77F3,0x70AD,0x306E,0x5C71,0x306B,0x3093,0x306B,0x304F,0x306E,0x4E00,0x7247,
  0x306B,0x3093,0x306B,0x304F,0x306E,0x4E00,0x7247,0x306B,0x3093,0x306B,0x304F,0x306E,0x4E00,0x7247,0x306B,0x3093,0x306B,0x304F,0x306E,0x4E00,0x7247,0x771F,0x936E,0x306E,
  0x3089,0x3093,0x305F,0x3093,0x771F,0x936E,0x306E,0x30E9,0x30F3,0x30BF,0x30F3,0x771F,0x936E,0x306E,0x30E9,0x30F3,0x30BF,0x30F3,0x771F,0x936E,0x306E,0x30E9,0x30F3,0x30BF,
  0x30F3,0x7C98,0x308A,0x306E,0x3042,0x308B,0x7269,0x8CEA,0x7C98,0x308A,0x306E,0x3042,0x308B,0x7269,0x8CEA,0x7C98,0x308A,0x306E,0x3042,0x308B,0x7269,0x8CEA,0x7C98,0x308A,
  0x306E,0x3042,0x308B,0x7269,0x8CEA,0x3046,0x3064,0x3063,0x305F,0x3059,0x304C,0x305F,0x6620,0x3063,0x305F,0x59FF,0x3046,0x3064,0x3063,0x305F,0x3059,0x304C,0x305F,0x6620,
  0x3063,0x305F,0x59FF,0x3061,0x304B,0x3081,0x3044,0x304D,0x3085,0x3046,0x5730,0x4E0B,0x8FF7,0x5BAE,0x3061,0x304B,0x3081,0x3044,0x304D,0x3085,0x3046,0x5730,0x4E0B,0x8FF7,
  0x5BAE,0x3055,0x3093,0x305F,0x304F,0x308D,0x30FC,0x3059,0x30B5,0x30F3,0x30BF,0x30AF,0x30ED,0x30FC,0x30B9,0x30B5,0x30F3,0x30BF,0x30AF,0x30ED,0x30FC,0x30B9,0x30B5,0x30F3,
  0x30BF,0x30AF,0x30ED,0x30FC,0x30B9,0x3055,0x3093,0x305F,0x304F,0x308D,0x30FC,0x3059,0x30B5,0x30F3,0x30BF,0x30AF,0x30ED,0x30FC,0x30B9,0x3055,0x3093,0x305F,0x304F,0x308D,
  0x30FC,0x3059,0x30B5,0x30F3,0x30BF,0x30AF,0x30ED,0x30FC,0x30B9,0x3042,0x3068,0x3089,0x3093,0x3066,0x3043,0x3059,0x30A2,0x30C8,0x30E9,0x30F3,0x30C6,0x30A3,0x30B9,0x30A2,
  0x30C8,0x30E9,0x30F3,0x30C6,0x30A3,0x30B9,0x30A2,0x30C8,0x30E9,0x30F3,0x30C6,0x30A3,0x30B9,0x3042,0x3068,0x3089,0x3093,0x3066,0x3043,0x3059,0x30A2,0x30C8,0x30E9,0x30F3,
  0x30C6,0x30A3,0x30B9,0x3042,0x3068,0x3089,0x3093,0x3066,0x3043,0x3059,0x30A2,0x30C8,0x30E9,0x30F3,0x30C6,0x30A3,0x30B9,0x3061,0x3083,0x304F,0x308A,0x304F,0x3059,0x308B,
  0x3061,0x3083,0x304F,0x308A,0x304F,0x3059,0x308B,0x3061,0x3083,0x304F,0x308A,0x304F,0x3059,0x308B,0x3061,0x3083,0x304F,0x308A,0x304F,0x3059,0x308B,0x3058,0x3087,0x3046,
  0x308A,0x304F,0x3059,0x308B,0x3058,0x3087,0x3046,0x308A,0x304F,0x3059,0x308B,0x3058,0x3087,0x3046,0x308A,0x304F,0x3059,0x308B,0x3058,0x3087,0x3046,0x308A,0x304F,0x3059,
  0x308B,0x3061,0x3083,0x304F,0x304C,0x3093,0x3059,0x308B,0x3061,0x3083,0x304F,0x304C,0x3093,0x3059,0x308B,0x3061,0x3083,0x304F,0x304C,0x3093,0x3059,0x308B,0x3061,0x3083,
  0x304F,0x304C,0x3093,0x3059,0x308B,0x3061,0x306E,0x3064,0x3044,0x305F,0x304A,0x306E,0x8840,0x306E,0x3064,0x3044,0x305F,0x65A7,0x3061,0x306E,0x3064,0x3044,0x305F,0x304A,
  0x306E,0x8840,0x306E,0x3064,0x3044,0x305F,0x65A7,0x304F,0x308D,0x3044,0x3057,0x3087,0x3082,0x3064,0x9ED2,0x3044,0x66F8,0x7269,0x304F,0x308D,0x3044,0x3057,0x3087,0x3082,
  0x3064,0x9ED2,0x3044,0x66F8,0x7269,0x3042,0x304B,0x3044,0x3075,0x3072,0x3087,0x3046,0x8D64,0x3044,0x6D6E,0x6A19,0x3042,0x304B,0x3044,0x3075,0x3072,0x3087,0x3046,0x8D64,
  0x3044,0x6D6E,0x6A19,0x307C,0x3046,0x308C,0x3044,0x306E,0x3080,0x308C,0x4EA1,0x970A,0x306E,0x7FA4,0x308C,0x307C,0x3046,0x308C,0x3044,0x306E,0x3080,0x308C,0x4EA1,0x970A,
  0x306E,0x7FA4,0x308C,0x304A,0x304A,0x304D,0x306A,0x3075,0x304F,0x308D,0x5927,0x304D,0x306A,0x888B,0x304A,0x304A,0x304D,0x306A,0x3075,0x304F,0x308D,0x5927,0x304D,0x306A,
  0x888B,0x3044,0x306E,0x308A,0x306E,0x3053,0x3068,0x3070,0x7948,0x308A,0x306E,0x8A00,0x8449,0x3044,0x306E,0x308A,0x306E,0x3053,0x3068,0x3070,0x7948,0x308A,0x306E,0x8A00,
  0x8449,0x304A,0x308C,0x305F,0x3053,0x3046,0x307C,0x304F,0x6298,0x308C,0x305F,0x5751,0x6728,0x304A,0x308C,0x305F,0x3053,0x3046,0x307C,0x304F,0x6298,0x308C,0x305F,0x5751,
  0x6728,0x3057,0x3085,0x3046,0x3044,0x306E,0x304B,0x3079,0x5468,0x56F2,0x306E,0x58C1,0x3057,0x3085,0x3046,0x3044,0x306E,0x304B,0x3079,0x5468,0x56F2,0x306E,0x58C1,0x3044,
  0x304F,0x3089,0x304B,0x306E,0x307F,0x305A,0x3044,0x304F,0x3089,0x304B,0x306E,0x6C34,0x3044,0x304F,0x3089,0x304B,0x306E,0x307F,0x305A,0x3044,0x304F,0x3089,0x304B,0x306E,
  0x6C34,0x304D,0x3044,0x308D,0x306E,0x307C,0x305F,0x3093,0x9EC4,0x8272,0x306E,0x30DC,0x30BF,0x30F3,0x304D,0x3044,0x308D,0x306E,0x307C,0x305F,0x3093,0x9EC4,0x8272,0x306E,
  0x30DC,0x30BF,0x30F3,0x3053,0x308F,0x308C,0x305F,0x305F,0x307E,0x3054,0x58CA,0x308C,0x305F,0x5B9D,0x77F3,0x306E,0x5375,0x3053,0x308F,0x308C,0x305F,0x305F,0x307E,0x3054,
  0x3053,0x308F,0x308C,0x305F,0x305F,0x307E,0x3054,0x3068,0x308D,0x3075,0x3043,0x30FC,0x3070,0x3053,0x30C8,0x30ED,0x30D5,0x30A3,0x30FC,0x30B1,0x30FC,0x30B9,0x3068,0x308D,
  0x3075,0x3043,0x30FC,0x3070,0x3053,0x30C8,0x30ED,0x30D5,0x30A3,0x30FC,0x7BB1,0x304E,0x3093,0x306E,0x3055,0x304B,0x305A,0x304D,0x8056,0x676F,0x304E,0x3093,0x306E,0x3055,
  0x304B,0x305A,0x304D,0x9280,0x306E,0x676F,0x305B,0x304D,0x305F,0x3093,0x306E,0x3084,0x307E,0x5C0F,0x3055,0x306A,0x77F3,0x70AD,0x306E,0x5C71,0x305B,0x304D,0x305F,0x3093,
  0x306E,0x3084,0x307E,0x77F3,0x70AD,0x306E,0x5C71,0x304B,0x3093,0x3058,0x306E,0x306A,0x3044,0x3075,0x5ACC,0x306A,0x611F,0x3058,0x306E,0x30CA,0x30A4,0x30D5,0x304B,0x3093,
  0x3058,0x306E,0x306A,0x3044,0x3075,0x611F,0x3058,0x306E,0x30CA,0x30A4,0x30D5,0x304D,0x3044,0x308D,0x3044,0x307C,0x305F,0x3093,0x9EC4,0x8272,0x306E,0x30DC,0x30BF,0x30F3,
  0x304D,0x3044,0x308D,0x3044,0x307C,0x305F,0x3093,0x9EC4,0x8272,0x3044,0x30DC,0x30BF,0x30F3,0x307B,0x3046,0x305B,0x304D,0x306E,0x306F,0x3053,0x5B9D,0x77F3,0x306E,0x8A70,
  0x307E,0x3063,0x305F,0x30C8,0x30E9,0x30F3,0x30AF,0x307B,0x3046,0x305B,0x304D,0x306E,0x306F,0x3053,0x5B9D,0x77F3,0x306E,0x7BB1,0x3059,0x3051,0x308B,0x3068,0x3093,0x304D,
  0x30FC,0x5408,0x9375,0x30B9,0x30B1,0x30EB,0x30C8,0x30F3,0x30AD,0x30FC,0x30B9,0x30B1,0x30EB,0x30C8,0x30F3,0x30AD,0x30FC,0x3055,0x3069,0x3046,0x3055,0x305B,0x308B,0x4F5C,
  0x52D5,0x3055,0x305B,0x308B,0x3055,0x3069,0x3046,0x3055,0x305B,0x308B,0x3055,0x3069,0x3046,0x3055,0x305B,0x308B,0x3053,0x3046,0x3052,0x304D,0x3059,0x308B,0x653B,0x6483,
  0x3059,0x308B,0x3053,0x3046,0x3052,0x304D,0x3059,0x308B,0x3053,0x3046,0x3052,0x304D,0x3059,0x308B,0x304D,0x308C,0x3044,0x306B,0x3059,0x308B,0x78E8,0x304F,0x304D,0x308C,
  0x3044,0x306B,0x3059,0x308B,0x304D,0x308C,0x3044,0x306B,0x3059,0x308B,0x304F,0x3046,0x304D,0x3092,0x306C,0x304F,0x3057,0x307C,0x307E,0x305B,0x308B,0x304F,0x3046,0x304D,
  0x3092,0x306C,0x304F,0x304F,0x3046,0x304D,0x3092,0x306C,0x304F,0x307E,0x307B,0x3046,0x3092,0x3068,0x304F,0x9B54,0x6CD5,0x3092,0x89E3,0x304F,0x307E,0x307B,0x3046,0x3092,
  0x3068,0x304F,0x307E,0x307B,0x3046,0x3092,0x3068,0x304F,0x9B54,0x6CD5,0x3092,0x304B,0x3051,0x308B,0x9B54,0x6CD5,0x3092,0x304B,0x3051,0x308B,0x9B54,0x6CD5,0x3092,0x304B,
  0x3051,0x308B,0x9B54,0x6CD5,0x3092,0x304B,0x3051,0x308B,0x304B,0x3093,0x3055,0x3064,0x3059,0x308B,0x8ABF,0x3079,0x308B,0x304B,0x3093,0x3055,0x3064,0x3059,0x308B,0x304B,
  0x3093,0x3055,0x3064,0x3059,0x308B,0x546A,0x6587,0x3092,0x5531,0x3048,0x308B,0x546A,0x6587,0x3092,0x5531,0x3048,0x308B,0x546A,0x6587,0x3092,0x5531,0x3048,0x308B,0x546A,
  0x6587,0x3092,0x5531,0x3048,0x308B,0x3075,0x304F,0x3089,0x307E,0x305B,0x308B,0x81A8,0x3089,0x307E,0x305B,0x308B,0x3075,0x304F,0x3089,0x307E,0x305B,0x308B,0x3075,0x304F,
  0x3089,0x307E,0x305B,0x308B,0x7A7A,0x6C17,0x3092,0x5165,0x308C,0x308B,0x81A8,0x3089,0x307E,0x305B,0x308B,0x7A7A,0x6C17,0x3092,0x5165,0x308C,0x308B,0x7A7A,0x6C17,0x3092,
  0x5165,0x308C,0x308B,0x6301,0x3061,0x7269,0x3092,0x898B,0x308B,0x6301,0x3061,0x7269,0x6301,0x3061,0x7269,0x3092,0x898B,0x308B,0x6301,0x3061,0x7269,0x3092,0x898B,0x308B,
  0x304F,0x3061,0x3065,0x3051,0x3059,0x308B,0x30AD,0x30B9,0x3059,0x308B,0x304F,0x3061,0x3065,0x3051,0x3059,0x308B,0x304F,0x3061,0x3065,0x3051,0x3059,0x308B,0x307F,0x307F,
  0x3092,0x3059,0x307E,0x3059,0x805E,0x304F,0x307F,0x307F,0x3092,0x3059,0x307E,0x3059,0x307F,0x307F,0x3092,0x3059,0x307E,0x3059,0x304B,0x304E,0x3092,0x304B,0x3051,0x308B,
  0x9375,0x3092,0x304B,0x3051,0x308B,0x304B,0x304E,0x3092,0x304B,0x3051,0x308B,0x304B,0x304E,0x3092,0x304B,0x3051,0x308B,0x305B,0x3058,0x3087,0x3046,0x3059,0x308B,0x9375,
  0x3092,0x304B,0x3051,0x308B,0x305B,0x3058,0x3087,0x3046,0x3059,0x308B,0x305B,0x3058,0x3087,0x3046,0x3059,0x308B,0x3042,0x305F,0x308A,0x3092,0x898B,0x308B,0x898B,0x308B,
  0x3042,0x305F,0x308A,0x3092,0x898B,0x308B,0x3042,0x305F,0x308A,0x3092,0x898B,0x308B,0x3042,0x305F,0x308A,0x3092,0x307F,0x308B,0x898B,0x308B,0x3042,0x305F,0x308A,0x3092,
  0x307F,0x308B,0x3042,0x305F,0x308A,0x3092,0x307F,0x308B,0x3042,0x3076,0x3089,0x3092,0x3055,0x3059,0x6CB9,0x3092,0x5DEE,0x3059,0x3042,0x3076,0x3089,0x3092,0x3055,0x3059,
  0x3042,0x3076,0x3089,0x3092,0x3055,0x3059,0x3076,0x3064,0x3076,0x3064,0x8A00,0x3046,0x3064,0x3076,0x3084,0x304F,0x3076,0x3064,0x3076,0x3064,0x8A00,0x3046,0x3076,0x3064,
  0x3076,0x3064,0x8A00,0x3046,0x3076,0x3064,0x3076,0x3064,0x3044,0x3046,0x3064,0x3076,0x3084,0x304F,0x3076,0x3064,0x3076,0x3064,0x3044,0x3046,0x3076,0x3064,0x3076,0x3064,
  0x3044,0x3046,0x304A,0x3067,0x3085,0x305B,0x3046,0x3059,0x30AA,0x30C7,0x30E5,0x30C3,0x30BB,0x30A6,0x30B9,0x30AA,0x30C7,0x30E5,0x30BB,0x30A6,0x30B9,0x30AA,0x30C7,0x30E5,
  0x30BB,0x30A6,0x30B9,0x304A,0x3067,0x3063,0x305B,0x3046,0x3059,0x30AA,0x30C7,0x30E5,0x30C3,0x30BB,0x30A6,0x30B9,0x30AA,0x30C7,0x30C3,0x30BB,0x30A6,0x30B9,0x30AA,0x30C7,
  0x30C3,0x30BB,0x30A6,0x30B9,0x304A,0x3067,0x3043,0x305B,0x3046,0x3059,0x30AA,0x30C7,0x30E5,0x30C3,0x30BB,0x30A6,0x30B9,0x30AA,0x30C7,0x30A3,0x30BB,0x30A6,0x30B9,0x30AA,
  0x30C7,0x30A3,0x30BB,0x30A6,0x30B9,0x304A,0x3067,0x3085,0x3063,0x305B,0x3044,0x30AA,0x30C7,0x30E5,0x30C3,0x30BB,0x30A6,0x30B9,0x30AA,0x30C7,0x30E5,0x30C3,0x30BB,0x30A4,
  0x30AA,0x30C7,0x30E5,0x30C3,0x30BB,0x30A4,0x304A,0x3067,0x3085,0x305B,0x3044,0x3042,0x30AA,0x30C7,0x30E5,0x30C3,0x30BB,0x30A6,0x30B9,0x30AA,0x30C7,0x30E5,0x30BB,0x30A4,
  0x30A2,0x30AA,0x30C7,0x30E5,0x30BB,0x30A4,0x30A2,0x304A,0x3067,0x3063,0x305B,0x3044,0x3042,0x30AA,0x30C7,0x30E5,0x30C3,0x30BB,0x30A6,0x30B9,0x30AA,0x30C7,0x30C3,0x30BB,
  0x30A4,0x30A2,0x30AA,0x30C7,0x30C3,0x30BB,0x30A4,0x30A2,0x3086,0x308A,0x3063,0x3057,0x30FC,0x305A,0x30AA,0x30C7,0x30E5,0x30C3,0x30BB,0x30A6,0x30B9,0x30E6,0x30EA,0x30C3,
  0x30B7,0x30FC,0x30BA,0x30E6,0x30EA,0x30C3,0x30B7,0x30FC,0x30BA,0x3048,0x3093,0x305D,0x3046,0x3059,0x308B,0x6F14,0x594F,0x3059,0x308B,0x3048,0x3093,0x305D,0x3046,0x3059,
  0x308B,0x3048,0x3093,0x305D,0x3046,0x3059,0x308B,0x7948,0x308A,0x3092,0x6367,0x3052,0x308B,0x7948,0x308B,0x7948,0x308A,0x3092,0x6367,0x3052,0x308B,0x7948,0x308A,0x3092,
  0x6367,0x3052,0x308B,0x3042,0x306A,0x3092,0x3042,0x3051,0x308B,0x7A74,0x3092,0x958B,0x3051,0x308B,0x3042,0x306A,0x3092,0x3042,0x3051,0x308B,0x3042,0x306A,0x3092,0x3042,
  0x3051,0x308B,0x3057,0x3085,0x3046,0x308A,0x3087,0x3046,0x3084,0x3081,0x308B,0x3057,0x3085,0x3046,0x308A,0x3087,0x3046,0x3057,0x3085,0x3046,0x308A,0x3087,0x3046,0x7D42,
  0x308F,0x308A,0x306B,0x3059,0x308B,0x3084,0x3081,0x308B,0x7D42,0x308F,0x308A,0x306B,0x3059,0x308B,0x7D42,0x308F,0x308A,0x306B,0x3059,0x308B,0x304A,0x308F,0x308A,0x306B,
  0x3059,0x308B,0x3084,0x3081,0x308B,0x304A,0x308F,0x308A,0x306B,0x3059,0x308B,0x304A,0x308F,0x308A,0x306B,0x3059,0x308B,0x3055,0x3044,0x3057,0x3087,0x304B,0x3089,0x3084,
  0x308A,0x76F4,0x3059,0x3055,0x3044,0x3057,0x3087,0x304B,0x3089,0x3055,0x3044,0x3057,0x3087,0x304B,0x3089,0x6700,0x521D,0x304B,0x3089,0x3084,0x308B,0x3084,0x308A,0x76F4,
  0x3059,0x6700,0x521D,0x304B,0x3089,0x3084,0x308B,0x6700,0x521D,0x304B,0x3089,0x3084,0x308B,0x3055,0x3044,0x304B,0x3044,0x3059,0x308B,0x518D,0x958B,0x3059,0x308B,0x3055,
  0x3044,0x304B,0x3044,0x3059,0x308B,0x3055,0x3044,0x304B,0x3044,0x3059,0x308B,0x306A,0x304B,0x3092,0x3055,0x3050,0x308B,0x63A2,0x3059,0x306A,0x304B,0x3092,0x3055,0x3050,
  0x308B,0x306A,0x304B,0x3092,0x3055,0x3050,0x308B,0x3057,0x3089,0x3079,0x307E,0x308F,0x308B,0x63A2,0x3059,0x3057,0x3089,0x3079,0x307E,0x308F,0x308B,0x3057,0x3089,0x3079,
  0x307E,0x308F,0x308B,0x3059,0x304D,0x3063,0x3077,0x3059,0x308B,0x30B9,0x30AD,0x30C3,0x30D7,0x3059,0x308B,0x30B9,0x30AD,0x30C3,0x30D7,0x3059,0x308B,0x30B9,0x30AD,0x30C3,
  0x30D7,0x3059,0x308B,0x3059,0x3079,0x308A,0x304A,0x308A,0x308B,0x6ED1,0x308A,0x964D,0x308A,0x308B,0x3059,0x3079,0x308A,0x304A,0x308A,0x308B,0x3059,0x3079,0x308A,0x304A,
  0x308A,0x308B,0x306B,0x304A,0x3044,0x3092,0x304B,0x3050,0x55C5,0x3050,0x306B,0x304A,0x3044,0x3092,0x304B,0x3050,0x306B,0x304A,0x3044,0x3092,0x304B,0x3050,0x306F,0x306A,
  0x3057,0x304B,0x3051,0x308B,0x8A71,0x3057,0x304B,0x3051,0x308B,0x306F,0x306A,0x3057,0x304B,0x3051,0x308B,0x306F,0x306A,0x3057,0x304B,0x3051,0x308B,0x304B,0x304E,0x3092,
  0x3042,0x3051,0x308B,0x9375,0x3092,0x958B,0x3051,0x308B,0x304B,0x304E,0x3092,0x3042,0x3051,0x308B,0x304B,0x304E,0x3092,0x3042,0x3051,0x308B,0x8840,0x306E,0x3064,0x3044,
  0x305F,0x65A7,0x8840,0x306E,0x3064,0x3044,0x305F,0x65A7,0x8840,0x306E,0x3064,0x3044,0x305F,0x65A7,0x8840,0x306E,0x3064,0x3044,0x305F,0x65A7,0x767D,0x91D1,0x306E,0x5EF6,
  0x3079,0x68D2,0x767D,0x91D1,0x306E,0x5EF6,0x3079,0x68D2,0x767D,0x91D1,0x306E,0x5EF6,0x3079,0x68D2,0x767D,0x91D1,0x306E,0x5EF6,0x3079,0x68D2,0x8336,0x8272,0x306E,0x307C,
  0x305F,0x3093,0x8336,0x8272,0x306E,0x30DC,0x30BF,0x30F3,0x8336,0x8272,0x306E,0x30DC,0x30BF,0x30F3,0x8336,0x8272,0x306E,0x30DC,0x30BF,0x30F3,0x3055,0x3044,0x304F,0x308D,
  0x3077,0x3059,0x30B5,0x30A4,0x30AF,0x30ED,0x30D7,0x30B9,0x30B5,0x30A4,0x30AF,0x30ED,0x30D7,0x30B9,0x30B5,0x30A4,0x30AF,0x30ED,0x30D7,0x30B9,0x5F6B,0x523B,0x306E,0x3042,
  0x308B,0x58C1,0x5F6B,0x523B,0x306E,0x3042,0x308B,0x58C1,0x5F6B,0x523B,0x306E,0x3042,0x308B,0x58C1,0x5F6B,0x523B,0x306E,0x3042,0x308B,0x58C1,0x3073,0x306B,0x30FC,0x308B,
  0x306E,0x584A,0x30D3,0x30CB,0x30FC,0x30EB,0x306E,0x584A,0x30D3,0x30CB,0x30FC,0x30EB,0x306E,0x584A,0x30D3,0x30CB,0x30FC,0x30EB,0x306E,0x584A,0x5C0F,0x3055,0x306A,0x90F5,
  0x4FBF,0x7BB1,0x5C0F,0x3055,0x306A,0x90F5,0x4FBF,0x7BB1,0x5C0F,0x3055,0x306A,0x90F5,0x4FBF,0x7BB1,0x5C0F,0x3055,0x306A,0x90F5,0x4FBF,0x7BB1,0x7A74,0x306E,0x7A7A,0x3044,
  0x305F,0x821F,0x7A74,0x306E,0x7A7A,0x3044,0x305F,0x821F,0x7A74,0x306E,0x7A7A,0x3044,0x305F,0x821F,0x7A74,0x306E,0x7A7A,0x3044,0x305F,0x821F,0x9306,0x3073,0x305F,0x306A,
  0x3044,0x3075,0x9306,0x3073,0x305F,0x30CA,0x30A4,0x30D5,0x9306,0x3073,0x305F,0x30CA,0x30A4,0x30D5,0x9306,0x3073,0x305F,0x30CA,0x30A4,0x30D5,0x6C34,0x6676,0x306E,0x4E09,
  0x53C9,0x69CD,0x6C34,0x6676,0x306E,0x4E09,0x53C9,0x69CD,0x6C34,0x6676,0x306E,0x4E09,0x53C9,0x69CD,0x6C34,0x6676,0x306E,0x4E09,0x53C9,0x69CD,0x3044,0x304F,0x3089,0x304B,
  0x306E,0x6C34,0x3044,0x304F,0x3089,0x304B,0x306E,0x6C34,0x3044,0x304F,0x3089,0x304B,0x306E,0x6C34,0x3044,0x304F,0x3089,0x304B,0x306E,0x6C34,0x9EC4,0x8272,0x306E,0x307C,
  0x305F,0x3093,0x9EC4,0x8272,0x306E,0x30DC,0x30BF,0x30F3,0x9EC4,0x8272,0x306E,0x30DC,0x30BF,0x30F3,0x9EC4,0x8272,0x306E,0x30DC,0x30BF,0x30F3,0x305E,0x30FC,0x304F,0x307F,
  0x3063,0x3069,0x30BE,0x30FC,0x30AF,0x30DF,0x30C3,0x30C9,0x30BE,0x30FC,0x30AF,0x30DF,0x30C3,0x30C9,0x30BE,0x30FC,0x30AF,0x30DF,0x30C3,0x30C9,0x3059,0x3044,0x3058,0x3087,
  0x3046,0x304D,0x6C34,0x84B8,0x6C17,0x3059,0x3044,0x3058,0x3087,0x3046,0x304D,0x6C34,0x84B8,0x6C17,0x304B,0x3058,0x3087,0x3046,0x304A,0x3046,0x904E,0x5270,0x738B,0x304B,
  0x3058,0x3087,0x3046,0x304A,0x3046,0x904E,0x5270,0x738B,0x3044,0x3057,0x306E,0x3068,0x3073,0x3089,0x77F3,0x306E,0x6249,0x3044,0x3057,0x306E,0x3068,0x3073,0x3089,0x77F3,
  0x306E,0x6249,0x3042,0x304A,0x3044,0x307C,0x305F,0x3093,0x9752,0x3044,0x30DC,0x30BF,0x30F3,0x3042,0x304A,0x3044,0x307C,0x305F,0x3093,0x9752,0x3044,0x30DC,0x30BF,0x30F3,
  0x3057,0x305F,0x3044,0x306E,0x3084,0x307E,0x6B7B,0x4F53,0x306E,0x5C71,0x3057,0x305F,0x3044,0x306E,0x3084,0x307E,0x6B7B,0x4F53,0x306E,0x5C71,0x307F,0x3069,0x308A,0x306E,
  0x305F,0x307E,0x7DD1,0x306E,0x7403,0x307F,0x3069,0x308A,0x306E,0x305F,0x307E,0x7DD1,0x306E,0x7403,0x304D,0x3093,0x306E,0x3072,0x3064,0x304E,0x91D1,0x306E,0x68FA,0x304D,
  0x3093,0x306E,0x3072,0x3064,0x304E,0x91D1,0x306E,0x68FA,0x305B,0x3044,0x304E,0x3087,0x3070,0x3093,0x5236,0x5FA1,0x76E4,0x305B,0x3044,0x304E,0x3087,0x3070,0x3093,0x5236,
  0x5FA1,0x76E4,0x4E00,0x3064,0x76EE,0x306E,0x602A,0x7269,0x30B5,0x30A4,0x30AF,0x30ED,0x30D7,0x30B9,0x4E00,0x3064,0x76EE,0x306E,0x602A,0x7269,0x4E00,0x3064,0x76EE,0x306E,
  0x602A,0x7269,0x3042,0x3093,0x306A,0x3044,0x3057,0x3087,0x6848,0x5185,0x66F8,0x3042,0x3093,0x306A,0x3044,0x3057,0x3087,0x6848,0x5185,0x66F8,0x307E,0x307B,0x3046,0x306E,
  0x3075,0x306D,0x9B54,0x6CD5,0x306E,0x821F,0x307E,0x307B,0x3046,0x306E,0x3075,0x306D,0x9B54,0x6CD5,0x306E,0x821F,0x3072,0x3059,0x3044,0x306E,0x305E,0x3046,0x7FE1,0x7FE0,
  0x306E,0x50CF,0x3072,0x3059,0x3044,0x306E,0x305E,0x3046,0x7FE1,0x7FE0,0x306E,0x50CF,0x304A,0x3061,0x3070,0x306E,0x3084,0x307E,0x843D,0x3061,0x8449,0x306E,0x5C71,0x304A,
  0x3061,0x3070,0x306E,0x3084,0x307E,0x843D,0x3061,0x8449,0x306E,0x5C71,0x3061,0x3085,0x3046,0x3057,0x3087,0x304F,0x663C,0x98DF,0x3061,0x3085,0x3046,0x3057,0x3087,0x304F,
  0x663C,0x98DF,0x307E,0x3063,0x3061,0x3061,0x3087,0x3046,0x30DE,0x30C3,0x30C1,0x5E33,0x307E,0x3063,0x3061,0x3061,0x3087,0x3046,0x30DE,0x30C3,0x30C1,0x5E33,0x3042,0x304B,
  0x3044,0x307C,0x305F,0x3093,0x8D64,0x3044,0x30DC,0x30BF,0x30F3,0x3042,0x304B,0x3044,0x307C,0x305F,0x3093,0x8D64,0x3044,0x30DC,0x30BF,0x30F3,0x3055,0x3073,0x305F,0x306A,
  0x3044,0x3075,0x9306,0x3073,0x305F,0x30CA,0x30A4,0x30D5,0x3055,0x3073,0x305F,0x306A,0x3044,0x3075,0x9306,0x3073,0x305F,0x30CA,0x30A4,0x30D5,0x3068,0x308D,0x3075,0x3043,
  0x30FC,0x7BB1,0x30C8,0x30ED,0x30D5,0x30A3,0x30FC,0x30B1,0x30FC,0x30B9,0x30C8,0x30ED,0x30D5,0x30A3,0x30FC,0x7BB1,0x30C8,0x30ED,0x30D5,0x30A3,0x30FC,0x7BB1,0x8336,0x8272,
  0x3044,0x307C,0x305F,0x3093,0x8336,0x8272,0x306E,0x30DC,0x30BF,0x30F3,0x8336,0x8272,0x3044,0x30DC,0x30BF,0x30F3,0x8336,0x8272,0x3044,0x30DC,0x30BF,0x30F3,0x3060,0x3044,
  0x3084,0x3082,0x3093,0x3069,0x5DE8,0x5927,0x306A,0x30C0,0x30A4,0x30E4,0x30E2,0x30F3,0x30C9,0x30C0,0x30A4,0x30E4,0x30E2,0x30F3,0x30C9,0x30C0,0x30A4,0x30E4,0x30E2,0x30F3,
  0x30C9,0x611F,0x3058,0x306E,0x306A,0x3044,0x3075,0x5ACC,0x306A,0x611F,0x3058,0x306E,0x30CA,0x30A4,0x30D5,0x611F,0x3058,0x306E,0x30CA,0x30A4,0x30D5,0x611F,0x3058,0x306E,
  0x30CA,0x30A4,0x30D5,0x3054,0x3057,0x3063,0x304F,0x306E,0x6249,0x6728,0x306E,0x6249,0x30B4,0x30B7,0x30C3,0x30AF,0x306E,0x6249,0x30B4,0x30B7,0x30C3,0x30AF,0x306E,0x6249,
  0x9EC4,0x8272,0x3044,0x307C,0x305F,0x3093,0x9EC4,0x8272,0x306E,0x30DC,0x30BF,0x30F3,0x9EC4,0x8272,0x3044,0x30DC,0x30BF,0x30F3,0x9EC4,0x8272,0x3044,0x30DC,0x30BF,0x30F3,
  0x304D,0x3093,0x304B,0x3076,0x304F,0x308D,0x9769,0x306E,0x91D1,0x8CA8,0x888B,0x304D,0x3093,0x304B,0x3076,0x304F,0x308D,0x91D1,0x8CA8,0x888B,0x3042,0x304A,0x306E,0x307C,
  0x305F,0x3093,0x9752,0x3044,0x30DC,0x30BF,0x30F3,0x3042,0x304A,0x306E,0x307C,0x305F,0x3093,0x9752,0x306E,0x30DC,0x30BF,0x30F3,0x3086,0x3046,0x3073,0x3093,0x3070,0x3053,
  0x5C0F,0x3055,0x306A,0x90F5,0x4FBF,0x7BB1,0x3086,0x3046,0x3073,0x3093,0x3070,0x3053,0x90F5,0x4FBF,0x7BB1,0x3042,0x304B,0x306E,0x307C,0x305F,0x3093,0x8D64,0x3044,0x30DC,
  0x30BF,0x30F3,0x3042,0x304B,0x306E,0x307C,0x305F,0x3093,0x8D64,0x306E,0x30DC,0x30BF,0x30F3,0x3048,0x308B,0x3075,0x306E,0x3051,0x3093,0x5263,0x3048,0x308B,0x3075,0x306E,
  0x3051,0x3093,0x30A8,0x30EB,0x30D5,0x306E,0x5263,0x3086,0x304B,0x306E,0x3068,0x3073,0x3089,0x63DA,0x3052,0x6238,0x3086,0x304B,0x306E,0x3068,0x3073,0x3089,0x5E8A,0x306E,
  0x6249,0x304C,0x3044,0x3069,0x3076,0x3063,0x304F,0x6848,0x5185,0x66F8,0x30AC,0x30A4,0x30C9,0x30D6,0x30C3,0x30AF,0x30AC,0x30A4,0x30C9,0x30D6,0x30C3,0x30AF,0x305B,0x3064,
  0x3081,0x3044,0x3057,0x3087,0x005A,0x004F,0x0052,0x004B,0x0020,0x53D6,0x6271,0x8AAC,0x660E,0x66F8,0x305B,0x3064,0x3081,0x3044,0x3057,0x3087,0x8AAC,0x660E,0x66F8,0x307E,
  0x3093,0x306E,0x3046,0x304B,0x304E,0x5408,0x9375,0x307E,0x3093,0x306E,0x3046,0x304B,0x304E,0x4E07,0x80FD,0x9375,0x3058,0x3076,0x3093,0x3058,0x3057,0x3093,0x81EA,0x5206,
  0x3058,0x3076,0x3093,0x3058,0x3057,0x3093,0x81EA,0x5206,0x81EA,0x8EAB,0x3073,0x3058,0x3085,0x3064,0x3072,0x3093,0x7D75,0x753B,0x3073,0x3058,0x3085,0x3064,0x3072,0x3093,
  0x7F8E,0x8853,0x54C1,0x304F,0x3046,0x304D,0x307D,0x3093,0x3077,0x624B,0x62BC,0x3057,0x306E,0x7A7A,0x6C17,0x5165,0x308C,0x304F,0x3046,0x304D,0x307D,0x3093,0x3077,0x7A7A,
  0x6C17,0x30DD,0x30F3,0x30D7,0x3061,0x3044,0x3055,0x306A,0x304B,0x307F,0x005A,0x004F,0x0052,0x004B,0x0020,0x53D6,0x6271,0x8AAC,0x660E,0x66F8,0x3061,0x3044,0x3055,0x306A,
  0x304B,0x307F,0x5C0F,0x3055,0x306A,0x7D19,0x3055,0x3093,0x3069,0x3044,0x3063,0x3061,0x663C,0x98DF,0x30B5,0x30F3,0x30C9,0x30A4,0x30C3,0x30C1,0x30B5,0x30F3,0x30C9,0x30A4,
  0x30C3,0x30C1,0x4F5C,0x52D5,0x3055,0x305B,0x308B,0x4F5C,0x52D5,0x3055,0x305B,0x308B,0x4F5C,0x52D5,0x3055,0x305B,0x308B,0x4F5C,0x52D5,0x3055,0x305B,0x308B,0x304D,0x3069,
  0x3046,0x3059,0x308B,0x4F5C,0x52D5,0x3055,0x305B,0x308B,0x304D,0x3069,0x3046,0x3059,0x308B,0x304D,0x3069,0x3046,0x3059,0x308B,0x6253,0x3061,0x304B,0x304B,0x308B,0x653B,
  0x6483,0x3059,0x308B,0x6253,0x3061,0x304B,0x304B,0x308B,0x6253,0x3061,0x304B,0x304B,0x308B,0x3046,0x3061,0x304B,0x304B,0x308B,0x653B,0x6483,0x3059,0x308B,0x3046,0x3061,
  0x304B,0x304B,0x308B,0x3046,0x3061,0x304B,0x304B,0x308B,0x3070,0x304F,0x306F,0x3059,0x308B,0x7206,0x7834,0x3059,0x308B,0x3070,0x304F,0x306F,0x3059,0x308B,0x3070,0x304F,
  0x306F,0x3059,0x308B,0x304B,0x3093,0x3051,0x3064,0x306B,0x7C21,0x6F54,0x306B,0x304B,0x3093,0x3051,0x3064,0x306B,0x304B,0x3093,0x3051,0x3064,0x306B,0x305D,0x3046,0x3058,
  0x3059,0x308B,0x78E8,0x304F,0x305D,0x3046,0x3058,0x3059,0x308B,0x305D,0x3046,0x3058,0x3059,0x308B,0x3088,0x3058,0x306E,0x307C,0x308B,0x767B,0x308B,0x3088,0x3058,0x306E,
  0x307C,0x308B,0x3088,0x3058,0x306E,0x307C,0x308B,0x60AA,0x614B,0x3092,0x3064,0x304F,0x7F75,0x308B,0x60AA,0x614B,0x3092,0x3064,0x304F,0x60AA,0x614B,0x3092,0x3064,0x304F,
  0x3057,0x307C,0x307E,0x305B,0x308B,0x3057,0x307C,0x307E,0x305B,0x308B,0x3057,0x307C,0x307E,0x305B,0x308B,0x3057,0x307C,0x307E,0x305B,0x308B,0x7A7A,0x6C17,0x3092,0x629C,
  0x304F,0x3057,0x307C,0x307E,0x305B,0x308B,0x7A7A,0x6C17,0x3092,0x629C,0x304F,0x7A7A,0x6C17,0x3092,0x629C,0x304F,0x306F,0x304B,0x3044,0x3059,0x308B,0x58CA,0x3059,0x306F,
  0x304B,0x3044,0x3059,0x308B,0x306F,0x304B,0x3044,0x3059,0x308B,0x305F,0x3044,0x3061,0x3087,0x3046,0x8A3A,0x65AD,0x305F,0x3044,0x3061,0x3087,0x3046,0x305F,0x3044,0x3061,
  0x3087,0x3046,0x307B,0x308A,0x304B,0x3048,0x3059,0x6398,0x308B,0x307B,0x308A,0x304B,0x3048,0x3059,0x307B,0x308A,0x304B,0x3048,0x3059,0x3042,0x306A,0x3092,0x307B,0x308B,
  0x6398,0x308B,0x3042,0x306A,0x3092,0x307B,0x308B,0x3042,0x306A,0x3092,0x307B,0x308B,0x9B54,0x6CD5,0x3092,0x89E3,0x304F,0x9B54,0x6CD5,0x3092,0x89E3,0x304F,0x9B54,0x6CD5,
  0x3092,0x89E3,0x304F,0x9B54,0x6CD5,0x3092,0x89E3,0x304F,0x306F,0x3093,0x304D,0x3087,0x3046,0x30A8,0x30B3,0x30FC,0x306F,0x3093,0x304D,0x3087,0x3046,0x306F,0x3093,0x304D,
  0x3087,0x3046,0x306F,0x3044,0x308A,0x3053,0x3080,0x5165,0x308B,0x306F,0x3044,0x308A,0x3053,0x3080,0x306F,0x3044,0x308A,0x3053,0x3080,0x305F,0x3057,0x304B,0x3081,0x308B,
  0x8ABF,0x3079,0x308B,0x305F,0x3057,0x304B,0x3081,0x308B,0x305F,0x3057,0x304B,0x3081,0x308B,0x305F,0x3044,0x3058,0x3059,0x308B,0x7953,0x3046,0x305F,0x3044,0x3058,0x3059,
  0x308B,0x305F,0x3044,0x3058,0x3059,0x308B,0x3075,0x308D,0x307C,0x3063,0x305A,0x30D5,0x30ED,0x30DC,0x30C3,0x30BA,0x30D5,0x30ED,0x30DC,0x30C3,0x30BA,0x30D5,0x30ED,0x30DC,
  0x30C3,0x30BA,0x3053,0x3093,0x306B,0x3061,0x306F,0x3053,0x3093,0x306B,0x3061,0x306F,0x3053,0x3093,0x306B,0x3061,0x306F,0x3053,0x3093,0x306B,0x3061,0x306F,0x81A8,0x3089,
  0x307E,0x305B,0x308B,0x81A8,0x3089,0x307E,0x305B,0x308B,0x81A8,0x3089,0x307E,0x305B,0x308B,0x81A8,0x3089,0x307E,0x305B,0x308B,0x3057,0x3087,0x3058,0x3072,0x3093,0x6301,
  0x3061,0x7269,0x3057,0x3087,0x3058,0x3072,0x3093,0x3057,0x3087,0x3058,0x3072,0x3093,0x53E3,0x3065,0x3051,0x3059,0x308B,0x30AD,0x30B9,0x3059,0x308B,0x53E3,0x3065,0x3051,
  0x3059,0x308B,0x53E3,0x3065,0x3051,0x3059,0x308B,0x306E,0x3063,0x304F,0x3059,0x308B,0x53E9,0x304F,0x30CE,0x30C3,0x30AF,0x3059,0x308B,0x30CE,0x30C3,0x30AF,0x3059,0x308B,
  0x9032,0x6C34,0x3055,0x305B,0x308B,0x6F15,0x304E,0x51FA,0x3059,0x9032,0x6C34,0x3055,0x305B,0x308B,0x9032,0x6C34,0x3055,0x305B,0x308B,0x5BC4,0x308A,0x304B,0x304B,0x308B,
  0x3082,0x305F,0x308C,0x308B,0x5BC4,0x308A,0x304B,0x304B,0x308B,0x5BC4,0x308A,0x304B,0x304B,0x308B,0x3088,0x308A,0x304B,0x304B,0x308B,0x3082,0x305F,0x308C,0x308B,0x3088,
  0x308A,0x304B,0x304B,0x308B,0x3088,0x308A,0x304B,0x304B,0x308B,0x706B,0x3092,0x70B9,0x3051,0x308B,0x70B9,0x3051,0x308B,0x706B,0x3092,0x70B9,0x3051,0x308B,0x706B,0x3092,
  0x70B9,0x3051,0x308B,0x3072,0x3092,0x3064,0x3051,0x308B,0x70B9,0x3051,0x308B,0x3072,0x3092,0x3064,0x3051,0x308B,0x3072,0x3092,0x3064,0x3051,0x308B,0x8033,0x3092,0x6F84,
  0x307E,0x3059,0x805E,0x304F,0x8033,0x3092,0x6F84,0x307E,0x3059,0x8033,0x3092,0x6F84,0x307E,0x3059,0x9375,0x3092,0x304B,0x3051,0x308B,0x9375,0x3092,0x304B,0x3051,0x308B,
  0x9375,0x3092,0x304B,0x3051,0x308B,0x9375,0x3092,0x304B,0x3051,0x308B,0x9320,0x3092,0x304B,0x3051,0x308B,0x9375,0x3092,0x304B,0x3051,0x308B,0x9320,0x3092,0x304B,0x3051,
  0x308B,0x9320,0x3092,0x304B,0x3051,0x308B,0x306A,0x304B,0x3092,0x307F,0x308B,0x898B,0x308B,0x306A,0x304B,0x3092,0x307F,0x308B,0x306A,0x304B,0x3092,0x307F,0x308B,0x304A,
  0x3067,0x3085,0x305B,0x3044,0x30AA,0x30C7,0x30E5,0x30C3,0x30BB,0x30A6,0x30B9,0x30AA,0x30C7,0x30E5,0x30BB,0x30A4,0x30AA,0x30C7,0x30E5,0x30BB,0x30A4,0x304A,0x3067,0x3063,
  0x305B,0x3044,0x30AA,0x30C7,0x30E5,0x30C3,0x30BB,0x30A6,0x30B9,0x30AA,0x30C7,0x30C3,0x30BB,0x30A4,0x30AA,0x30C7,0x30C3,0x30BB,0x30A4,0x3086,0x308A,0x3057,0x30FC,0x305A,
  0x30AA,0x30C7,0x30E5,0x30C3,0x30BB,0x30A6,0x30B9,0x30E6,0x30EA,0x30B7,0x30FC,0x30BA,0x30E6,0x30EA,0x30B7,0x30FC,0x30BA,0x3053,0x3058,0x958B,0x3051,0x308B,0x3053,0x3058,
  0x958B,0x3051,0x308B,0x3053,0x3058,0x958B,0x3051,0x308B,0x3053,0x3058,0x958B,0x3051,0x308B,0x3053,0x3058,0x3042,0x3051,0x308B,0x3053,0x3058,0x958B,0x3051,0x308B,0x3053,
  0x3058,0x3042,0x3051,0x308B,0x3053,0x3058,0x3042,0x3051,0x308B,0x7A7A,0x6C17,0x3092,0x9001,0x308B,0x7A7A,0x6C17,0x3092,0x9001,0x308B,0x7A7A,0x6C17,0x3092,0x9001,0x308B,
  0x7A7A,0x6C17,0x3092,0x9001,0x308B,0x7A74,0x3092,0x958B,0x3051,0x308B,0x7A74,0x3092,0x958B,0x3051,0x308B,0x7A74,0x3092,0x958B,0x3051,0x308B,0x7A74,0x3092,0x958B,0x3051,
  0x308B,0x6301,0x3061,0x4E0A,0x3052,0x308B,0x6301,0x3061,0x4E0A,0x3052,0x308B,0x6301,0x3061,0x4E0A,0x3052,0x308B,0x6301,0x3061,0x4E0A,0x3052,0x308B,0x3082,0x3061,0x3042,
  0x3052,0x308B,0x6301,0x3061,0x4E0A,0x3052,0x308B,0x3082,0x3061,0x3042,0x3052,0x308B,0x3082,0x3061,0x3042,0x3052,0x308B,0x3081,0x3092,0x3068,0x304A,0x3059,0x8AAD,0x3080,
  0x3081,0x3092,0x3068,0x304A,0x3059,0x3081,0x3092,0x3068,0x304A,0x3059,0x6094,0x3044,0x6539,0x3081,0x308B,0x6094,0x3044,0x6539,0x3081,0x308B,0x6094,0x3044,0x6539,0x3081,
  0x308B,0x6094,0x3044,0x6539,0x3081,0x308B,0x3084,0x308A,0x306A,0x304A,0x3059,0x3084,0x308A,0x76F4,0x3059,0x3084,0x308A,0x306A,0x304A,0x3059,0x3084,0x308A,0x306A,0x304A,
  0x3059,0x308A,0x3059,0x305F,0x30FC,0x3068,0x3084,0x308A,0x76F4,0x3059,0x30EA,0x30B9,0x30BF,0x30FC,0x30C8,0x30EA,0x30B9,0x30BF,0x30FC,0x30C8,0x3075,0x3063,0x304D,0x3059,
  0x308B,0x518D,0x958B,0x3059,0x308B,0x3075,0x3063,0x304D,0x3059,0x308B,0x3075,0x3063,0x304D,0x3059,0x308B,0x307B,0x305E,0x3093,0x3059,0x308B,0x4FDD,0x5B58,0x3059,0x308B,
  0x307B,0x305E,0x3093,0x3059,0x308B,0x307B,0x305E,0x3093,0x3059,0x308B,0x304D,0x308D,0x304F,0x3059,0x308B,0x4FDD,0x5B58,0x3059,0x308B,0x304D,0x308D,0x304F,0x3059,0x308B,
  0x304D,0x308D,0x304F,0x3059,0x308B,0x6ED1,0x308A,0x964D,0x308A,0x308B,0x6ED1,0x308A,0x964D,0x308A,0x308B,0x6ED1,0x308A,0x964D,0x308A,0x308B,0x6ED1,0x308A,0x964D,0x308A,
  0x308B,0x5302,0x3044,0x3092,0x55C5,0x3050,0x55C5,0x3050,0x5302,0x3044,0x3092,0x55C5,0x3050,0x5302,0x3044,0x3092,0x55C5,0x3050,0x56DE,0x8EE2,0x3055,0x305B,0x308B,0x56DE,
  0x8EE2,0x3055,0x305B,0x308B,0x56DE,0x8EE2,0x3055,0x305B,0x308B,0x56DE,0x8EE2,0x3055,0x305B,0x308B,0x5439,0x304D,0x304B,0x3051,0x308B,0x5439,0x304D,0x304B,0x3051,0x308B,
  0x5439,0x304D,0x304B,0x3051,0x308B,0x5439,0x304D,0x304B,0x3051,0x308B,0x3075,0x304D,0x304B,0x3051,0x308B,0x5439,0x304D,0x304B,0x3051,0x308B,0x3075,0x304D,0x304B,0x3051,
  0x308B,0x3075,0x304D,0x304B,0x3051,0x308B,0x3054,0x304F,0x7C21,0x6F54,0x306B,0x3054,0x304F,0x7C21,0x6F54,0x306B,0x3054,0x304F,0x7C21,0x6F54,0x306B,0x3054,0x304F,0x7C21,
  0x6F54,0x306B,0x3075,0x308A,0x307E,0x308F,0x3059,0x632F,0x308B,0x3075,0x308A,0x307E,0x308F,0x3059,0x3075,0x308A,0x307E,0x308F,0x3059,0x3064,0x304B,0x307E,0x3048,0x308B,
  0x53D6,0x308B,0x3064,0x304B,0x307E,0x3048,0x308B,0x3064,0x304B,0x307E,0x3048,0x308B,0x3068,0x308A,0x306F,0x305A,0x3059,0x53D6,0x308B,0x3068,0x308A,0x306F,0x305A,0x3059,
  0x3068,0x308A,0x306F,0x305A,0x3059,0x8A71,0x3057,0x304B,0x3051,0x308B,0x8A71,0x3057,0x304B,0x3051,0x308B,0x8A71,0x3057,0x304B,0x3051,0x308B,0x8A71,0x3057,0x304B,0x3051,
  0x308B,0x9375,0x3092,0x958B,0x3051,0x308B,0x9375,0x3092,0x958B,0x3051,0x308B,0x9375,0x3092,0x958B,0x3051,0x308B,0x9375,0x3092,0x958B,0x3051,0x308B,0x9320,0x3092,0x958B,
  0x3051,0x308B,0x9375,0x3092,0x958B,0x3051,0x308B,0x9320,0x3092,0x958B,0x3051,0x308B,0x9320,0x3092,0x958B,0x3051,0x308B,0x89E3,0x304D,0x307B,0x3069,0x304F,0x89E3,0x304F,
  0x89E3,0x304D,0x307B,0x3069,0x304F,0x89E3,0x304D,0x307B,0x3069,0x304F,0x3068,0x304D,0x307B,0x3069,0x304F,0x89E3,0x304F,0x3068,0x304D,0x307B,0x3069,0x304F,0x3068,0x304D,
  0x307B,0x3069,0x304F,0x3070,0x30FC,0x3058,0x3087,0x3093,0x30D0,0x30FC,0x30B8,0x30E7,0x30F3,0x30D0,0x30FC,0x30B8,0x30E7,0x30F3,0x30D0,0x30FC,0x30B8,0x30E7,0x30F3,0x3070,
  0x30FC,0x3058,0x3087,0x3093,0x30D0,0x30FC,0x30B8,0x30E7,0x30F3,0x3070,0x30FC,0x3058,0x3087,0x3093,0x3070,0x30FC,0x3058,0x3087,0x3093,0x3084,0x308A,0x904E,0x3054,0x3059,
  0x5F85,0x3064,0x3084,0x308A,0x904E,0x3054,0x3059,0x3084,0x308A,0x904E,0x3054,0x3059,0x3084,0x308A,0x3059,0x3054,0x3059,0x5F85,0x3064,0x3084,0x308A,0x3059,0x3054,0x3059,
  0x3084,0x308A,0x3059,0x3054,0x3059,0x8EAB,0x306B,0x7740,0x3051,0x308B,0x8EAB,0x306B,0x7740,0x3051,0x308B,0x8EAB,0x306B,0x7740,0x3051,0x308B,0x8EAB,0x306B,0x7740,0x3051,
  0x308B,0x307F,0x306B,0x3064,0x3051,0x308B,0x8EAB,0x306B,0x7740,0x3051,0x308B,0x307F,0x306B,0x3064,0x3051,0x308B,0x307F,0x306B,0x3064,0x3051,0x308B,0x306D,0x3058,0x3092,
  0x5DFB,0x304F,0x5DFB,0x304F,0x306D,0x3058,0x3092,0x5DFB,0x304F,0x306D,0x3058,0x3092,0x5DFB,0x304F,0x306D,0x3058,0x3092,0x307E,0x304F,0x5DFB,0x304F,0x306D,0x3058,0x3092,
  0x307E,0x304F,0x306D,0x3058,0x3092,0x307E,0x304F,0x9769,0x306E,0x91D1,0x8CA8,0x888B,0x9769,0x306E,0x91D1,0x8CA8,0x888B,0x9769,0x306E,0x91D1,0x8CA8,0x888B,0x9769,0x306E,
  0x91D1,0x8CA8,0x888B,0x9752,0x3044,0x307C,0x305F,0x3093,0x9752,0x3044,0x30DC,0x30BF,0x30F3,0x9752,0x3044,0x30DC,0x30BF,0x30F3,0x9752,0x3044,0x30DC,0x30BF,0x30F3,0x9EC4,
  0x8910,0x8272,0x306E,0x672D,0x9EC4,0x8910,0x8272,0x306E,0x672D,0x9EC4,0x8910,0x8272,0x306E,0x672D,0x9EC4,0x8910,0x8272,0x306E,0x672D,0x4E00,0x5BFE,0x306E,0x874B,0x71ED,
  0x4E00,0x5BFE,0x306E,0x874B,0x71ED,0x4E00,0x5BFE,0x306E,0x874B,0x71ED,0x4E00,0x5BFE,0x306E,0x874B,0x71ED,0x4EA1,0x970A,0x306E,0x7FA4,0x308C,0x4EA1,0x970A,0x306E,0x7FA4,
  0x308C,0x4EA1,0x970A,0x306E,0x7FA4,0x308C,0x4EA1,0x970A,0x306E,0x7FA4,0x308C,0x82B1,0x5D17,0x5CA9,0x306E,0x58C1,0x82B1,0x5D17,0x5CA9,0x306E,0x58C1,0x82B1,0x5D17,0x5CA9,
  0x306E,0x58C1,0x82B1,0x5D17,0x5CA9,0x306E,0x58C1,0x53F0,0x6240,0x306E,0x98DF,0x5353,0x53F0,0x6240,0x306E,0x98DF,0x5353,0x53F0,0x6240,0x306E,0x98DF,0x5353,0x53F0,0x6240,
  0x306E,0x98DF,0x5353,0x843D,0x3061,0x8449,0x306E,0x5C71,0x843D,0x3061,0x8449,0x306E,0x5C71,0x843D,0x3061,0x8449,0x306E,0x5C71,0x843D,0x3061,0x8449,0x306E,0x5C71,0x7948,
  0x308A,0x306E,0x8A00,0x8449,0x7948,0x308A,0x306E,0x8A00,0x8449,0x7948,0x308A,0x306E,0x8A00,0x8449,0x7948,0x308A,0x306E,0x8A00,0x8449,0x6728,0x306E,0x624B,0x3059,0x308A,
  0x6728,0x306E,0x624B,0x3059,0x308A,0x6728,0x306E,0x624B,0x3059,0x308A,0x6728,0x306E,0x624B,0x3059,0x308A,0x8D64,0x3044,0x307C,0x305F,0x3093,0x8D64,0x3044,0x30DC,0x30BF,
  0x30F3,0x8D64,0x3044,0x30DC,0x30BF,0x30F3,0x8D64,0x3044,0x30DC,0x30BF,0x30F3,0x6C34,0x6676,0x306E,0x9AD1,0x9ACF,0x6C34,0x6676,0x306E,0x9AD1,0x9ACF,0x6C34,0x6676,0x306E,
  0x9AD1,0x9ACF,0x6C34,0x6676,0x306E,0x9AD1,0x9ACF,0x6298,0x308C,0x305F,0x5751,0x6728,0x6298,0x308C,0x305F,0x5751,0x6728,0x6298,0x308C,0x305F,0x5751,0x6728,0x6298,0x308C,
  0x305F,0x5751,0x6728,0x9053,0x5177,0x7BB1,0x306E,0x5C71,0x9053,0x5177,0x7BB1,0x306E,0x5C71,0x9053,0x5177,0x7BB1,0x306E,0x5C71,0x9053,0x5177,0x7BB1,0x306E,0x5C71,0x3070,
  0x3059,0x3051,0x3063,0x3068,0x30D0,0x30B9,0x30B1,0x30C3,0x30C8,0x30D0,0x30B9,0x30B1,0x30C3,0x30C8,0x30D0,0x30B9,0x30B1,0x30C3,0x30C8,0x3066,0x3093,0x3058,0x3087,0x3046,
  0x5929,0x4E95,0x3066,0x3093,0x3058,0x3087,0x3046,0x5929,0x4E95,0x3081,0x3044,0x304D,0x3085,0x3046,0x8FF7,0x5BAE,0x3081,0x3044,0x304D,0x3085,0x3046,0x8FF7,0x5BAE,0x3058,
  0x3087,0x3046,0x3078,0x304D,0x57CE,0x58C1,0x3058,0x3087,0x3046,0x3078,0x304D,0x57CE,0x58C1,0x3067,0x3093,0x3061,0x3057,0x304D,0x96FB,0x6C60,0x5F0F,0x3067,0x3093,0x3061,
  0x3057,0x304D,0x96FB,0x6C60,0x5F0F,0x3061,0x3083,0x304F,0x308A,0x304F,0x3061,0x3083,0x304F,0x308A,0x304F,0x3061,0x3083,0x304F,0x308A,0x304F,0x3061,0x3083,0x304F,0x308A,
  0x304F,0x3058,0x3087,0x3046,0x308A,0x304F,0x3058,0x3087,0x3046,0x308A,0x304F,0x3058,0x3087,0x3046,0x308A,0x304F,0x3058,0x3087,0x3046,0x308A,0x304F,0x3061,0x3083,0x304F,
  0x304C,0x3093,0x3061,0x3083,0x304F,0x304C,0x3093,0x3061,0x3083,0x304F,0x304C,0x3093,0x3061,0x3083,0x304F,0x304C,0x3093,0x304D,0x3057,0x306B,0x3064,0x304F,0x304D,0x3057,
  0x306B,0x3064,0x304F,0x304D,0x3057,0x306B,0x3064,0x304F,0x304D,0x3057,0x306B,0x3064,0x304F,0x3057,0x3087,0x304F,0x305F,0x304F,0x98DF,0x5353,0x3057,0x3087,0x304F,0x305F,
  0x304F,0x98DF,0x5353,0x3057,0x3085,0x304F,0x3075,0x304F,0x795D,0x798F,0x3057,0x3085,0x304F,0x3075,0x304F,0x795D,0x798F,0x304C,0x3089,0x3059,0x3073,0x3093,0x30AC,0x30E9,
  0x30B9,0x74F6,0x304C,0x3089,0x3059,0x3073,0x3093,0x30AC,0x30E9,0x30B9,0x74F6,0x304D,0x306E,0x306F,0x3057,0x3054,0x6728,0x306E,0x68AF,0x5B50,0x304D,0x306E,0x306F,0x3057,
  0x3054,0x6728,0x306E,0x68AF,0x5B50,0x3075,0x308B,0x3044,0x3061,0x305A,0x53E4,0x3044,0x5730,0x56F3,0x3075,0x308B,0x3044,0x3061,0x305A,0x53E4,0x3044,0x5730,0x56F3,0x304D,
  0x3093,0x306E,0x3064,0x307C,0x91D1,0x306E,0x58FA,0x304D,0x3093,0x306E,0x3064,0x307C,0x91D1,0x306E,0x58FA,0x304D,0x306E,0x3066,0x3059,0x308A,0x6728,0x306E,0x624B,0x3059,
  0x308A,0x304D,0x306E,0x3066,0x3059,0x308A,0x6728,0x306E,0x624B,0x3059,0x308A,0x3058,0x3085,0x3046,0x305F,0x3093,0x7D68,0x6BEF,0x3058,0x3085,0x3046,0x305F,0x3093,0x7D68,
  0x6BEF,0x304A,0x3046,0x3057,0x3083,0x304F,0x738B,0x7B0F,0x304A,0x3046,0x3057,0x3083,0x304F,0x738B,0x7B0F,0x306D,0x3058,0x307E,0x308F,0x3057,0x306D,0x3058,0x56DE,0x3057,
  0x306D,0x3058,0x307E,0x308F,0x3057,0x306D,0x3058,0x56DE,0x3057,0x3059,0x3079,0x308A,0x3060,0x3044,0x6ED1,0x308A,0x53F0,0x3059,0x3079,0x308A,0x3060,0x3044,0x6ED1,0x308A,
  0x53F0,0x3057,0x308D,0x3044,0x304C,0x3051,0x767D,0x3044,0x5D16,0x3057,0x308D,0x3044,0x304C,0x3051,0x767D,0x3044,0x5D16,0x3057,0x308D,0x3044,0x3044,0x3048,0x767D,0x3044,
  0x5BB6,0x3057,0x308D,0x3044,0x3044,0x3048,0x767D,0x3044,0x5BB6,0x304D,0x306E,0x3068,0x3073,0x3089,0x6728,0x306E,0x6249,0x304D,0x306E,0x3068,0x3073,0x3089,0x6728,0x306E,
  0x6249,0x305E,0x30FC,0x304D,0x3063,0x3069,0x30BE,0x30FC,0x30AF,0x30DF,0x30C3,0x30C9,0x30BE,0x30FC,0x30AD,0x30C3,0x30C9,0x30BE,0x30FC,0x30AD,0x30C3,0x30C9,0x9752,0x306E,
  0x307C,0x305F,0x3093,0x9752,0x3044,0x30DC,0x30BF,0x30F3,0x9752,0x306E,0x30DC,0x30BF,0x30F3,0x9752,0x306E,0x30DC,0x30BF,0x30F3,0x3048,0x3081,0x3089,0x308B,0x3069,0x5927,
  0x304D,0x306A,0x30A8,0x30E1,0x30E9,0x30EB,0x30C9,0x30A8,0x30E1,0x30E9,0x30EB,0x30C9,0x30A8,0x30E1,0x30E9,0x30EB,0x30C9,0x8D64,0x306E,0x307C,0x305F,0x3093,0x8D64,0x3044,
  0x30DC,0x30BF,0x30F3,0x8D64,0x306E,0x30DC,0x30BF,0x30F3,0x8D64,0x306E,0x30DC,0x30BF,0x30F3,0x304B,0x30FC,0x307A,0x3063,0x3068,0x7D68,0x6BEF,0x30AB,0x30FC,0x30DA,0x30C3,
  0x30C8,0x30AB,0x30FC,0x30DA,0x30C3,0x30C8,0x3069,0x3089,0x3044,0x3070,0x30FC,0x306D,0x3058,0x56DE,0x3057,0x30C9,0x30E9,0x30A4,0x30D0,0x30FC,0x30C9,0x30E9,0x30A4,0x30D0,
  0x30FC,0x3048,0x308B,0x3075,0x306E,0x5263,0x5263,0x30A8,0x30EB,0x30D5,0x306E,0x5263,0x30A8,0x30EB,0x30D5,0x306E,0x5263,0x3044,0x3057,0x306E,0x3069,0x3042,0x77F3,0x306E,
  0x6249,0x3044,0x3057,0x306E,0x3069,0x3042,0x77F3,0x306E,0x30C9,0x30A2,0x304B,0x3056,0x308A,0x3060,0x307E,0x7F8E,0x3057,0x3044,0x771F,0x936E,0x306E,0x98FE,0x308A,0x7389,
  0x304B,0x3056,0x308A,0x3060,0x307E,0x98FE,0x308A,0x7389,0x3061,0x3087,0x3046,0x3053,0x304F,0x5F6B,0x523B,0x306E,0x3042,0x308B,0x58C1,0x3061,0x3087,0x3046,0x3053,0x304F,
  0x5F6B,0x523B,0x3060,0x3044,0x308A,0x305B,0x304D,0x53F0,0x5EA7,0x3060,0x3044,0x308A,0x305B,0x304D,0x5927,0x7406,0x77F3,0x304F,0x3046,0x304D,0x3044,0x308C,0x624B,0x62BC,
  0x3057,0x306E,0x7A7A,0x6C17,0x5165,0x308C,0x304F,0x3046,0x304D,0x3044,0x308C,0x7A7A,0x6C17,0x5165,0x308C,0x3042,0x3044,0x305F,0x3075,0x306D,0x7A74,0x306E,0x7A7A,0x3044,
  0x305F,0x821F,0x3042,0x3044,0x305F,0x3075,0x306D,0x7A7A,0x3044,0x305F,0x821F,0x3053,0x3046,0x3061,0x3085,0x3046,0x7F8E,0x3057,0x3044,0x5B9D,0x77F3,0x306E,0x7532,0x866B,
  0x3053,0x3046,0x3061,0x3085,0x3046,0x7532,0x866B,0x3069,0x3046,0x3050,0x3070,0x3053,0x9053,0x5177,0x7BB1,0x306E,0x5C71,0x3069,0x3046,0x3050,0x3070,0x3053,0x9053,0x5177,
  0x7BB1,0x3055,0x3093,0x3055,0x305D,0x3046,0x6C34,0x6676,0x306E,0x4E09,0x53C9,0x69CD,0x3055,0x3093,0x3055,0x305D,0x3046,0x4E09,0x53C9,0x69CD,0x3055,0x3075,0x3041,0x3044,
  0x3042,0x30B5,0x30D5,0x30A1,0x30A4,0x30A2,0x3092,0x3061,0x308A,0x3070,0x3081,0x305F,0x8155,0x8F2A,0x30B5,0x30D5,0x30A1,0x30A4,0x30A2,0x30B5,0x30D5,0x30A1,0x30A4,0x30A2,
  0x7A7A,0x6C17,0x307D,0x3093,0x3077,0x624B,0x62BC,0x3057,0x306E,0x7A7A,0x6C17,0x5165,0x308C,0x7A7A,0x6C17,0x30DD,0x30F3,0x30D7,0x7A7A,0x6C17,0x30DD,0x30F3,0x30D7,0x3053,
  0x307E,0x304B,0x3044,0x3058,0x9EC4,0x8910,0x8272,0x306E,0x672D,0x3053,0x307E,0x304B,0x3044,0x3058,0x7D30,0x304B,0x3044,0x5B57,0x304D,0x3068,0x3046,0x3057,0x3087,0x9ED2,
  0x3044,0x66F8,0x7269,0x304D,0x3068,0x3046,0x3057,0x3087,0x7948,0x7977,0x66F8,0x3053,0x3046,0x3050,0x3070,0x3053,0x9053,0x5177,0x7BB1,0x306E,0x5C71,0x3053,0x3046,0x3050,
  0x3070,0x3053,0x5DE5,0x5177,0x7BB1,0x304A,0x304A,0x304D,0x306A,0x304D,0x6728,0x304A,0x304A,0x304D,0x306A,0x304D,0x5927,0x304D,0x306A,0x6728,0x306F,0x307F,0x304C,0x304D,
  0x3053,0x7B52,0x306F,0x307F,0x304C,0x304D,0x3053,0x6B6F,0x78E8,0x304D,0x7C89,0x307E,0x306B,0x3085,0x3042,0x308B,0x005A,0x004F,0x0052,0x004B,0x0020,0x53D6,0x6271,0x8AAC,
  0x660E,0x66F8,0x30DE,0x30CB,0x30E5,0x30A2,0x30EB,0x30DE,0x30CB,0x30E5,0x30A2,0x30EB,0x8D77,0x52D5,0x3059,0x308B,0x4F5C,0x52D5,0x3055,0x305B,0x308B,0x8D77,0x52D5,0x3059,
  0x308B,0x8D77,0x52D5,0x3059,0x308B,0x3053,0x305F,0x3048,0x308B,0x7B54,0x3048,0x308B,0x3053,0x305F,0x3048,0x308B,0x3053,0x305F,0x3048,0x308B,0x653B,0x6483,0x3059,0x308B,
  0x653B,0x6483,0x3059,0x308B,0x653B,0x6483,0x3059,0x308B,0x653B,0x6483,0x3059,0x308B,0x305F,0x305F,0x304B,0x3046,0x653B,0x6483,0x3059,0x308B,0x305F,0x305F,0x304B,0x3046,
  0x305F,0x305F,0x304B,0x3046,0x7206,0x7834,0x3059,0x308B,0x7206,0x7834,0x3059,0x308B,0x7206,0x7834,0x3059,0x308B,0x7206,0x7834,0x3059,0x308B,0x6383,0x9664,0x3059,0x308B,
  0x78E8,0x304F,0x6383,0x9664,0x3059,0x308B,0x6383,0x9664,0x3059,0x308B,0x3088,0x3058,0x767B,0x308B,0x767B,0x308B,0x3088,0x3058,0x767B,0x308B,0x3088,0x3058,0x767B,0x308B,
  0x3081,0x3044,0x3058,0x308B,0x547D,0x3058,0x308B,0x3081,0x3044,0x3058,0x308B,0x3081,0x3044,0x3058,0x308B,0x304B,0x305E,0x3048,0x308B,0x6570,0x3048,0x308B,0x304B,0x305E,
  0x3048,0x308B,0x304B,0x305E,0x3048,0x308B,0x3088,0x3053,0x304E,0x308B,0x6E21,0x308B,0x3088,0x3053,0x304E,0x308B,0x3088,0x3053,0x304E,0x308B,0x306E,0x306E,0x3057,0x308B,
  0x7F75,0x308B,0x306E,0x306E,0x3057,0x308B,0x306E,0x306E,0x3057,0x308B,0x7834,0x58CA,0x3059,0x308B,0x58CA,0x3059,0x7834,0x58CA,0x3059,0x308B,0x7834,0x58CA,0x3059,0x308B,
  0x3057,0x3093,0x3060,0x3093,0x8A3A,0x65AD,0x3057,0x3093,0x3060,0x3093,0x3057,0x3093,0x3060,0x3093,0x3088,0x3046,0x3060,0x3044,0x8A3A,0x65AD,0x3088,0x3046,0x3060,0x3044,
  0x3088,0x3046,0x3060,0x3044,0x6398,0x308A,0x8FD4,0x3059,0x6398,0x308B,0x6398,0x308A,0x8FD4,0x3059,0x6398,0x308A,0x8FD4,0x3059,0x7A74,0x3092,0x6398,0x308B,0x6398,0x308B,
  0x7A74,0x3092,0x6398,0x308B,0x7A74,0x3092,0x6398,0x308B,0x3066,0x3070,0x306A,0x3059,0x7F6E,0x304F,0x3066,0x3070,0x306A,0x3059,0x3066,0x3070,0x306A,0x3059,0x3084,0x307E,
  0x3073,0x3053,0x30A8,0x30B3,0x30FC,0x3084,0x307E,0x3073,0x3053,0x3084,0x307E,0x3073,0x3053,0x5165,0x308A,0x8FBC,0x3080,0x5165,0x308B,0x5165,0x308A,0x8FBC,0x3080,0x5165,
  0x308A,0x8FBC,0x3080,0x3057,0x3089,0x3079,0x308B,0x8ABF,0x3079,0x308B,0x3057,0x3089,0x3079,0x308B,0x3057,0x3089,0x3079,0x308B,0x3088,0x304F,0x898B,0x308B,0x8ABF,0x3079,
  0x308B,0x3088,0x304F,0x898B,0x308B,0x3088,0x304F,0x898B,0x308B,0x3088,0x304F,0x307F,0x308B,0x8ABF,0x3079,0x308B,0x3088,0x304F,0x307F,0x308B,0x3088,0x304F,0x307F,0x308B,
  0x89B3,0x5BDF,0x3059,0x308B,0x8ABF,0x3079,0x308B,0x89B3,0x5BDF,0x3059,0x308B,0x89B3,0x5BDF,0x3059,0x308B,0x898B,0x3066,0x307F,0x308B,0x8ABF,0x3079,0x308B,0x898B,0x3066,
  0x307F,0x308B,0x898B,0x3066,0x307F,0x308B,0x307F,0x3066,0x307F,0x308B,0x8ABF,0x3079,0x308B,0x307F,0x3066,0x307F,0x308B,0x307F,0x3066,0x307F,0x308B,0x78BA,0x304B,0x3081,
  0x308B,0x8ABF,0x3079,0x308B,0x78BA,0x304B,0x3081,0x308B,0x78BA,0x304B,0x3081,0x308B,0x9000,0x6CBB,0x3059,0x308B,0x7953,0x3046,0x9000,0x6CBB,0x3059,0x308B,0x9000,0x6CBB,
  0x3059,0x308B,0x5439,0x304D,0x6D88,0x3059,0x6D88,0x3059,0x5439,0x304D,0x6D88,0x3059,0x5439,0x304D,0x6D88,0x3059,0x3075,0x304D,0x3051,0x3059,0x6D88,0x3059,0x3075,0x304D,
  0x3051,0x3059,0x3075,0x304D,0x3051,0x3059,0x898B,0x3064,0x3051,0x308B,0x898B,0x3064,0x3051,0x308B,0x898B,0x3064,0x3051,0x308B,0x898B,0x3064,0x3051,0x308B,0x307F,0x3064,
  0x3051,0x308B,0x898B,0x3064,0x3051,0x308B,0x307F,0x3064,0x3051,0x308B,0x307F,0x3064,0x3051,0x308B,0x3075,0x308D,0x307C,0x305A,0x30D5,0x30ED,0x30DC,0x30C3,0x30BA,0x30D5,
  0x30ED,0x30DC,0x30BA,0x30D5,0x30ED,0x30DC,0x30BA,0x3042,0x305F,0x3048,0x308B,0x6E21,0x3059,0x3042,0x305F,0x3048,0x308B,0x3042,0x305F,0x3048,0x308B,0x5DEE,0x3057,0x51FA,
  0x3059,0x6E21,0x3059,0x5DEE,0x3057,0x51FA,0x3059,0x5DEE,0x3057,0x51FA,0x3059,0x3055,0x3057,0x3060,0x3059,0x6E21,0x3059,0x3055,0x3057,0x3060,0x3059,0x3055,0x3057,0x3060,
  0x3059,0x3082,0x3057,0x3082,0x3057,0x3053,0x3093,0x306B,0x3061,0x306F,0x3082,0x3057,0x3082,0x3057,0x3082,0x3057,0x3082,0x3057,0x3082,0x3061,0x3082,0x306E,0x6301,0x3061,
  0x7269,0x3082,0x3061,0x3082,0x306E,0x3082,0x3061,0x3082,0x306E,0x98DB,0x3073,0x8FBC,0x3080,0x8DF3,0x3076,0x98DB,0x3073,0x8FBC,0x3080,0x98DB,0x3073,0x8FBC,0x3080,0x3068,
  0x3073,0x3053,0x3080,0x8DF3,0x3076,0x3068,0x3073,0x3053,0x3080,0x3068,0x3073,0x3053,0x3080,0x304D,0x3059,0x3059,0x308B,0x30AD,0x30B9,0x3059,0x308B,0x30AD,0x30B9,0x3059,
  0x308B,0x30AD,0x30B9,0x3059,0x308B,0x6F15,0x304E,0x51FA,0x3059,0x6F15,0x304E,0x51FA,0x3059,0x6F15,0x304E,0x51FA,0x3059,0x6F15,0x304E,0x51FA,0x3059,0x3053,0x304E,0x3060,
  0x3059,0x6F15,0x304E,0x51FA,0x3059,0x3053,0x304E,0x3060,0x3059,0x3053,0x304E,0x3060,0x3059,0x3082,0x305F,0x308C,0x308B,0x3082,0x305F,0x308C,0x308B,0x3082,0x305F,0x308C,
  0x308B,0x3082,0x305F,0x308C,0x308B,0x65BD,0x9320,0x3059,0x308B,0x9375,0x3092,0x304B,0x3051,0x308B,0x65BD,0x9320,0x3059,0x308B,0x65BD,0x9320,0x3059,0x308B,0x307F,0x307E,
  0x308F,0x3059,0x898B,0x308B,0x307F,0x307E,0x308F,0x3059,0x307F,0x307E,0x308F,0x3059,0x306A,0x304C,0x3081,0x308B,0x898B,0x308B,0x306A,0x304C,0x3081,0x308B,0x306A,0x304C,
  0x3081,0x308B,0x4E2D,0x3092,0x898B,0x308B,0x898B,0x308B,0x4E2D,0x3092,0x898B,0x308B,0x4E2D,0x3092,0x898B,0x308B,0x6CB9,0x3092,0x5DEE,0x3059,0x6CB9,0x3092,0x5DEE,0x3059,
  0x6CB9,0x3092,0x5DEE,0x3059,0x6CB9,0x3092,0x5DEE,0x3059,0x3046,0x3054,0x304B,0x3059,0x52D5,0x304B,0x3059,0x3046,0x3054,0x304B,0x3059,0x3046,0x3054,0x304B,0x3059,0x3064,
  0x3076,0x3084,0x304F,0x3064,0x3076,0x3084,0x304F,0x3064,0x3076,0x3084,0x304F,0x3064,0x3076,0x3084,0x304F,0x3086,0x308A,0x3057,0x3059,0x30AA,0x30C7,0x30E5,0x30C3,0x30BB,
  0x30A6,0x30B9,0x30E6,0x30EA,0x30B7,0x30B9,0x30E6,0x30EA,0x30B7,0x30B9,0x958B,0x9320,0x3059,0x308B,0x3053,0x3058,0x958B,0x3051,0x308B,0x958B,0x9320,0x3059,0x308B,0x958B,
  0x9320,0x3059,0x308B,0x6F14,0x594F,0x3059,0x308B,0x6F14,0x594F,0x3059,0x308B,0x6F14,0x594F,0x3059,0x308B,0x6F14,0x594F,0x3059,0x308B,0x5F15,0x3063,0x5F35,0x308B,0x5F15,
  0x304F,0x5F15,0x3063,0x5F35,0x308B,0x5F15,0x3063,0x5F35,0x308B,0x3072,0x3063,0x3071,0x308B,0x5F15,0x304F,0x3072,0x3063,0x3071,0x308B,0x3072,0x3063,0x3071,0x308B,0x7A81,
  0x304D,0x523A,0x3059,0x7A74,0x3092,0x958B,0x3051,0x308B,0x7A81,0x304D,0x523A,0x3059,0x7A81,0x304D,0x523A,0x3059,0x3064,0x304D,0x3055,0x3059,0x7A74,0x3092,0x958B,0x3051,
  0x308B,0x3064,0x304D,0x3055,0x3059,0x3064,0x304D,0x3055,0x3059,0x304A,0x3055,0x3081,0x308B,0x5165,0x308C,0x308B,0x304A,0x3055,0x3081,0x308B,0x304A,0x3055,0x3081,0x308B,
  0x7D42,0x4E86,0x3059,0x308B,0x3084,0x3081,0x308B,0x7D42,0x4E86,0x3059,0x308B,0x7D42,0x4E86,0x3059,0x308B,0x76EE,0x3092,0x901A,0x3059,0x8AAD,0x3080,0x76EE,0x3092,0x901A,
  0x3059,0x76EE,0x3092,0x901A,0x3059,0x3084,0x308A,0x76F4,0x3059,0x3084,0x308A,0x76F4,0x3059,0x3084,0x308A,0x76F4,0x3059,0x3084,0x308A,0x76F4,0x3059,0x6700,0x521D,0x304B,
  0x3089,0x3084,0x308A,0x76F4,0x3059,0x6700,0x521D,0x304B,0x3089,0x6700,0x521D,0x304B,0x3089,0x518D,0x958B,0x3059,0x308B,0x518D,0x958B,0x3059,0x308B,0x518D,0x958B,0x3059,
  0x308B,0x518D,0x958B,0x3059,0x308B,0x8AAD,0x307F,0x8FBC,0x3080,0x518D,0x958B,0x3059,0x308B,0x8AAD,0x307F,0x8FBC,0x3080,0x8AAD,0x307F,0x8FBC,0x3080,0x3088,0x307F,0x3053,
  0x3080,0x518D,0x958B,0x3059,0x308B,0x3088,0x307F,0x3053,0x3080,0x3088,0x307F,0x3053,0x3080,0x5FA9,0x5E30,0x3059,0x308B,0x518D,0x958B,0x3059,0x308B,0x5FA9,0x5E30,0x3059,
  0x308B,0x5FA9,0x5E30,0x3059,0x308B,0x3053,0x308D,0x304C,0x3059,0x8EE2,0x304C,0x3059,0x3053,0x308D,0x304C,0x3059,0x3053,0x308D,0x304C,0x3059,0x4FDD,0x5B58,0x3059,0x308B,
  0x4FDD,0x5B58,0x3059,0x308B,0x4FDD,0x5B58,0x3059,0x308B,0x4FDD,0x5B58,0x3059,0x308B,0x8A18,0x9332,0x3059,0x308B,0x4FDD,0x5B58,0x3059,0x308B,0x8A18,0x9332,0x3059,0x308B,
  0x8A18,0x9332,0x3059,0x308B,0x3068,0x304F,0x3066,0x3093,0x5F97,0x70B9,0x3068,0x304F,0x3066,0x3093,0x3068,0x304F,0x3066,0x3093,0x3066,0x3093,0x3059,0x3046,0x5F97,0x70B9,
  0x3066,0x3093,0x3059,0x3046,0x3066,0x3093,0x3059,0x3046,0x305B,0x3044,0x305B,0x304D,0x5F97,0x70B9,0x305B,0x3044,0x305B,0x304D,0x305B,0x3044,0x305B,0x304D,0x4E2D,0x3092,
  0x63A2,0x308B,0x63A2,0x3059,0x4E2D,0x3092,0x63A2,0x308B,0x4E2D,0x3092,0x63A2,0x308B,0x8ABF,0x3079,0x56DE,0x308B,0x63A2,0x3059,0x8ABF,0x3079,0x56DE,0x308B,0x8ABF,0x3079,
  0x56DE,0x308B,0x3068,0x3069,0x307E,0x308B,0x3068,0x3069,0x307E,0x308B,0x3068,0x3069,0x307E,0x308B,0x3068,0x3069,0x307E,0x308B,0x632F,0x308A,0x56DE,0x3059,0x632F,0x308B,
  0x632F,0x308A,0x56DE,0x3059,0x632F,0x308A,0x56DE,0x3059,0x624B,0x306B,0x53D6,0x308B,0x53D6,0x308B,0x624B,0x306B,0x53D6,0x308B,0x624B,0x306B,0x53D6,0x308B,0x3066,0x306B,
  0x3068,0x308B,0x53D6,0x308B,0x3066,0x306B,0x3068,0x308B,0x3066,0x306B,0x3068,0x308B,0x624B,0x306B,0x3059,0x308B,0x53D6,0x308B,0x624B,0x306B,0x3059,0x308B,0x624B,0x306B,
  0x3059,0x308B,0x3066,0x306B,0x3059,0x308B,0x53D6,0x308B,0x3066,0x306B,0x3059,0x308B,0x3066,0x306B,0x3059,0x308B,0x6355,0x307E,0x3048,0x308B,0x53D6,0x308B,0x6355,0x307E,
  0x3048,0x308B,0x6355,0x307E,0x3048,0x308B,0x53D6,0x308A,0x5916,0x3059,0x53D6,0x308B,0x53D6,0x308A,0x5916,0x3059,0x53D6,0x308A,0x5916,0x3059,0x3064,0x305F,0x3048,0x308B,
  0x4F1D,0x3048,0x308B,0x3064,0x305F,0x3048,0x308B,0x3064,0x305F,0x3048,0x308B,0x9320,0x3092,0x5916,0x3059,0x9375,0x3092,0x958B,0x3051,0x308B,0x9320,0x3092,0x5916,0x3059,
  0x9320,0x3092,0x5916,0x3059,0x958B,0x9320,0x3059,0x308B,0x9375,0x3092,0x958B,0x3051,0x308B,0x958B,0x9320,0x3059,0x308B,0x958B,0x9320,0x3059,0x308B,0x304F,0x308F,0x3057,
  0x304F,0x8A73,0x3057,0x304F,0x304F,0x308F,0x3057,0x304F,0x304F,0x308F,0x3057,0x304F,0x305D,0x306E,0x307E,0x307E,0x5F85,0x3064,0x305D,0x306E,0x307E,0x307E,0x305D,0x306E,
  0x307E,0x307E,0x771F,0x936E,0x306E,0x9234,0x771F,0x936E,0x306E,0x9234,0x771F,0x936E,0x306E,0x9234,0x771F,0x936E,0x306E,0x9234,0x6B7B,0x4F53,0x306E,0x5C71,0x6B7B,0x4F53,
  0x306E,0x5C71,0x6B7B,0x4F53,0x306E,0x5C71,0x6B7B,0x4F53,0x306E,0x5C71,0x9ED2,0x3044,0x66F8,0x7269,0x9ED2,0x3044,0x66F8,0x7269,0x9ED2,0x3044,0x66F8,0x7269,0x9ED2,0x3044,
  0x66F8,0x7269,0x304C,0x3089,0x3059,0x74F6,0x30AC,0x30E9,0x30B9,0x74F6,0x30AC,0x30E9,0x30B9,0x74F6,0x30AC,0x30E9,0x30B9,0x74F6,0x8D64,0x3044,0x6D6E,0x6A19,0x8D64,0x3044,
  0x6D6E,0x6A19,0x8D64,0x3044,0x6D6E,0x6A19,0x8D64,0x3044,0x6D6E,0x6A19,0x6B63,0x9762,0x306E,0x6249,0x6B63,0x9762,0x306E,0x6249,0x6B63,0x9762,0x306E,0x6249,0x6B63,0x9762,
  0x306E,0x6249,0x9B54,0x6CD5,0x306E,0x821F,0x9B54,0x6CD5,0x306E,0x821F,0x9B54,0x6CD5,0x306E,0x821F,0x9B54,0x6CD5,0x306E,0x821F,0x7FE1,0x7FE0,0x306E,0x50CF,0x7FE1,0x7FE0,
  0x306E,0x50CF,0x7FE1,0x7FE0,0x306E,0x50CF,0x7FE1,0x7FE0,0x306E,0x50CF,0x53F0,0x6240,0x306E,0x7A93,0x53F0,0x6240,0x306E,0x7A93,0x53F0,0x6240,0x306E,0x7A93,0x53F0,0x6240,
  0x306E,0x7A93,0x6728,0x306E,0x68AF,0x5B50,0x6728,0x306E,0x68AF,0x5B50,0x6728,0x306E,0x68AF,0x5B50,0x6728,0x306E,0x68AF,0x5B50,0x5927,0x304D,0x306A,0x888B,0x5927,0x304D,
  0x306A,0x888B,0x5927,0x304D,0x306A,0x888B,0x5927,0x304D,0x306A,0x888B,0x3059,0x3044,0x3063,0x3061,0x30B9,0x30A4,0x30C3,0x30C1,0x30B9,0x30A4,0x30C3,0x30C1,0x30B9,0x30A4,
  0x30C3,0x30C1,0x53E4,0x3044,0x5730,0x56F3,0x53E4,0x3044,0x5730,0x56F3,0x53E4,0x3044,0x5730,0x56F3,0x53E4,0x3044,0x5730,0x56F3,0x307E,0x3063,0x3061,0x5E33,0x30DE,0x30C3,
  0x30C1,0x5E33,0x30DE,0x30C3,0x30C1,0x5E33,0x30DE,0x30C3,0x30C1,0x5E33,0x8336,0x8272,0x306E,0x888B,0x8336,0x8272,0x306E,0x888B,0x8336,0x8272,0x306E,0x888B,0x8336,0x8272,
  0x306E,0x888B,0x306D,0x3058,0x56DE,0x3057,0x306D,0x3058,0x56DE,0x3057,0x306D,0x3058,0x56DE,0x3057,0x306D,0x3058,0x56DE,0x3057,0x3057,0x3083,0x3079,0x308B,0x30B7,0x30E3,
  0x30D9,0x30EB,0x30B7,0x30E3,0x30D9,0x30EB,0x30B7,0x30E3,0x30D9,0x30EB,0x5468,0x56F2,0x306E,0x58C1,0x5468,0x56F2,0x306E,0x58C1,0x5468,0x56F2,0x306E,0x58C1,0x5468,0x56F2,
  0x306E,0x58C1,0x306E,0x3053,0x3089,0x305A,0x305C,0x3093,0x3076,0x306E,0x3053,0x3089,0x305A,0x305C,0x3093,0x3076,0x3059,0x3044,0x3063,0x3061,0x30B9,0x30A4,0x30C3,0x30C1,
  0x30B9,0x30A4,0x30C3,0x30C1,0x30B9,0x30A4,0x30C3,0x30C1,0x304B,0x306A,0x308A,0x3042,0x30AB,0x30CA,0x30EA,0x30A2,0x30AB,0x30CA,0x30EA,0x30A2,0x30AB,0x30CA,0x30EA,0x30A2,
  0x3089,0x3093,0x305F,0x3093,0x30E9,0x30F3,0x30BF,0x30F3,0x30E9,0x30F3,0x30BF,0x30F3,0x30E9,0x30F3,0x30BF,0x30F3,0x5B9D,0x77F3,0x306E,0x5375,0x5B9D,0x77F3,0x306E,0x5375,
  0x5B9D,0x77F3,0x306E,0x5375,0x5B9D,0x77F3,0x306E,0x5375,0x6620,0x3063,0x305F,0x59FF,0x6620,0x3063,0x305F,0x59FF,0x6620,0x3063,0x305F,0x59FF,0x6620,0x3063,0x305F,0x59FF,
  0x5730,0x4E0B,0x8FF7,0x5BAE,0x5730,0x4E0B,0x8FF7,0x5BAE,0x5730,0x4E0B,0x8FF7,0x5BAE,0x5730,0x4E0B,0x8FF7,0x5BAE,0x305E,0x3046,0x304C,0x3093,0x8C61,0x5D4C,0x305E,0x3046,
  0x304C,0x3093,0x8C61,0x5D4C,0x304C,0x3093,0x307A,0x304D,0x5CA9,0x58C1,0x304C,0x3093,0x307A,0x304D,0x5CA9,0x58C1,0x304B,0x3093,0x307A,0x304D,0x5B8C,0x74A7,0x304B,0x3093,
  0x307A,0x304D,0x5B8C,0x74A7,0x3056,0x3093,0x3052,0x304D,0x65AC,0x6483,0x3056,0x3093,0x3052,0x304D,0x65AC,0x6483,0x3089,0x3080,0x305B,0x3059,0x30E9,0x30E0,0x30BB,0x30B9,
  0x30E9,0x30E0,0x30BB,0x30B9,0x30E9,0x30E0,0x30BB,0x30B9,0x3089,0x3080,0x305B,0x3059,0x30E9,0x30E0,0x30BB,0x30B9,0x3089,0x3080,0x305B,0x3059,0x30E9,0x30E0,0x30BB,0x30B9,
  0x307B,0x304F,0x3068,0x3046,0x307B,0x304F,0x3068,0x3046,0x307B,0x304F,0x3068,0x3046,0x307B,0x304F,0x3068,0x3046,0x307B,0x304F,0x305B,0x3044,0x307B,0x304F,0x305B,0x3044,
  0x307B,0x304F,0x305B,0x3044,0x307B,0x304F,0x305B,0x3044,0x306A,0x3093,0x3068,0x3046,0x306A,0x3093,0x3068,0x3046,0x306A,0x3093,0x3068,0x3046,0x306A,0x3093,0x3068,0x3046,
  0x306A,0x3093,0x305B,0x3044,0x306A,0x3093,0x305B,0x3044,0x306A,0x3093,0x305B,0x3044,0x306A,0x3093,0x305B,0x3044,0x7740,0x9678,0x3059,0x308B,0x7740,0x9678,0x3059,0x308B,
  0x7740,0x9678,0x3059,0x308B,0x7740,0x9678,0x3059,0x308B,0x4E0A,0x9678,0x3059,0x308B,0x4E0A,0x9678,0x3059,0x308B,0x4E0A,0x9678,0x3059,0x308B,0x4E0A,0x9678,0x3059,0x308B,
  0x7740,0x5CB8,0x3059,0x308B,0x7740,0x5CB8,0x3059,0x308B,0x7740,0x5CB8,0x3059,0x308B,0x7740,0x5CB8,0x3059,0x308B,0x5CB8,0x306B,0x7740,0x304F,0x5CB8,0x306B,0x7740,0x304F,
  0x5CB8,0x306B,0x7740,0x304F,0x5CB8,0x306B,0x7740,0x304F,0x5CB8,0x306B,0x3064,0x304F,0x5CB8,0x306B,0x3064,0x304F,0x5CB8,0x306B,0x3064,0x304F,0x5CB8,0x306B,0x3064,0x304F,
  0x3055,0x3044,0x3060,0x3093,0x796D,0x58C7,0x3055,0x3044,0x3060,0x3093,0x796D,0x58C7,0x3044,0x3057,0x3065,0x304B,0x77F3,0x585A,0x3044,0x3057,0x3065,0x304B,0x77F3,0x585A,
  0x3053,0x3046,0x3082,0x308A,0x8759,0x8760,0x3053,0x3046,0x3082,0x308A,0x8759,0x8760,0x304B,0x3093,0x306C,0x304D,0x9582,0x304B,0x3093,0x306C,0x304D,0x9582,0x304C,0x3044,
  0x3053,0x3064,0x9AB8,0x9AA8,0x304C,0x3044,0x3053,0x3064,0x9AB8,0x9AA8,0x305B,0x3044,0x306F,0x3044,0x8056,0x676F,0x305B,0x3044,0x306F,0x3044,0x8056,0x676F,0x3048,0x3093,
  0x3068,0x3064,0x7159,0x7A81,0x3048,0x3093,0x3068,0x3064,0x7159,0x7A81,0x3044,0x308F,0x3060,0x306A,0x5CA9,0x68DA,0x3044,0x308F,0x3060,0x306A,0x5CA9,0x68DA,0x308A,0x3087,
  0x3046,0x3066,0x4E21,0x624B,0x308A,0x3087,0x3046,0x3066,0x4E21,0x624B,0x3042,0x3044,0x304B,0x304E,0x5408,0x9375,0x3042,0x3044,0x304B,0x304E,0x5408,0x9375,0x3084,0x307E,
  0x306A,0x307F,0x5C71,0x4E26,0x307F,0x3084,0x307E,0x306A,0x307F,0x5C71,0x4E26,0x307F,0x3068,0x308A,0x306E,0x3059,0x9CE5,0x306E,0x5DE3,0x3068,0x308A,0x306E,0x3059,0x9CE5,
  0x306E,0x5DE3,0x3075,0x306A,0x306E,0x308A,0x8239,0x4E57,0x308A,0x3075,0x306A,0x306E,0x308A,0x8239,0x4E57,0x308A,0x3059,0x3053,0x3063,0x3077,0x30B7,0x30E3,0x30D9,0x30EB,
  0x30B9,0x30B3,0x30C3,0x30D7,0x30B9,0x30B3,0x30C3,0x30D7,0x304B,0x3044,0x3060,0x3093,0x968E,0x6BB5,0x304B,0x3044,0x3060,0x3093,0x968E,0x6BB5,0x305F,0x3093,0x3051,0x3093,
  0x77ED,0x5263,0x305F,0x3093,0x3051,0x3093,0x77ED,0x5263,0x3068,0x3046,0x305E,0x304F,0x76D7,0x8CCA,0x3068,0x3046,0x305E,0x304F,0x76D7,0x8CCA,0x305F,0x3044,0x307E,0x3064,
  0x677E,0x660E,0x305F,0x3044,0x307E,0x3064,0x677E,0x660E,0x77F3,0x306E,0x3069,0x3042,0x77F3,0x306E,0x6249,0x77F3,0x306E,0x30C9,0x30A2,0x77F3,0x306E,0x30C9,0x30A2,0x5438,
  0x8840,0x8759,0x8760,0x8759,0x8760,0x5438,0x8840,0x8759,0x8760,0x5438,0x8840,0x8759,0x8760,0x3075,0x3072,0x3087,0x3046,0x8D64,0x3044,0x6D6E,0x6A19,0x3075,0x3072,0x3087,
  0x3046,0x3075,0x3072,0x3087,0x3046,0x77F3,0x70AD,0x306E,0x5C71,0x5C0F,0x3055,0x306A,0x77F3,0x70AD,0x306E,0x5C71,0x77F3,0x70AD,0x306E,0x5C71,0x77F3,0x70AD,0x306E,0x5C71,
  0x3059,0x3044,0x3082,0x3093,0x30C0,0x30E0,0x3059,0x3044,0x3082,0x3093,0x6C34,0x9580,0x7A7A,0x6C17,0x5165,0x308C,0x624B,0x62BC,0x3057,0x306E,0x7A7A,0x6C17,0x5165,0x308C,
  0x7A7A,0x6C17,0x5165,0x308C,0x7A7A,0x6C17,0x5165,0x308C,0x7A7A,0x3044,0x305F,0x821F,0x7A74,0x306E,0x7A7A,0x3044,0x305F,0x821F,0x7A7A,0x3044,0x305F,0x821F,0x7A7A,0x3044,
  0x305F,0x821F,0x3076,0x3063,0x3057,0x3064,0x7C98,0x308A,0x306E,0x3042,0x308B,0x7269,0x8CEA,0x3076,0x3063,0x3057,0x3064,0x3076,0x3063,0x3057,0x3064,0x306E,0x3079,0x307C,
  0x3046,0x767D,0x91D1,0x306E,0x5EF6,0x3079,0x68D2,0x306E,0x3079,0x307C,0x3046,0x5EF6,0x3079,0x68D2,0x3057,0x3087,0x3082,0x3064,0x9ED2,0x3044,0x66F8,0x7269,0x3057,0x3087,
  0x3082,0x3064,0x66F8,0x7269,0x308D,0x3046,0x305D,0x304F,0x4E00,0x5BFE,0x306E,0x874B,0x71ED,0x308D,0x3046,0x305D,0x304F,0x874B,0x71ED,0x306B,0x3093,0x306B,0x304F,0x306B,
  0x3093,0x306B,0x304F,0x306E,0x4E00,0x7247,0x306B,0x3093,0x306B,0x304F,0x4E00,0x7247,0x307C,0x3046,0x308C,0x3044,0x4EA1,0x970A,0x306E,0x7FA4,0x308C,0x307C,0x3046,0x308C,
  0x3044,0x4EA1,0x970A,0x3042,0x3093,0x306A,0x3044,0x6848,0x5185,0x66F8,0x3042,0x3093,0x306A,0x3044,0x6848,0x5185,0x3053,0x3046,0x3055,0x3044,0x30AC,0x30E9,0x30B9,0x8CEA,
  0x306E,0x9271,0x6ED3,0x306E,0x304B,0x3051,0x3089,0x3053,0x3046,0x3055,0x3044,0x9271,0x6ED3,0x304B,0x305F,0x307E,0x308A,0x30D3,0x30CB,0x30FC,0x30EB,0x306E,0x584A,0x304B,
  0x305F,0x307E,0x308A,0x584A,0x3079,0x3093,0x3068,0x3046,0x663C,0x98DF,0x3079,0x3093,0x3068,0x3046,0x5F01,0x5F53,0x3057,0x3083,0x3081,0x3093,0x6ED1,0x308A,0x53F0,0x3057,
  0x3083,0x3081,0x3093,0x659C,0x9762,0x3044,0x3057,0x3060,0x3093,0x968E,0x6BB5,0x3044,0x3057,0x3060,0x3093,0x77F3,0x6BB5,0x3069,0x308D,0x307C,0x3046,0x76D7,0x8CCA,0x3069,
  0x308D,0x307C,0x3046,0x6CE5,0x68D2,0x3053,0x3046,0x307C,0x304F,0x6298,0x308C,0x305F,0x5751,0x6728,0x3053,0x3046,0x307C,0x304F,0x5751,0x6728,0x306F,0x307F,0x304C,0x304D,
  0x7B52,0x306F,0x307F,0x304C,0x304D,0x6B6F,0x78E8,0x304D,0x7D30,0x304B,0x3044,0x5B57,0x9EC4,0x8910,0x8272,0x306E,0x672D,0x7D30,0x304B,0x3044,0x5B57,0x7D30,0x304B,0x3044,
  0x5B57,0x304B,0x3044,0x3076,0x3064,0x30B5,0x30A4,0x30AF,0x30ED,0x30D7,0x30B9,0x304B,0x3044,0x3076,0x3064,0x602A,0x7269,0x81EA,0x5206,0x81EA,0x8EAB,0x81EA,0x5206,0x81EA,
  0x5206,0x81EA,0x8EAB,0x81EA,0x5206,0x81EA,0x8EAB,0x3042,0x3055,0x306A,0x308F,0x7E04,0x3042,0x3055,0x306A,0x308F,0x9EBB,0x7E04,0x3057,0x3085,0x30FC,0x3068,0x6ED1,0x308A,
  0x53F0,0x30B7,0x30E5,0x30FC,0x30C8,0x30B7,0x30E5,0x30FC,0x30C8,0x843D,0x3068,0x3057,0x6238,0x63DA,0x3052,0x6238,0x843D,0x3068,0x3057,0x6238,0x843D,0x3068,0x3057,0x6238,
  0x5927,0x304D,0x306A,0x6728,0x6728,0x5927,0x304D,0x306A,0x6728,0x5927,0x304D,0x306A,0x6728,0x5B9D,0x77F3,0x306E,0x7BB1,0x5B9D,0x77F3,0x306E,0x8A70,0x307E,0x3063,0x305F,
  0x30C8,0x30E9,0x30F3,0x30AF,0x5B9D,0x77F3,0x306E,0x7BB1,0x5B9D,0x77F3,0x306E,0x7BB1,0x6B6F,0x78E8,0x304D,0x7C89,0x7B52,0x6B6F,0x78E8,0x304D,0x7C89,0x6B6F,0x78E8,0x304D,
  0x7C89,0x6728,0x306E,0x3069,0x3042,0x6728,0x306E,0x6249,0x6728,0x306E,0x30C9,0x30A2,0x6728,0x306E,0x30C9,0x30A2,0x306A,0x304D,0x304C,0x3089,0x6B7B,0x4F53,0x306E,0x5C71,
  0x306A,0x304D,0x304C,0x3089,0x4EA1,0x9AB8,0x306F,0x3063,0x3053,0x3064,0x9AB8,0x9AA8,0x306F,0x3063,0x3053,0x3064,0x767D,0x9AA8,0x3055,0x304B,0x305A,0x304D,0x8056,0x676F,
  0x3055,0x304B,0x305A,0x304D,0x676F,0x305B,0x304D,0x305F,0x3093,0x5C0F,0x3055,0x306A,0x77F3,0x70AD,0x306E,0x5C71,0x305B,0x304D,0x305F,0x3093,0x77F3,0x70AD,0x3082,0x308C,
  0x3050,0x3061,0x6F0F,0x308C,0x3082,0x308C,0x3050,0x3061,0x6F0F,0x308C,0x53E3,0x3072,0x308B,0x3081,0x3057,0x663C,0x98DF,0x3072,0x308B,0x3081,0x3057,0x663C,0x98EF,0x3088,
  0x3046,0x3072,0x3057,0x53E4,0x3044,0x5730,0x56F3,0x3088,0x3046,0x3072,0x3057,0x7F8A,0x76AE,0x7D19,0x5C0F,0x3055,0x306A,0x7D19,0x005A,0x004F,0x0052,0x004B,0x0020,0x53D6,
  0x6271,0x8AAC,0x660E,0x66F8,0x5C0F,0x3055,0x306A,0x7D19,0x5C0F,0x3055,0x306A,0x7D19,0x304A,0x3046,0x3054,0x3093,0x91D1,0x306E,0x58FA,0x304A,0x3046,0x3054,0x3093,0x9EC4,
  0x91D1,0x3060,0x3093,0x3060,0x3093,0x968E,0x6BB5,0x3060,0x3093,0x3060,0x3093,0x6BB5,0x3005,0x3054,0x3046,0x3068,0x3046,0x76D7,0x8CCA,0x3054,0x3046,0x3068,0x3046,0x5F37,
  0x76D7,0x304A,0x3068,0x3057,0x3069,0x63DA,0x3052,0x6238,0x304A,0x3068,0x3057,0x3069,0x843D,0x3068,0x3057,0x6238,0x304D,0x306E,0x3069,0x3042,0x6728,0x306E,0x6249,0x304D,
  0x306E,0x3069,0x3042,0x6728,0x306E,0x30C9,0x30A2,0x3072,0x3068,0x3064,0x3081,0x30B5,0x30A4,0x30AF,0x30ED,0x30D7,0x30B9,0x3072,0x3068,0x3064,0x3081,0x4E00,0x3064,0x76EE,
  0x304B,0x3093,0x3070,0x3059,0x7D75,0x753B,0x30AB,0x30F3,0x30D0,0x30B9,0x30AB,0x30F3,0x30D0,0x30B9,0x3068,0x3089,0x3093,0x304F,0x5B9D,0x77F3,0x306E,0x8A70,0x307E,0x3063,
  0x305F,0x30C8,0x30E9,0x30F3,0x30AF,0x30C8,0x30E9,0x30F3,0x30AF,0x30C8,0x30E9,0x30F3,0x30AF,0x3061,0x3085,0x30FC,0x3076,0x7B52,0x30C1,0x30E5,0x30FC,0x30D6,0x30C1,0x30E5,
  0x30FC,0x30D6,0x305F,0x3079,0x3082,0x306E,0x663C,0x98DF,0x305F,0x3079,0x3082,0x306E,0x98DF,0x3079,0x7269,0x3051,0x3093,0x3055,0x304D,0x5263,0x3051,0x3093,0x3055,0x304D,
  0x5263,0x5148,0x7B54,0x3048,0x308B,0x7B54,0x3048,0x308B,0x7B54,0x3048,0x308B,0x7B54,0x3048,0x308B,0x5F53,0x3066,0x308B,0x5F53,0x3066,0x308B,0x5F53,0x3066,0x308B,0x5F53,
  0x3066,0x308B,0x3042,0x3066,0x308B,0x5F53,0x3066,0x308B,0x3042,0x3066,0x308B,0x3042,0x3066,0x308B,0x304A,0x305D,0x3046,0x653B,0x6483,0x3059,0x308B,0x304A,0x305D,0x3046,
  0x304A,0x305D,0x3046,0x3082,0x3069,0x308B,0x623B,0x308B,0x3082,0x3069,0x308B,0x3082,0x3069,0x308B,0x7C21,0x6F54,0x306B,0x7C21,0x6F54,0x306B,0x7C21,0x6F54,0x306B,0x7C21,
  0x6F54,0x306B,0x307F,0x304C,0x304F,0x78E8,0x304F,0x307F,0x304C,0x304F,0x307F,0x304C,0x304F,0x71C3,0x3084,0x3059,0x71C3,0x3084,0x3059,0x71C3,0x3084,0x3059,0x71C3,0x3084,
  0x3059,0x3082,0x3084,0x3059,0x71C3,0x3084,0x3059,0x3082,0x3084,0x3059,0x3082,0x3084,0x3059,0x304B,0x3058,0x308B,0x304B,0x3058,0x308B,0x304B,0x3058,0x308B,0x304B,0x3058,
  0x308B,0x306E,0x307C,0x308B,0x767B,0x308B,0x306E,0x307C,0x308B,0x306E,0x307C,0x308B,0x9589,0x3081,0x308B,0x9589,0x3081,0x308B,0x9589,0x3081,0x308B,0x9589,0x3081,0x308B,
  0x3057,0x3081,0x308B,0x9589,0x3081,0x308B,0x3057,0x3081,0x308B,0x3057,0x3081,0x308B,0x9589,0x3058,0x308B,0x9589,0x3081,0x308B,0x9589,0x3058,0x308B,0x9589,0x3058,0x308B,
  0x3068,0x3058,0x308B,0x9589,0x3081,0x308B,0x3068,0x3058,0x308B,0x3068,0x3058,0x308B,0x3075,0x3055,0x3050,0x9589,0x3081,0x308B,0x3075,0x3055,0x3050,0x3075,0x3055,0x3050,
  0x547D,0x3058,0x308B,0x547D,0x3058,0x308B,0x547D,0x3058,0x308B,0x547D,0x3058,0x308B,0x6570,0x3048,0x308B,0x6570,0x3048,0x308B,0x6570,0x3048,0x308B,0x6570,0x3048,0x308B,
  0x308F,0x305F,0x308B,0x6E21,0x308B,0x308F,0x305F,0x308B,0x308F,0x305F,0x308B,0x6A2A,0x5207,0x308B,0x6E21,0x308B,0x6A2A,0x5207,0x308B,0x6A2A,0x5207,0x308B,0x3053,0x308F,
  0x3059,0x58CA,0x3059,0x3053,0x308F,0x3059,0x3053,0x308F,0x3059,0x3050,0x3042,0x3044,0x8A3A,0x65AD,0x3050,0x3042,0x3044,0x3050,0x3042,0x3044,0x964D,0x308A,0x308B,0x964D,
  0x308A,0x308B,0x964D,0x308A,0x308B,0x964D,0x308A,0x308B,0x304A,0x308A,0x308B,0x964D,0x308A,0x308B,0x304A,0x308A,0x308B,0x304A,0x308A,0x308B,0x843D,0x3068,0x3059,0x7F6E,
  0x304F,0x843D,0x3068,0x3059,0x843D,0x3068,0x3059,0x304A,0x3068,0x3059,0x7F6E,0x304F,0x304A,0x3068,0x3059,0x304A,0x3068,0x3059,0x6368,0x3066,0x308B,0x7F6E,0x304F,0x6368,
  0x3066,0x308B,0x6368,0x3066,0x308B,0x3059,0x3066,0x308B,0x7F6E,0x304F,0x3059,0x3066,0x308B,0x3059,0x3066,0x308B,0x624B,0x653E,0x3059,0x7F6E,0x304F,0x624B,0x653E,0x3059,
  0x624B,0x653E,0x3059,0x98DF,0x3079,0x308B,0x98DF,0x3079,0x308B,0x98DF,0x3079,0x308B,0x98DF,0x3079,0x308B,0x305F,0x3079,0x308B,0x98DF,0x3079,0x308B,0x305F,0x3079,0x308B,
  0x305F,0x3079,0x308B,0x3048,0x3053,0x30FC,0x30A8,0x30B3,0x30FC,0x30A8,0x30B3,0x30FC,0x30A8,0x30B3,0x30FC,0x3053,0x3060,0x307E,0x30A8,0x30B3,0x30FC,0x3053,0x3060,0x307E,
  0x3053,0x3060,0x307E,0x306F,0x3044,0x308B,0x5165,0x308B,0x306F,0x3044,0x308B,0x306F,0x3044,0x308B,0x304F,0x3050,0x308B,0x5165,0x308B,0x304F,0x3050,0x308B,0x304F,0x3050,
  0x308B,0x8ABF,0x3079,0x308B,0x8ABF,0x3079,0x308B,0x8ABF,0x3079,0x308B,0x8ABF,0x3079,0x308B,0x629C,0x3051,0x308B,0x51FA,0x308B,0x629C,0x3051,0x308B,0x629C,0x3051,0x308B,
  0x306C,0x3051,0x308B,0x51FA,0x308B,0x306C,0x3051,0x308B,0x306C,0x3051,0x308B,0x306F,0x3089,0x3046,0x7953,0x3046,0x306F,0x3089,0x3046,0x306F,0x3089,0x3046,0x6E80,0x305F,
  0x3059,0x6E80,0x305F,0x3059,0x6E80,0x305F,0x3059,0x6E80,0x305F,0x3059,0x307F,0x305F,0x3059,0x6E80,0x305F,0x3059,0x307F,0x305F,0x3059,0x307F,0x305F,0x3059,0x308F,0x305F,
  0x3059,0x6E21,0x3059,0x308F,0x305F,0x3059,0x308F,0x305F,0x3059,0x4E0E,0x3048,0x308B,0x6E21,0x3059,0x4E0E,0x3048,0x308B,0x4E0E,0x3048,0x308B,0x304B,0x3048,0x3059,0x5B75,
  0x3059,0x304B,0x3048,0x3059,0x304B,0x3048,0x3059,0x6301,0x3061,0x7269,0x6301,0x3061,0x7269,0x6301,0x3061,0x7269,0x6301,0x3061,0x7269,0x6240,0x6301,0x54C1,0x6301,0x3061,
  0x7269,0x6240,0x6301,0x54C1,0x6240,0x6301,0x54C1,0x306B,0x3082,0x3064,0x6301,0x3061,0x7269,0x306B,0x3082,0x3064,0x306B,0x3082,0x3064,0x3053,0x308D,0x3059,0x6BBA,0x3059,
  0x3053,0x308D,0x3059,0x3053,0x308D,0x3059,0x305F,0x304A,0x3059,0x6BBA,0x3059,0x305F,0x304A,0x3059,0x305F,0x304A,0x3059,0x305F,0x305F,0x304F,0x53E9,0x304F,0x305F,0x305F,
  0x304F,0x305F,0x305F,0x304F,0x70B9,0x3051,0x308B,0x70B9,0x3051,0x308B,0x70B9,0x3051,0x308B,0x70B9,0x3051,0x308B,0x3064,0x3051,0x308B,0x70B9,0x3051,0x308B,0x3064,0x3051,
  0x308B,0x3064,0x3051,0x308B,0x3068,0x3082,0x3059,0x70B9,0x3051,0x308B,0x3068,0x3082,0x3059,0x3068,0x3082,0x3059,0x898B,0x56DE,0x3059,0x898B,0x308B,0x898B,0x56DE,0x3059,
  0x898B,0x56DE,0x3059,0x773A,0x3081,0x308B,0x898B,0x308B,0x773A,0x3081,0x308B,0x773A,0x3081,0x308B,0x306E,0x305E,0x304F,0x898B,0x308B,0x306E,0x305E,0x304F,0x306E,0x305E,
  0x304F,0x4E0B,0x3052,0x308B,0x4E0B,0x3052,0x308B,0x4E0B,0x3052,0x308B,0x4E0B,0x3052,0x308B,0x3055,0x3052,0x308B,0x4E0B,0x3052,0x308B,0x3055,0x3052,0x308B,0x3055,0x3052,
  0x308B,0x3064,0x304F,0x308B,0x4F5C,0x308B,0x3064,0x304F,0x308B,0x3064,0x304F,0x308B,0x6EB6,0x304B,0x3059,0x6EB6,0x304B,0x3059,0x6EB6,0x304B,0x3059,0x6EB6,0x304B,0x3059,
  0x3068,0x304B,0x3059,0x6EB6,0x304B,0x3059,0x3068,0x304B,0x3059,0x3068,0x304B,0x3059,0x52D5,0x304B,0x3059,0x52D5,0x304B,0x3059,0x52D5,0x304B,0x3059,0x52D5,0x304B,0x3059,
  0x3069,0x304B,0x3059,0x52D5,0x304B,0x3059,0x3069,0x304B,0x3059,0x3069,0x304B,0x3059,0x305A,0x3089,0x3059,0x52D5,0x304B,0x3059,0x305A,0x3089,0x3059,0x305A,0x3089,0x3059,
  0x3081,0x304F,0x308B,0x52D5,0x304B,0x3059,0x3081,0x304F,0x308B,0x3081,0x304F,0x308B,0x3069,0x3051,0x308B,0x52D5,0x304B,0x3059,0x3069,0x3051,0x308B,0x3069,0x3051,0x308B,
  0x5BC4,0x305B,0x308B,0x52D5,0x304B,0x3059,0x5BC4,0x305B,0x308B,0x5BC4,0x305B,0x308B,0x3088,0x305B,0x308B,0x52D5,0x304B,0x3059,0x3088,0x305B,0x308B,0x3088,0x305B,0x308B,
  0x958B,0x3051,0x308B,0x958B,0x3051,0x308B,0x958B,0x3051,0x308B,0x958B,0x3051,0x308B,0x3042,0x3051,0x308B,0x958B,0x3051,0x308B,0x3042,0x3051,0x308B,0x3042,0x3051,0x308B,
  0x3072,0x3089,0x304F,0x958B,0x3051,0x308B,0x3072,0x3089,0x304F,0x3072,0x3089,0x304F,0x3042,0x305D,0x3076,0x6F14,0x594F,0x3059,0x308B,0x3042,0x305D,0x3076,0x3042,0x305D,
  0x3076,0x3075,0x3055,0x3050,0x585E,0x3050,0x3075,0x3055,0x3050,0x3075,0x3055,0x3050,0x8A70,0x3081,0x308B,0x585E,0x3050,0x8A70,0x3081,0x308B,0x8A70,0x3081,0x308B,0x3064,
  0x3081,0x308B,0x585E,0x3050,0x3064,0x3081,0x308B,0x3064,0x3081,0x308B,0x3077,0x3089,0x3050,0x30D7,0x30E9,0x30B0,0x30D7,0x30E9,0x30B0,0x30D7,0x30E9,0x30B0,0x305D,0x305D,
  0x3050,0x6CE8,0x3050,0x305D,0x305D,0x3050,0x305D,0x305D,0x3050,0x3044,0x306E,0x308B,0x7948,0x308B,0x3044,0x306E,0x308B,0x3044,0x306E,0x308B,0x305F,0x3050,0x308B,0x5F15,
  0x304F,0x305F,0x3050,0x308B,0x305F,0x3050,0x308B,0x5165,0x308C,0x308B,0x5165,0x308C,0x308B,0x5165,0x308C,0x308B,0x5165,0x308C,0x308B,0x3044,0x308C,0x308B,0x5165,0x308C,
  0x308B,0x3044,0x308C,0x308B,0x3044,0x308C,0x308B,0x3057,0x307E,0x3046,0x5165,0x308C,0x308B,0x3057,0x307E,0x3046,0x3057,0x307E,0x3046,0x53CE,0x3081,0x308B,0x5165,0x308C,
  0x308B,0x53CE,0x3081,0x308B,0x53CE,0x3081,0x308B,0x3084,0x3081,0x308B,0x3084,0x3081,0x308B,0x3084,0x3081,0x308B,0x3084,0x3081,0x308B,0x7D42,0x308F,0x308B,0x3084,0x3081,
  0x308B,0x7D42,0x308F,0x308B,0x7D42,0x308F,0x308B,0x304A,0x308F,0x308B,0x3084,0x3081,0x308B,0x304A,0x308F,0x308B,0x304A,0x308F,0x308B,0x6094,0x3044,0x308B,0x6094,0x3044,
  0x6539,0x3081,0x308B,0x6094,0x3044,0x308B,0x6094,0x3044,0x308B,0x304F,0x3044,0x308B,0x6094,0x3044,0x6539,0x3081,0x308B,0x304F,0x3044,0x308B,0x304F,0x3044,0x308B,0x308D,
  0x30FC,0x3069,0x518D,0x958B,0x3059,0x308B,0x30ED,0x30FC,0x30C9,0x30ED,0x30FC,0x30C9,0x9CF4,0x3089,0x3059,0x9CF4,0x3089,0x3059,0x9CF4,0x3089,0x3059,0x9CF4,0x3089,0x3059,
  0x306A,0x3089,0x3059,0x9CF4,0x3089,0x3059,0x306A,0x3089,0x3059,0x306A,0x3089,0x3059,0x8EE2,0x304C,0x3059,0x8EE2,0x304C,0x3059,0x8EE2,0x304C,0x3059,0x8EE2,0x304C,0x3059,
  0x3055,0x308F,0x308B,0x89E6,0x308B,0x3055,0x308F,0x308B,0x3055,0x308F,0x308B,0x89E6,0x308C,0x308B,0x89E6,0x308B,0x89E6,0x308C,0x308B,0x89E6,0x308C,0x308B,0x3075,0x308C,
  0x308B,0x89E6,0x308B,0x3075,0x308C,0x308B,0x3075,0x308C,0x308B,0x64AB,0x3067,0x308B,0x89E6,0x308B,0x64AB,0x3067,0x308B,0x64AB,0x3067,0x308B,0x306A,0x3067,0x308B,0x89E6,
  0x308B,0x306A,0x3067,0x308B,0x306A,0x3067,0x308B,0x3053,0x3059,0x308B,0x89E6,0x308B,0x3053,0x3059,0x308B,0x3053,0x3059,0x308B,0x305B,0x30FC,0x3076,0x4FDD,0x5B58,0x3059,
  0x308B,0x30BB,0x30FC,0x30D6,0x30BB,0x30FC,0x30D6,0x3059,0x3053,0x3042,0x5F97,0x70B9,0x30B9,0x30B3,0x30A2,0x30B9,0x30B3,0x30A2,0x3055,0x304C,0x3059,0x63A2,0x3059,0x3055,
  0x304C,0x3059,0x3055,0x304C,0x3059,0x3042,0x3055,0x308B,0x63A2,0x3059,0x3042,0x3055,0x308B,0x3042,0x3055,0x308B,0x63FA,0x3059,0x308B,0x63FA,0x3059,0x308B,0x63FA,0x3059,
  0x308B,0x63FA,0x3059,0x308B,0x3086,0x3059,0x308B,0x63FA,0x3059,0x308B,0x3086,0x3059,0x308B,0x3086,0x3059,0x308B,0x3059,0x3079,0x308B,0x6ED1,0x308A,0x964D,0x308A,0x308B,
  0x3059,0x3079,0x308B,0x3059,0x3079,0x308B,0x304B,0x3051,0x308B,0x5439,0x304D,0x304B,0x3051,0x308B,0x304B,0x3051,0x308B,0x304B,0x3051,0x308B,0x306B,0x304E,0x308B,0x63E1,
  0x308B,0x306B,0x304E,0x308B,0x306B,0x304E,0x308B,0x8D85,0x7C21,0x6F54,0x3054,0x304F,0x7C21,0x6F54,0x306B,0x8D85,0x7C21,0x6F54,0x8D85,0x7C21,0x6F54,0x304A,0x3088,0x3050,
  0x6CF3,0x3050,0x304A,0x3088,0x3050,0x304A,0x3088,0x3050,0x3072,0x308D,0x3046,0x53D6,0x308B,0x3072,0x308D,0x3046,0x3072,0x308D,0x3046,0x3064,0x304B,0x3080,0x53D6,0x308B,
  0x3064,0x304B,0x3080,0x3064,0x304B,0x3080,0x306F,0x305A,0x3059,0x53D6,0x308B,0x306F,0x305A,0x3059,0x306F,0x305A,0x3059,0x306F,0x306A,0x3059,0x8A71,0x3057,0x304B,0x3051,
  0x308B,0x306F,0x306A,0x3059,0x306F,0x306A,0x3059,0x4F1D,0x3048,0x308B,0x4F1D,0x3048,0x308B,0x4F1D,0x3048,0x308B,0x4F1D,0x3048,0x308B,0x6295,0x3052,0x308B,0x6295,0x3052,
  0x308B,0x6295,0x3052,0x308B,0x6295,0x3052,0x308B,0x306A,0x3052,0x308B,0x6295,0x3052,0x308B,0x306A,0x3052,0x308B,0x306A,0x3052,0x308B,0x307B,0x3046,0x308B,0x6295,0x3052,
  0x308B,0x307B,0x3046,0x308B,0x307B,0x3046,0x308B,0x3080,0x3059,0x3076,0x7D50,0x3076,0x3080,0x3059,0x3076,0x3080,0x3059,0x3076,0x3057,0x3070,0x308B,0x7D50,0x3076,0x3057,
  0x3070,0x308B,0x3057,0x3070,0x308B,0x3064,0x306A,0x3050,0x7D50,0x3076,0x3064,0x306A,0x3050,0x3064,0x306A,0x3050,0x305F,0x304B,0x3089,0x5B9D,0x305F,0x304B,0x3089,0x305F,
  0x304B,0x3089,0x307E,0x308F,0x3059,0x56DE,0x3059,0x307E,0x308F,0x3059,0x307E,0x308F,0x3059,0x3072,0x306D,0x308B,0x56DE,0x3059,0x3072,0x306D,0x308B,0x3072,0x306D,0x308B,
  0x307B,0x3069,0x304F,0x89E3,0x304F,0x307B,0x3069,0x304F,0x307B,0x3069,0x304F,0x8A73,0x3057,0x304F,0x8A73,0x3057,0x304F,0x8A73,0x3057,0x304F,0x8A73,0x3057,0x304F,0x3084,
  0x3059,0x3080,0x5F85,0x3064,0x3084,0x3059,0x3080,0x3084,0x3059,0x3080,0x305F,0x3044,0x304D,0x5F85,0x3064,0x305F,0x3044,0x304D,0x305F,0x3044,0x304D,0x8D77,0x3053,0x3059,
  0x8D77,0x3053,0x3059,0x8D77,0x3053,0x3059,0x8D77,0x3053,0x3059,0x304A,0x3053,0x3059,0x8D77,0x3053,0x3059,0x304A,0x3053,0x3059,0x304A,0x3053,0x3059,0x3042,0x308B,0x304F,
  0x884C,0x304F,0x3042,0x308B,0x304F,0x3042,0x308B,0x304F,0x3059,0x3059,0x3080,0x884C,0x304F,0x3059,0x3059,0x3080,0x3059,0x3059,0x3080,0x306D,0x304C,0x3046,0x9858,0x3046,
  0x306D,0x304C,0x3046,0x306D,0x304C,0x3046,0x3055,0x3051,0x3076,0x53EB,0x3076,0x3055,0x3051,0x3076,0x3055,0x3051,0x3076,0x308F,0x3081,0x304F,0x53EB,0x3076,0x308F,0x3081,
  0x304F,0x308F,0x3081,0x304F,0x305E,0x30FC,0x304F,0x30BE,0x30FC,0x30AF,0x30BE,0x30FC,0x30AF,0x30BE,0x30FC,0x30AF,0x307E,0x306C,0x3051,0x307E,0x306C,0x3051,0x307E,0x306C,
  0x3051,0x307E,0x306C,0x3051,0x3061,0x3089,0x3057,0x3061,0x3089,0x3057,0x3061,0x3089,0x3057,0x3061,0x3089,0x3057,0x77F3,0x306E,0x6249,0x77F3,0x306E,0x6249,0x77F3,0x306E,
  0x6249,0x77F3,0x306E,0x6249,0x7DD1,0x306E,0x7403,0x7DD1,0x306E,0x7403,0x7DD1,0x306E,0x7403,0x7DD1,0x306E,0x7403,0x91D1,0x306E,0x68FA,0x91D1,0x306E,0x68FA,0x91D1,0x306E,
  0x68FA,0x91D1,0x306E,0x68FA,0x5236,0x5FA1,0x76E4,0x5236,0x5FA1,0x76E4,0x5236,0x5FA1,0x76E4,0x5236,0x5FA1,0x76E4,0x5272,0x308C,0x76EE,0x5272,0x308C,0x76EE,0x5272,0x308C,
  0x76EE,0x5272,0x308C,0x76EE,0x3050,0x308B,0x30FC,0x30B0,0x30EB,0x30FC,0x30B0,0x30EB,0x30FC,0x30B0,0x30EB,0x30FC,0x6848,0x5185,0x66F8,0x6848,0x5185,0x66F8,0x6848,0x5185,
  0x66F8,0x6848,0x5185,0x66F8,0x5C71,0x4E26,0x307F,0x5C71,0x4E26,0x307F,0x5C71,0x4E26,0x307F,0x5C71,0x4E26,0x307F,0x9CE5,0x306E,0x5DE3,0x9CE5,0x306E,0x5DE3,0x9CE5,0x306E,
  0x5DE3,0x9CE5,0x306E,0x5DE3,0x91D1,0x306E,0x58FA,0x91D1,0x306E,0x58FA,0x91D1,0x306E,0x58FA,0x91D1,0x306E,0x58FA,0x8239,0x4E57,0x308A,0x8239,0x4E57,0x308A,0x8239,0x4E57,
  0x308A,0x8239,0x4E57,0x308A,0x6ED1,0x308A,0x53F0,0x6ED1,0x308A,0x53F0,0x6ED1,0x308A,0x53F0,0x6ED1,0x308A,0x53F0,0x5165,0x308C,0x6B6F,0x5165,0x308C,0x6B6F,0x5165,0x308C,
  0x6B6F,0x5165,0x308C,0x6B6F,0x63DA,0x3052,0x6238,0x63DA,0x3052,0x6238,0x63DA,0x3052,0x6238,0x63DA,0x3052,0x6238,0x3068,0x308D,0x308B,0x30C8,0x30ED,0x30EB,0x30C8,0x30ED,
  0x30EB,0x30C8,0x30ED,0x30EB,0x767D,0x3044,0x5D16,0x767D,0x3044,0x5D16,0x767D,0x3044,0x5D16,0x767D,0x3044,0x5D16,0x767D,0x3044,0x5BB6,0x767D,0x3044,0x5BB6,0x767D,0x3044,
  0x5BB6,0x767D,0x3044,0x5BB6,0x6728,0x306E,0x6249,0x6728,0x306E,0x6249,0x6728,0x306E,0x6249,0x6728,0x306E,0x6249,0x3059,0x3071,0x306A,0x30B9,0x30D1,0x30CA,0x30B9,0x30D1,
  0x30CA,0x30B9,0x30D1,0x30CA,0x305C,0x3093,0x3076,0x305C,0x3093,0x3076,0x305C,0x3093,0x3076,0x305C,0x3093,0x3076,0x3059,0x3079,0x3066,0x305C,0x3093,0x3076,0x3059,0x3079,
  0x3066,0x305C,0x3093,0x3076,0x6B8B,0x3089,0x305A,0x305C,0x3093,0x3076,0x6B8B,0x3089,0x305A,0x305C,0x3093,0x3076,0x3068,0x3073,0x3089,0x6249,0x3068,0x3073,0x3089,0x6249,
  0x307C,0x305F,0x3093,0x30DC,0x30BF,0x30F3,0x30DC,0x30BF,0x30F3,0x30DC,0x30BF,0x30F3,0x3075,0x304F,0x308D,0x888B,0x3075,0x304F,0x308D,0x888B,0x3089,0x3093,0x3077,0x30E9,
  0x30F3,0x30D7,0x30E9,0x30F3,0x30D7,0x30E9,0x30F3,0x30D7,0x307C,0x30FC,0x3068,0x30DC,0x30FC,0x30C8,0x30DC,0x30FC,0x30C8,0x30DC,0x30FC,0x30C8,0x305F,0x307E,0x3054,0x5375,
  0x305F,0x307E,0x3054,0x5375,0x304B,0x304C,0x307F,0x93E1,0x304B,0x304C,0x307F,0x93E1,0x3059,0x304C,0x305F,0x59FF,0x3059,0x304C,0x305F,0x59FF,0x3058,0x3087,0x3046,0x9320,
  0x3058,0x3087,0x3046,0x9320,0x307E,0x306C,0x3051,0x307E,0x306C,0x3051,0x307E,0x306C,0x3051,0x307E,0x306C,0x3051,0x6C34,0x84B8,0x6C17,0x6C34,0x84B8,0x6C17,0x6C34,0x84B8,
  0x6C17,0x6C34,0x84B8,0x6C17,0x304E,0x3057,0x304D,0x5100,0x5F0F,0x304E,0x3057,0x304D,0x5100,0x5F0F,0x3042,0x304B,0x3054,0x8D64,0x5B50,0x3042,0x304B,0x3054,0x8D64,0x5B50,
  0x96FB,0x6C60,0x5F0F,0x96FB,0x6C60,0x5F0F,0x96FB,0x6C60,0x5F0F,0x96FB,0x6C60,0x5F0F,0x904E,0x5270,0x738B,0x904E,0x5270,0x738B,0x904E,0x5270,0x738B,0x904E,0x5270,0x738B,
  0x307F,0x306A,0x307F,0x307F,0x306A,0x307F,0x307F,0x306A,0x307F,0x307F,0x306A,0x307F,0x3072,0x304C,0x3057,0x3072,0x304C,0x3057,0x3072,0x304C,0x3057,0x3072,0x304C,0x3057,
  0x308F,0x308C,0x3081,0x5272,0x308C,0x76EE,0x308F,0x308C,0x3081,0x5272,0x308C,0x76EE,0x3053,0x3046,0x3057,0x683C,0x5B50,0x3053,0x3046,0x3057,0x683C,0x5B50,0x3058,0x3081,
  0x3093,0x5730,0x9762,0x3058,0x3081,0x3093,0x5730,0x9762,0x305D,0x3044,0x3064,0x305D,0x308C,0x305D,0x3044,0x3064,0x305D,0x3044,0x3064,0x304F,0x3046,0x304D,0x7A7A,0x6C17,
  0x304F,0x3046,0x304D,0x7A7A,0x6C17,0x304D,0x304B,0x3044,0x6A5F,0x68B0,0x304D,0x304B,0x3044,0x6A5F,0x68B0,0x3058,0x3076,0x3093,0x81EA,0x5206,0x3058,0x3076,0x3093,0x81EA,
  0x5206,0x304B,0x3044,0x304C,0x7D75,0x753B,0x304B,0x3044,0x304C,0x7D75,0x753B,0x3053,0x307F,0x3061,0x5C0F,0x9053,0x3053,0x307F,0x3061,0x5C0F,0x9053,0x3060,0x3044,0x3056,
  0x53F0,0x5EA7,0x3060,0x3044,0x3056,0x53F0,0x5EA7,0x3053,0x3068,0x308A,0x5C0F,0x9CE5,0x3053,0x3068,0x308A,0x5C0F,0x9CE5,0x3044,0x308C,0x3070,0x5165,0x308C,0x6B6F,0x3044,
  0x308C,0x3070,0x5165,0x308C,0x6B6F,0x3042,0x3052,0x3069,0x63DA,0x3052,0x6238,0x3042,0x3052,0x3069,0x63DA,0x3052,0x6238,0x308C,0x3093,0x3061,0x30B9,0x30D1,0x30CA,0x30EC,
  0x30F3,0x30C1,0x30EC,0x30F3,0x30C1,0x3066,0x304C,0x307F,0x3061,0x3089,0x3057,0x3066,0x304C,0x307F,0x624B,0x7D19,0x91D1,0x8CA8,0x888B,0x9769,0x306E,0x91D1,0x8CA8,0x888B,
  0x91D1,0x8CA8,0x888B,0x91D1,0x8CA8,0x888B,0x5EF6,0x3079,0x68D2,0x767D,0x91D1,0x306E,0x5EF6,0x3079,0x68D2,0x5EF6,0x3079,0x68D2,0x5EF6,0x3079,0x68D2,0x98FE,0x308A,0x7389,
  0x7F8E,0x3057,0x3044,0x771F,0x936E,0x306E,0x98FE,0x308A,0x7389,0x98FE,0x308A,0x7389,0x98FE,0x308A,0x7389,0x307C,0x308B,0x3068,0x9582,0x30DC,0x30EB,0x30C8,0x30DC,0x30EB,
  0x30C8,0x9280,0x306E,0x676F,0x8056,0x676F,0x9280,0x306E,0x676F,0x9280,0x306E,0x676F,0x660E,0x304B,0x308A,0x771F,0x936E,0x306E,0x30E9,0x30F3,0x30BF,0x30F3,0x660E,0x304B,
  0x308A,0x660E,0x304B,0x308A,0x843D,0x3061,0x8449,0x843D,0x3061,0x8449,0x306E,0x5C71,0x843D,0x3061,0x8449,0x843D,0x3061,0x8449,0x90F5,0x4FBF,0x7BB1,0x5C0F,0x3055,0x306A,
  0x90F5,0x4FBF,0x7BB1,0x90F5,0x4FBF,0x7BB1,0x90F5,0x4FBF,0x7BB1,0x307E,0x3063,0x3061,0x30DE,0x30C3,0x30C1,0x30DE,0x30C3,0x30C1,0x30DE,0x30C3,0x30C1,0x5927,0x7406,0x77F3,
  0x53F0,0x5EA7,0x5927,0x7406,0x77F3,0x5927,0x7406,0x77F3,0x624B,0x3059,0x308A,0x6728,0x306E,0x624B,0x3059,0x308A,0x624B,0x3059,0x308A,0x624B,0x3059,0x308A,0x308D,0x30FC,
  0x3077,0x7E04,0x30ED,0x30FC,0x30D7,0x30ED,0x30FC,0x30D7,0x9053,0x5177,0x7BB1,0x9053,0x5177,0x7BB1,0x306E,0x5C71,0x9053,0x5177,0x7BB1,0x9053,0x5177,0x7BB1,0x3068,0x30FC,
  0x3061,0x677E,0x660E,0x30C8,0x30FC,0x30C1,0x30C8,0x30FC,0x30C1,0x5E8A,0x306E,0x6249,0x63DA,0x3052,0x6238,0x5E8A,0x306E,0x6249,0x5E8A,0x306E,0x6249,0x4E09,0x53C9,0x69CD,
  0x6C34,0x6676,0x306E,0x4E09,0x53C9,0x69CD,0x4E09,0x53C9,0x69CD,0x4E09,0x53C9,0x69CD,0x6B6F,0x78E8,0x304D,0x7B52,0x6B6F,0x78E8,0x304D,0x6B6F,0x78E8,0x304D,0x3057,0x305F,
  0x3044,0x6B7B,0x4F53,0x306E,0x5C71,0x3057,0x305F,0x3044,0x6B7B,0x4F53,0x306A,0x3063,0x3068,0x9582,0x30CA,0x30C3,0x30C8,0x30CA,0x30C3,0x30C8,0x3046,0x3067,0x308F,0x30B5,
  0x30D5,0x30A1,0x30A4,0x30A2,0x3092,0x3061,0x308A,0x3070,0x3081,0x305F,0x8155,0x8F2A,0x3046,0x3067,0x308F,0x8155,0x8F2A,0x3072,0x3064,0x304E,0x91D1,0x306E,0x68FA,0x3072,
  0x3064,0x304E,0x68FA,0x3052,0x30FC,0x3068,0x30C0,0x30E0,0x30B2,0x30FC,0x30C8,0x30B2,0x30FC,0x30C8,0x306F,0x3084,0x3057,0x68EE,0x306F,0x3084,0x3057,0x6797,0x306F,0x3057,
  0x3054,0x6728,0x306E,0x68AF,0x5B50,0x306F,0x3057,0x3054,0x68AF,0x5B50,0x3042,0x304B,0x308A,0x771F,0x936E,0x306E,0x30E9,0x30F3,0x30BF,0x30F3,0x3042,0x304B,0x308A,0x660E,
  0x304B,0x308A,0x304A,0x3061,0x3070,0x843D,0x3061,0x8449,0x306E,0x5C71,0x304A,0x3061,0x3070,0x843D,0x3061,0x8449,0x308F,0x305F,0x3057,0x81EA,0x5206,0x308F,0x305F,0x3057,
  0x79C1,0x8AAC,0x660E,0x66F8,0x005A,0x004F,0x0052,0x004B,0x0020,0x53D6,0x6271,0x8AAC,0x660E,0x66F8,0x8AAC,0x660E,0x66F8,0x8AAC,0x660E,0x66F8,0x3053,0x3068,0x3070,0x7948,
  0x308A,0x306E,0x8A00,0x8449,0x3053,0x3068,0x3070,0x8A00,0x8449,0x3066,0x3059,0x308A,0x6728,0x306E,0x624B,0x3059,0x308A,0x3066,0x3059,0x308A,0x624B,0x3059,0x308A,0x3059,
  0x3044,0x3075,0x8239,0x4E57,0x308A,0x3059,0x3044,0x3075,0x6C34,0x592B,0x3048,0x3093,0x3074,0x30B7,0x30E3,0x30D9,0x30EB,0x3048,0x3093,0x3074,0x5186,0x5319,0x3069,0x304F,
  0x308D,0x6C34,0x6676,0x306E,0x9AD1,0x9ACF,0x3069,0x304F,0x308D,0x9AD1,0x9ACF,0x3051,0x30FC,0x3059,0x30C8,0x30ED,0x30D5,0x30A3,0x30FC,0x30B1,0x30FC,0x30B9,0x30B1,0x30FC,
  0x30B9,0x30B1,0x30FC,0x30B9,0x7948,0x7977,0x66F8,0x9ED2,0x3044,0x66F8,0x7269,0x7948,0x7977,0x66F8,0x7948,0x7977,0x66F8,0x304C,0x3089,0x3059,0x30AC,0x30E9,0x30B9,0x30AC,
  0x30E9,0x30B9,0x30AC,0x30E9,0x30B9,0x304D,0x3085,0x3046,0x7DD1,0x306E,0x7403,0x304D,0x3085,0x3046,0x7403,0x304B,0x3051,0x3089,0x30AC,0x30E9,0x30B9,0x8CEA,0x306E,0x9271,
  0x6ED3,0x306E,0x304B,0x3051,0x3089,0x304B,0x3051,0x3089,0x9271,0x6ED3,0x4E07,0x80FD,0x9375,0x5408,0x9375,0x4E07,0x80FD,0x9375,0x4E07,0x80FD,0x9375,0x306A,0x3044,0x3075,
  0x5ACC,0x306A,0x611F,0x3058,0x306E,0x30CA,0x30A4,0x30D5,0x30CA,0x30A4,0x30D5,0x30CA,0x30A4,0x30D5,0x3089,0x3044,0x3068,0x771F,0x936E,0x306E,0x30E9,0x30F3,0x30BF,0x30F3,
  0x30E9,0x30A4,0x30C8,0x30E9,0x30A4,0x30C8,0x6F0F,0x308C,0x53E3,0x6F0F,0x308C,0x6F0F,0x308C,0x53E3,0x6F0F,0x308C,0x53E3,0x8449,0x3063,0x3071,0x843D,0x3061,0x8449,0x306E,
  0x5C71,0x8449,0x3063,0x3071,0x8449,0x3063,0x3071,0x7F8A,0x76AE,0x7D19,0x53E4,0x3044,0x5730,0x56F3,0x7F8A,0x76AE,0x7D19,0x7F8A,0x76AE,0x7D19,0x7F8E,0x8853,0x54C1,0x7D75,
  0x753B,0x7F8E,0x8853,0x54C1,0x7F8E,0x8853,0x54C1,0x5DE5,0x5177,0x7BB1,0x9053,0x5177,0x7BB1,0x306E,0x5C71,0x5DE5,0x5177,0x7BB1,0x5DE5,0x5177,0x7BB1,0x4E00,0x3064,0x76EE,
  0x30B5,0x30A4,0x30AF,0x30ED,0x30D7,0x30B9,0x4E00,0x3064,0x76EE,0x4E00,0x3064,0x76EE,0x306F,0x3063,0x3071,0x843D,0x3061,0x8449,0x306E,0x5C71,0x306F,0x3063,0x3071,0x8449,
  0x3063,0x3071,0x3064,0x3046,0x308D,0x5C0F,0x9053,0x3064,0x3046,0x308D,0x901A,0x8DEF,0x3084,0x3044,0x3070,0x5263,0x3084,0x3044,0x3070,0x5203,0x3089,0x3079,0x308B,0x9EC4,
  0x8910,0x8272,0x306E,0x672D,0x30E9,0x30D9,0x30EB,0x30E9,0x30D9,0x30EB,0x307A,0x30FC,0x3058,0x9ED2,0x3044,0x66F8,0x7269,0x30DA,0x30FC,0x30B8,0x30DA,0x30FC,0x30B8,0x304B,
  0x3063,0x3077,0x8056,0x676F,0x30AB,0x30C3,0x30D7,0x30AB,0x30C3,0x30D7,0x6728,0x306E,0x8449,0x843D,0x3061,0x8449,0x306E,0x5C71,0x6728,0x306E,0x8449,0x6728,0x306E,0x8449,
  0x98DF,0x3079,0x7269,0x663C,0x98DF,0x98DF,0x3079,0x7269,0x98DF,0x3079,0x7269,0x307D,0x3093,0x3077,0x624B,0x62BC,0x3057,0x306E,0x7A7A,0x6C17,0x5165,0x308C,0x30DD,0x30F3,
  0x30D7,0x30DD,0x30F3,0x30D7,0x3053,0x306E,0x306F,0x843D,0x3061,0x8449,0x306E,0x5C71,0x3053,0x306E,0x306F,0x6728,0x306E,0x8449,0x304A,0x3068,0x3053,0x76D7,0x8CCA,0x304A,
  0x3068,0x3053,0x7537,0x5857,0x308B,0x5F53,0x3066,0x308B,0x5857,0x308B,0x5857,0x308B,0x306C,0x308B,0x5F53,0x3066,0x308B,0x306C,0x308B,0x306C,0x308B,0x8972,0x3046,0x653B,
  0x6483,0x3059,0x308B,0x8972,0x3046,0x8972,0x3046,0x65AC,0x308B,0x653B,0x6483,0x3059,0x308B,0x65AC,0x308B,0x65AC,0x308B,0x304D,0x308B,0x653B,0x6483,0x3059,0x308B,0x304D,
  0x308B,0x304D,0x308B,0x6226,0x3046,0x653B,0x6483,0x3059,0x308B,0x6226,0x3046,0x6226,0x3046,0x623B,0x308B,0x623B,0x308B,0x623B,0x308B,0x623B,0x308B,0x5439,0x304F,0x5439,
  0x304F,0x5439,0x304F,0x5439,0x304F,0x3075,0x304F,0x5439,0x304F,0x3075,0x304F,0x3075,0x304F,0x4E57,0x308B,0x4E57,0x308B,0x4E57,0x308B,0x4E57,0x308B,0x306E,0x308B,0x4E57,
  0x308B,0x306E,0x308B,0x306E,0x308B,0x78E8,0x304F,0x78E8,0x304F,0x78E8,0x304F,0x78E8,0x304F,0x767B,0x308B,0x767B,0x308B,0x767B,0x308B,0x767B,0x308B,0x4E0A,0x308B,0x767B,
  0x308B,0x4E0A,0x308B,0x4E0A,0x308B,0x585E,0x3050,0x9589,0x3081,0x308B,0x585E,0x3050,0x585E,0x3050,0x6E21,0x308B,0x6E21,0x308B,0x6E21,0x308B,0x6E21,0x308B,0x7F75,0x308B,
  0x7F75,0x308B,0x7F75,0x308B,0x7F75,0x308B,0x5207,0x308B,0x5207,0x308B,0x5207,0x308B,0x5207,0x308B,0x304D,0x308B,0x5207,0x308B,0x304D,0x308B,0x304D,0x308B,0x58CA,0x3059,
  0x58CA,0x3059,0x58CA,0x3059,0x58CA,0x3059,0x8A3A,0x65AD,0x8A3A,0x65AD,0x8A3A,0x65AD,0x8A3A,0x65AD,0x5BB9,0x4F53,0x8A3A,0x65AD,0x5BB9,0x4F53,0x5BB9,0x4F53,0x4F53,0x8ABF,
  0x8A3A,0x65AD,0x4F53,0x8ABF,0x4F53,0x8ABF,0x602A,0x6211,0x8A3A,0x65AD,0x602A,0x6211,0x602A,0x6211,0x3051,0x304C,0x8A3A,0x65AD,0x3051,0x304C,0x3051,0x304C,0x5177,0x5408,
  0x8A3A,0x65AD,0x5177,0x5408,0x5177,0x5408,0x6398,0x308B,0x6398,0x308B,0x6398,0x308B,0x6398,0x308B,0x307B,0x308B,0x6398,0x308B,0x307B,0x308B,0x307B,0x308B,0x98F2,0x3080,
  0x98F2,0x3080,0x98F2,0x3080,0x98F2,0x3080,0x306E,0x3080,0x98F2,0x3080,0x306E,0x3080,0x306E,0x3080,0x7F6E,0x304F,0x7F6E,0x304F,0x7F6E,0x304F,0x7F6E,0x304F,0x304A,0x304F,
  0x7F6E,0x304F,0x304A,0x304F,0x304A,0x304F,0x53CD,0x97FF,0x30A8,0x30B3,0x30FC,0x53CD,0x97FF,0x53CD,0x97FF,0x5C71,0x5F66,0x30A8,0x30B3,0x30FC,0x5C71,0x5F66,0x5C71,0x5F66,
  0x5165,0x308B,0x5165,0x308B,0x5165,0x308B,0x5165,0x308B,0x51FA,0x308B,0x51FA,0x308B,0x51FA,0x308B,0x51FA,0x308B,0x3067,0x308B,0x51FA,0x308B,0x3067,0x308B,0x3067,0x308B,
  0x7953,0x3046,0x7953,0x3046,0x7953,0x3046,0x7953,0x3046,0x6D88,0x3059,0x6D88,0x3059,0x6D88,0x3059,0x6D88,0x3059,0x3051,0x3059,0x6D88,0x3059,0x3051,0x3059,0x3051,0x3059,
  0x6C72,0x3080,0x6E80,0x305F,0x3059,0x6C72,0x3080,0x6C72,0x3080,0x304F,0x3080,0x6E80,0x305F,0x3059,0x304F,0x3080,0x304F,0x3080,0x3069,0x3053,0x898B,0x3064,0x3051,0x308B,
  0x3069,0x3053,0x3069,0x3053,0x8FFD,0x3046,0x8FFD,0x3046,0x8FFD,0x3046,0x8FFD,0x3046,0x304A,0x3046,0x8FFD,0x3046,0x304A,0x3046,0x304A,0x3046,0x6E21,0x3059,0x6E21,0x3059,
  0x6E21,0x3059,0x6E21,0x3059,0x5B75,0x3059,0x5B75,0x3059,0x5B75,0x3059,0x5B75,0x3059,0x3084,0x3042,0x3053,0x3093,0x306B,0x3061,0x306F,0x3084,0x3042,0x3084,0x3042,0x8377,
  0x7269,0x6301,0x3061,0x7269,0x8377,0x7269,0x8377,0x7269,0x8DF3,0x3076,0x8DF3,0x3076,0x8DF3,0x3076,0x8DF3,0x3076,0x3068,0x3076,0x8DF3,0x3076,0x3068,0x3076,0x3068,0x3076,
  0x98DB,0x3076,0x8DF3,0x3076,0x98DB,0x3076,0x98DB,0x3076,0x8E74,0x308B,0x8E74,0x308B,0x8E74,0x308B,0x8E74,0x308B,0x3051,0x308B,0x8E74,0x308B,0x3051,0x308B,0x3051,0x308B,
  0x6BBA,0x3059,0x6BBA,0x3059,0x6BBA,0x3059,0x6BBA,0x3059,0x5012,0x3059,0x6BBA,0x3059,0x5012,0x3059,0x5012,0x3059,0x53E9,0x304F,0x53E9,0x304F,0x53E9,0x304F,0x53E9,0x304F,
  0x51FA,0x3059,0x6F15,0x304E,0x51FA,0x3059,0x51FA,0x3059,0x51FA,0x3059,0x3060,0x3059,0x6F15,0x304E,0x51FA,0x3059,0x3060,0x3059,0x3060,0x3059,0x53BB,0x308B,0x53BB,0x308B,
  0x53BB,0x308B,0x53BB,0x308B,0x3055,0x308B,0x53BB,0x308B,0x3055,0x308B,0x3055,0x308B,0x706F,0x3059,0x70B9,0x3051,0x308B,0x706F,0x3059,0x706F,0x3059,0x805E,0x304F,0x805E,
  0x304F,0x805E,0x304F,0x805E,0x304F,0x304D,0x304F,0x805E,0x304F,0x304D,0x304F,0x304D,0x304F,0x898B,0x308B,0x898B,0x308B,0x898B,0x308B,0x898B,0x308B,0x307F,0x308B,0x898B,
  0x308B,0x307F,0x308B,0x307F,0x308B,0x8997,0x304F,0x898B,0x308B,0x8997,0x304F,0x8997,0x304F,0x5857,0x308B,0x6CB9,0x3092,0x5DEE,0x3059,0x5857,0x308B,0x5857,0x308B,0x306C,
  0x308B,0x6CB9,0x3092,0x5DEE,0x3059,0x306C,0x308B,0x306C,0x308B,0x4F5C,0x308B,0x4F5C,0x308B,0x4F5C,0x308B,0x4F5C,0x308B,0x958B,0x304F,0x958B,0x3051,0x308B,0x958B,0x304F,
  0x958B,0x304F,0x6458,0x3080,0x3053,0x3058,0x958B,0x3051,0x308B,0x6458,0x3080,0x6458,0x3080,0x3064,0x3080,0x3053,0x3058,0x958B,0x3051,0x308B,0x3064,0x3080,0x3064,0x3080,
  0x904A,0x3076,0x6F14,0x594F,0x3059,0x308B,0x904A,0x3076,0x904A,0x3076,0x585E,0x3050,0x585E,0x3050,0x585E,0x3050,0x585E,0x3050,0x7A81,0x304F,0x7A81,0x304F,0x7A81,0x304F,
  0x7A81,0x304F,0x3064,0x304F,0x7A81,0x304F,0x3064,0x304F,0x3064,0x304F,0x6CE8,0x3050,0x6CE8,0x3050,0x6CE8,0x3050,0x6CE8,0x3050,0x7948,0x308B,0x7948,0x308B,0x7948,0x308B,
  0x7948,0x308B,0x5F15,0x304F,0x5F15,0x304F,0x5F15,0x304F,0x5F15,0x304F,0x3072,0x304F,0x5F15,0x304F,0x3072,0x304F,0x3072,0x304F,0x62BC,0x3059,0x62BC,0x3059,0x62BC,0x3059,
  0x62BC,0x3059,0x304A,0x3059,0x62BC,0x3059,0x304A,0x3059,0x304A,0x3059,0x7F6E,0x304F,0x5165,0x308C,0x308B,0x7F6E,0x304F,0x7F6E,0x304F,0x304A,0x304F,0x5165,0x308C,0x308B,
  0x304A,0x304F,0x304A,0x304F,0x7D42,0x4E86,0x3084,0x3081,0x308B,0x7D42,0x4E86,0x7D42,0x4E86,0x8AAD,0x3080,0x8AAD,0x3080,0x8AAD,0x3080,0x8AAD,0x3080,0x3088,0x3080,0x8AAD,
  0x3080,0x3088,0x3080,0x3088,0x3080,0x5DFB,0x304F,0x8EE2,0x304C,0x3059,0x5DFB,0x304F,0x5DFB,0x304F,0x307E,0x304F,0x8EE2,0x304C,0x3059,0x307E,0x304F,0x307E,0x304F,0x89E6,
  0x308B,0x89E6,0x308B,0x89E6,0x308B,0x89E6,0x308B,0x8A00,0x3046,0x8A00,0x3046,0x8A00,0x3046,0x8A00,0x3046,0x3044,0x3046,0x8A00,0x3046,0x3044,0x3046,0x3044,0x3046,0x5F97,
  0x70B9,0x5F97,0x70B9,0x5F97,0x70B9,0x5F97,0x70B9,0x70B9,0x6570,0x5F97,0x70B9,0x70B9,0x6570,0x70B9,0x6570,0x6210,0x7E3E,0x5F97,0x70B9,0x6210,0x7E3E,0x6210,0x7E3E,0x63A2,
  0x3059,0x63A2,0x3059,0x63A2,0x3059,0x63A2,0x3059,0x6F01,0x308B,0x63A2,0x3059,0x6F01,0x308B,0x6F01,0x308B,0x547C,0x3076,0x547C,0x3076,0x547C,0x3076,0x547C,0x3076,0x3088,
  0x3076,0x547C,0x3076,0x3088,0x3076,0x3088,0x3076,0x6ED1,0x308B,0x6ED1,0x308A,0x964D,0x308A,0x308B,0x6ED1,0x308B,0x6ED1,0x308B,0x55C5,0x3050,0x55C5,0x3050,0x55C5,0x3050,
  0x55C5,0x3050,0x304B,0x3050,0x55C5,0x3050,0x304B,0x3050,0x304B,0x3050,0x63E1,0x308B,0x63E1,0x308B,0x63E1,0x308B,0x63E1,0x308B,0x523A,0x3059,0x523A,0x3059,0x523A,0x3059,
  0x523A,0x3059,0x3055,0x3059,0x523A,0x3059,0x3055,0x3059,0x3055,0x3059,0x7A81,0x304F,0x523A,0x3059,0x7A81,0x304F,0x7A81,0x304F,0x3064,0x304F,0x523A,0x3059,0x3064,0x304F,
  0x3064,0x304F,0x7ACB,0x3064,0x7ACB,0x3064,0x7ACB,0x3064,0x7ACB,0x3064,0x305F,0x3064,0x7ACB,0x3064,0x305F,0x3064,0x305F,0x3064,0x5F85,0x3064,0x3068,0x3069,0x307E,0x308B,
  0x5F85,0x3064,0x5F85,0x3064,0x307E,0x3064,0x3068,0x3069,0x307E,0x308B,0x307E,0x3064,0x307E,0x3064,0x6253,0x3064,0x6253,0x3064,0x6253,0x3064,0x6253,0x3064,0x3046,0x3064,
  0x6253,0x3064,0x3046,0x3064,0x3046,0x3064,0x6CF3,0x3050,0x6CF3,0x3050,0x6CF3,0x3050,0x6CF3,0x3050,0x632F,0x308B,0x632F,0x308B,0x632F,0x308B,0x632F,0x308B,0x3075,0x308B,
  0x632F,0x308B,0x3075,0x308B,0x3075,0x308B,0x53D6,0x308B,0x53D6,0x308B,0x53D6,0x308B,0x53D6,0x308B,0x3068,0x308B,0x53D6,0x308B,0x3068,0x308B,0x3068,0x308B,0x62FE,0x3046,
  0x53D6,0x308B,0x62FE,0x3046,0x62FE,0x3046,0x6301,0x3064,0x53D6,0x308B,0x6301,0x3064,0x6301,0x3064,0x3082,0x3064,0x53D6,0x308B,0x3082,0x3064,0x3082,0x3064,0x63B4,0x3080,
  0x53D6,0x308B,0x63B4,0x3080,0x63B4,0x3080,0x5916,0x3059,0x53D6,0x308B,0x5916,0x3059,0x5916,0x3059,0x8A71,0x3059,0x8A71,0x3057,0x304B,0x3051,0x308B,0x8A71,0x3059,0x8A71,
  0x3059,0x653E,0x308B,0x6295,0x3052,0x308B,0x653E,0x308B,0x653E,0x308B,0x7D50,0x3076,0x7D50,0x3076,0x7D50,0x3076,0x7D50,0x3076,0x7E1B,0x308B,0x7D50,0x3076,0x7E1B,0x308B,
  0x7E1B,0x308B,0x7E4B,0x3050,0x7D50,0x3076,0x7E4B,0x3050,0x7E4B,0x3050,0x56DE,0x3059,0x56DE,0x3059,0x56DE,0x3059,0x56DE,0x3059,0x637B,0x308B,0x56DE,0x3059,0x637B,0x308B,
  0x637B,0x308B,0x89E3,0x304F,0x89E3,0x304F,0x89E3,0x304F,0x89E3,0x304F,0x3068,0x304F,0x89E3,0x304F,0x3068,0x304F,0x3068,0x304F,0x5F85,0x3064,0x5F85,0x3064,0x5F85,0x3064,
  0x5F85,0x3064,0x307E,0x3064,0x5F85,0x3064,0x307E,0x3064,0x307E,0x3064,0x4F11,0x3080,0x5F85,0x3064,0x4F11,0x3080,0x4F11,0x3080,0x5F85,0x6A5F,0x5F85,0x3064,0x5F85,0x6A5F,
  0x5F85,0x6A5F,0x884C,0x304F,0x884C,0x304F,0x884C,0x304F,0x884C,0x304F,0x3044,0x304F,0x884C,0x304F,0x3044,0x304F,0x3044,0x304F,0x6B69,0x304F,0x884C,0x304F,0x6B69,0x304F,
  0x6B69,0x304F,0x9032,0x3080,0x884C,0x304F,0x9032,0x3080,0x9032,0x3080,0x632F,0x308B,0x632F,0x308B,0x632F,0x308B,0x632F,0x308B,0x3075,0x308B,0x632F,0x308B,0x3075,0x308B,
  0x3075,0x308B,0x7740,0x308B,0x8EAB,0x306B,0x7740,0x3051,0x308B,0x7740,0x308B,0x7740,0x308B,0x304D,0x308B,0x8EAB,0x306B,0x7740,0x3051,0x308B,0x304D,0x308B,0x304D,0x308B,
  0x52DD,0x3064,0x52DD,0x3064,0x52DD,0x3064,0x52DD,0x3064,0x304B,0x3064,0x52DD,0x3064,0x304B,0x3064,0x304B,0x3064,0x5DFB,0x304F,0x5DFB,0x304F,0x5DFB,0x304F,0x5DFB,0x304F,
  0x307E,0x304F,0x5DFB,0x304F,0x307E,0x304F,0x307E,0x304F,0x9858,0x3046,0x9858,0x3046,0x9858,0x3046,0x9858,0x3046,0x53EB,0x3076,0x53EB,0x3076,0x53EB,0x3076,0x53EB,0x3076,
  0x796D,0x58C7,0x796D,0x58C7,0x796D,0x58C7,0x796D,0x58C7,0x98DF,0x5353,0x98DF,0x5353,0x98DF,0x5353,0x98DF,0x5353,0x77F3,0x585A,0x77F3,0x585A,0x77F3,0x585A,0x77F3,0x585A,
  0x8759,0x8760,0x8759,0x8760,0x8759,0x8760,0x8759,0x8760,0x795D,0x798F,0x795D,0x798F,0x795D,0x798F,0x795D,0x798F,0x9AB8,0x9AA8,0x9AB8,0x9AA8,0x9AB8,0x9AA8,0x9AB8,0x9AA8,
  0x8056,0x676F,0x8056,0x676F,0x8056,0x676F,0x8056,0x676F,0x7159,0x7A81,0x7159,0x7A81,0x7159,0x7A81,0x7159,0x7A81,0x5CA9,0x68DA,0x5CA9,0x68DA,0x5CA9,0x68DA,0x5CA9,0x68DA,
  0x3060,0x3080,0x30C0,0x30E0,0x30C0,0x30E0,0x30C0,0x30E0,0x683C,0x5B50,0x683C,0x5B50,0x683C,0x5B50,0x683C,0x5B50,0x5730,0x9762,0x5730,0x9762,0x5730,0x9762,0x5730,0x9762,
  0x4E21,0x624B,0x4E21,0x624B,0x4E21,0x624B,0x4E21,0x624B,0x305D,0x308C,0x305D,0x308C,0x305D,0x308C,0x305D,0x308C,0x5408,0x9375,0x5408,0x9375,0x5408,0x9375,0x5408,0x9375,
  0x6F0F,0x308C,0x6F0F,0x308C,0x6F0F,0x308C,0x6F0F,0x308C,0x663C,0x98DF,0x663C,0x98DF,0x663C,0x98DF,0x663C,0x98DF,0x7A7A,0x6C17,0x7A7A,0x6C17,0x7A7A,0x6C17,0x7A7A,0x6C17,
  0x6A5F,0x68B0,0x6A5F,0x68B0,0x6A5F,0x68B0,0x6A5F,0x68B0,0x81EA,0x5206,0x81EA,0x5206,0x81EA,0x5206,0x81EA,0x5206,0x7D75,0x753B,0x7D75,0x753B,0x7D75,0x753B,0x7D75,0x753B,
  0x5C0F,0x9053,0x5C0F,0x9053,0x5C0F,0x9053,0x5C0F,0x9053,0x53F0,0x5EA7,0x53F0,0x5EA7,0x53F0,0x5EA7,0x53F0,0x5EA7,0x7D68,0x6BEF,0x7D68,0x6BEF,0x7D68,0x6BEF,0x7D68,0x6BEF,
  0x738B,0x7B0F,0x738B,0x7B0F,0x738B,0x7B0F,0x738B,0x7B0F,0x5C0F,0x9CE5,0x5C0F,0x9CE5,0x5C0F,0x9CE5,0x5C0F,0x9CE5,0x968E,0x6BB5,0x968E,0x6BB5,0x968E,0x6BB5,0x968E,0x6BB5,
  0x77ED,0x5263,0x77ED,0x5263,0x77ED,0x5263,0x77ED,0x5263,0x76D7,0x8CCA,0x76D7,0x8CCA,0x76D7,0x8CCA,0x76D7,0x8CCA,0x677E,0x660E,0x677E,0x660E,0x677E,0x660E,0x677E,0x660E,
  0x5168,0x90E8,0x305C,0x3093,0x3076,0x5168,0x90E8,0x305C,0x3093,0x3076,0x5168,0x3066,0x305C,0x3093,0x3076,0x5168,0x3066,0x305C,0x3093,0x3076,0x3069,0x3042,0x30C9,0x30A2,
  0x30C9,0x30A2,0x30C9,0x30A2,0x304B,0x3079,0x58C1,0x304B,0x3079,0x58C1,0x3075,0x306D,0x821F,0x3075,0x306D,0x821F,0x3075,0x306D,0x8239,0x3075,0x306D,0x8239,0x3059,0x305A,
  0x9234,0x3059,0x305A,0x9234,0x307E,0x3069,0x7A93,0x307E,0x3069,0x7A93,0x307B,0x3093,0x672C,0x307B,0x3093,0x672C,0x304C,0x3051,0x5D16,0x304C,0x3051,0x5D16,0x307F,0x305A,
  0x6C34,0x307F,0x305A,0x6C34,0x3059,0x306A,0x7802,0x3059,0x306A,0x7802,0x304B,0x3054,0x7C60,0x304B,0x3054,0x7C60,0x306F,0x3053,0x7BB1,0x306F,0x3053,0x7BB1,0x304B,0x307F,
  0x7D19,0x304B,0x307F,0x7D19,0x3075,0x305F,0x84CB,0x3075,0x305F,0x84CB,0x5929,0x4E95,0x5929,0x4E95,0x5929,0x4E95,0x5929,0x4E95,0x305F,0x304D,0x6EDD,0x305F,0x304D,0x6EDD,
  0x8FF7,0x5BAE,0x8FF7,0x5BAE,0x8FF7,0x5BAE,0x8FF7,0x5BAE,0x8C61,0x5D4C,0x8C61,0x5D4C,0x8C61,0x5D4C,0x8C61,0x5D4C,0x5100,0x5F0F,0x5100,0x5F0F,0x5100,0x5F0F,0x5100,0x5F0F,
  0x8D64,0x5B50,0x8D64,0x5B50,0x8D64,0x5B50,0x8D64,0x5B50,0x57CE,0x58C1,0x57CE,0x58C1,0x57CE,0x58C1,0x57CE,0x58C1,0x5CA9,0x58C1,0x5CA9,0x58C1,0x5CA9,0x58C1,0x5CA9,0x58C1,
  0x5B8C,0x74A7,0x5B8C,0x74A7,0x5B8C,0x74A7,0x5B8C,0x74A7,0x65AC,0x6483,0x65AC,0x6483,0x65AC,0x6483,0x65AC,0x6483,0x304C,0x3059,0x30AC,0x30B9,0x30AC,0x30B9,0x30AC,0x30B9,
  0x304C,0x3059,0x30AC,0x30B9,0x304C,0x3059,0x30AC,0x30B9,0x5317,0x6771,0x5317,0x6771,0x5317,0x6771,0x5317,0x6771,0x5317,0x897F,0x5317,0x897F,0x5317,0x897F,0x5317,0x897F,
  0x5357,0x6771,0x5357,0x6771,0x5357,0x6771,0x5357,0x6771,0x5357,0x897F,0x5357,0x897F,0x5357,0x897F,0x5357,0x897F,0x304D,0x305F,0x304D,0x305F,0x304D,0x305F,0x304D,0x305F,
  0x306B,0x3057,0x306B,0x3057,0x306B,0x3057,0x306B,0x3057,0x3046,0x3048,0x3046,0x3048,0x3046,0x3048,0x3046,0x3048,0x3057,0x305F,0x3057,0x305F,0x3057,0x305F,0x3057,0x305F,
  0x306A,0x304B,0x306A,0x304B,0x306A,0x304B,0x306A,0x304B,0x305D,0x3068,0x305D,0x3068,0x305D,0x3068,0x305D,0x3068,0x7740,0x9678,0x7740,0x9678,0x7740,0x9678,0x7740,0x9678,
  0x4E0A,0x9678,0x4E0A,0x9678,0x4E0A,0x9678,0x4E0A,0x9678,0x7740,0x5CB8,0x7740,0x5CB8,0x7740,0x5CB8,0x7740,0x5CB8,0x624B,0x7D19,0x3061,0x3089,0x3057,0x624B,0x7D19,0x624B,
  0x7D19,0x3044,0x305F,0x677F,0x3044,0x305F,0x677F,0x6C34,0x9580,0x30C0,0x30E0,0x6C34,0x9580,0x6C34,0x9580,0x3082,0x308A,0x68EE,0x3082,0x308A,0x68EE,0x3082,0x308C,0x6F0F,
  0x308C,0x3082,0x308C,0x6F0F,0x308C,0x306B,0x3058,0x8679,0x306B,0x3058,0x8679,0x304B,0x308F,0x5DDD,0x304B,0x308F,0x5DDD,0x306A,0x308F,0x7E04,0x306A,0x308F,0x7E04,0x3051,
  0x3093,0x5263,0x3051,0x3093,0x5263,0x3064,0x3064,0x7B52,0x3064,0x3064,0x7B52,0x6B7B,0x4F53,0x6B7B,0x4F53,0x306E,0x5C71,0x6B7B,0x4F53,0x6B7B,0x4F53,0x66F8,0x7269,0x9ED2,
  0x3044,0x66F8,0x7269,0x66F8,0x7269,0x66F8,0x7269,0x8155,0x8F2A,0x30B5,0x30D5,0x30A1,0x30A4,0x30A2,0x3092,0x3061,0x308A,0x3070,0x3081,0x305F,0x8155,0x8F2A,0x8155,0x8F2A,
  0x8155,0x8F2A,0x874B,0x71ED,0x4E00,0x5BFE,0x306E,0x874B,0x71ED,0x874B,0x71ED,0x874B,0x71ED,0x5F6B,0x523B,0x5F6B,0x523B,0x306E,0x3042,0x308B,0x58C1,0x5F6B,0x523B,0x5F6B,
  0x523B,0x4E00,0x7247,0x306B,0x3093,0x306B,0x304F,0x306E,0x4E00,0x7247,0x4E00,0x7247,0x4E00,0x7247,0x4EA1,0x970A,0x4EA1,0x970A,0x306E,0x7FA4,0x308C,0x4EA1,0x970A,0x4EA1,
  0x970A,0x6848,0x5185,0x6848,0x5185,0x66F8,0x6848,0x5185,0x6848,0x5185,0x9271,0x6ED3,0x30AC,0x30E9,0x30B9,0x8CEA,0x306E,0x9271,0x6ED3,0x306E,0x304B,0x3051,0x3089,0x9271,
  0x6ED3,0x9271,0x6ED3,0x7D20,0x624B,0x4E21,0x624B,0x7D20,0x624B,0x7D20,0x624B,0x68AF,0x5B50,0x6728,0x306E,0x68AF,0x5B50,0x68AF,0x5B50,0x68AF,0x5B50,0x5F01,0x5F53,0x663C,
  0x98DF,0x5F01,0x5F53,0x5F01,0x5F53,0x5730,0x56F3,0x53E4,0x3044,0x5730,0x56F3,0x5730,0x56F3,0x5730,0x56F3,0x8A00,0x8449,0x7948,0x308A,0x306E,0x8A00,0x8449,0x8A00,0x8449,
  0x8A00,0x8449,0x6C34,0x592B,0x8239,0x4E57,0x308A,0x6C34,0x592B,0x6C34,0x592B,0x7532,0x866B,0x7F8E,0x3057,0x3044,0x5B9D,0x77F3,0x306E,0x7532,0x866B,0x7532,0x866B,0x7532,
  0x866B,0x5186,0x5319,0x30B7,0x30E3,0x30D9,0x30EB,0x5186,0x5319,0x5186,0x5319,0x9AD1,0x9ACF,0x6C34,0x6676,0x306E,0x9AD1,0x9ACF,0x9AD1,0x9ACF,0x9AD1,0x9ACF,0x659C,0x9762,
  0x6ED1,0x308A,0x53F0,0x659C,0x9762,0x659C,0x9762,0x77F3,0x6BB5,0x968E,0x6BB5,0x77F3,0x6BB5,0x77F3,0x6BB5,0x6CE5,0x68D2,0x76D7,0x8CCA,0x6CE5,0x68D2,0x6CE5,0x68D2,0x5751,
  0x6728,0x6298,0x308C,0x305F,0x5751,0x6728,0x5751,0x6728,0x5751,0x6728,0x3073,0x3089,0x3061,0x3089,0x3057,0x3073,0x3089,0x3073,0x3089,0x304A,0x306E,0x8840,0x306E,0x3064,
  0x3044,0x305F,0x65A7,0x304A,0x306E,0x65A7,0x306F,0x304B,0x77F3,0x585A,0x306F,0x304B,0x5893,0x3075,0x3060,0x9EC4,0x8910,0x8272,0x306E,0x672D,0x3075,0x3060,0x672D,0x307B,
  0x306D,0x9AB8,0x9AA8,0x307B,0x306D,0x9AA8,0x3073,0x3093,0x30AC,0x30E9,0x30B9,0x74F6,0x3073,0x3093,0x74F6,0x305F,0x307E,0x7DD1,0x306E,0x7403,0x305F,0x307E,0x7403,0x602A,
  0x7269,0x30B5,0x30A4,0x30AF,0x30ED,0x30D7,0x30B9,0x602A,0x7269,0x602A,0x7269,0x3086,0x304B,0x5730,0x9762,0x3086,0x304B,0x5E8A,0x3059,0x3067,0x4E21,0x624B,0x3059,0x3067,
  0x7D20,0x624B,0x305E,0x3046,0x7FE1,0x7FE0,0x306E,0x50CF,0x305E,0x3046,0x50CF,0x304B,0x304E,0x5408,0x9375,0x304B,0x304E,0x9375,0x304F,0x3060,0x6F0F,0x308C,0x304F,0x3060,
  0x7BA1,0x3044,0x304D,0x7A7A,0x6C17,0x3044,0x304D,0x606F,0x3061,0x305A,0x53E4,0x3044,0x5730,0x56F3,0x3061,0x305A,0x5730,0x56F3,0x71D0,0x5BF8,0x30DE,0x30C3,0x30C1,0x5E33,
  0x71D0,0x5BF8,0x71D0,0x5BF8,0x3084,0x307E,0x5C71,0x4E26,0x307F,0x3084,0x307E,0x5C71,0x307F,0x3061,0x5C0F,0x9053,0x307F,0x3061,0x9053,0x3064,0x307C,0x91D1,0x306E,0x58FA,
  0x3064,0x307C,0x58FA,0x9EBB,0x7E04,0x7E04,0x9EBB,0x7E04,0x9EBB,0x7E04,0x3068,0x308A,0x5C0F,0x9CE5,0x3068,0x308A,0x9CE5,0x3048,0x3060,0x6728,0x3048,0x3060,0x679D,0x3044,
  0x3048,0x767D,0x3044,0x5BB6,0x3044,0x3048,0x5BB6,0x4EA1,0x9AB8,0x6B7B,0x4F53,0x306E,0x5C71,0x4EA1,0x9AB8,0x4EA1,0x9AB8,0x767D,0x9AA8,0x9AB8,0x9AA8,0x767D,0x9AA8,0x767D,
  0x9AA8,0x77F3,0x70AD,0x5C0F,0x3055,0x306A,0x77F3,0x70AD,0x306E,0x5C71,0x77F3,0x70AD,0x77F3,0x70AD,0x6728,0x3005,0x68EE,0x6728,0x3005,0x6728,0x3005,0x7FA4,0x308C,0x4EA1,
  0x970A,0x306E,0x7FA4,0x308C,0x7FA4,0x308C,0x7FA4,0x308C,0x663C,0x98EF,0x663C,0x98DF,0x663C,0x98EF,0x663C,0x98EF,0x901A,0x8DEF,0x5C0F,0x9053,0x901A,0x8DEF,0x901A,0x8DEF,
  0x9EC4,0x91D1,0x91D1,0x306E,0x58FA,0x9EC4,0x91D1,0x9EC4,0x91D1,0x6BB5,0x3005,0x968E,0x6BB5,0x6BB5,0x3005,0x6BB5,0x3005,0x5F37,0x76D7,0x76D7,0x8CCA,0x5F37,0x76D7,0x5F37,
  0x76D7,0x3064,0x304B,0x77F3,0x585A,0x3064,0x304B,0x585A,0x304D,0x304E,0x68EE,0x304D,0x304E,0x6728,0x3005,0x3080,0x308C,0x4EA1,0x970A,0x306E,0x7FA4,0x308C,0x3080,0x308C,
  0x7FA4,0x308C,0x3064,0x3061,0x5730,0x9762,0x3064,0x3061,0x571F,0x3079,0x3093,0x30D3,0x30CB,0x30FC,0x30EB,0x306E,0x584A,0x3079,0x3093,0x5F01,0x5263,0x5148,0x5263,0x5263,
  0x5148,0x5263,0x5148,0x3071,0x3093,0x663C,0x98DF,0x30D1,0x30F3,0x30D1,0x30F3,0x5B9D,0x5B9D,0x5B9D,0x5B9D,0x677F,0x677F,0x677F,0x677F,0x9582,0x9582,0x9582,0x9582,0x68EE,
  0x68EE,0x68EE,0x68EE,0x6C34,0x6C34,0x6C34,0x6C34,0x7C60,0x7C60,0x7C60,0x7C60,0x93E1,0x93E1,0x93E1,0x93E1,0x8679,0x8679,0x8679,0x8679,0x5DDD,0x5DDD,0x5DDD,0x5DDD,0x7E04,
  0x7E04,0x7E04,0x7E04,0x7802,0x7802,0x7802,0x7802,0x5263,0x5263,0x5263,0x5263,0x6728,0x6728,0x6728,0x6728,0x7B52,0x7B52,0x7B52,0x7B52,0x6249,0x6249,0x6249,0x6249,0x58C1,
  0x58C1,0x58C1,0x58C1,0x888B,0x888B,0x888B,0x888B,0x821F,0x821F,0x821F,0x821F,0x8239,0x8239,0x8239,0x8239,0x9234,0x9234,0x9234,0x9234,0x7A93,0x7A93,0x7A93,0x7A93,0x672C,
  0x672C,0x672C,0x672C,0x5375,0x5375,0x5375,0x5375,0x5D16,0x5D16,0x5D16,0x5D16,0x6C34,0x6C34,0x6C34,0x6C34,0x7802,0x7802,0x7802,0x7802,0x7C60,0x7C60,0x7C60,0x7C60,0x93E1,
  0x93E1,0x93E1,0x93E1,0x59FF,0x59FF,0x59FF,0x59FF,0x7BB1,0x7BB1,0x7BB1,0x7BB1,0x7D19,0x7D19,0x7D19,0x7D19,0x9320,0x9320,0x9320,0x9320,0x84CB,0x84CB,0x84CB,0x84CB,0x6EDD,
  0x6EDD,0x6EDD,0x6EDD,0x5317,0x5317,0x5317,0x5317,0x5357,0x5357,0x5357,0x5357,0x6771,0x6771,0x6771,0x6771,0x897F,0x897F,0x897F,0x897F,0x4E0A,0x4E0A,0x4E0A,0x4E0A,0x4E0B,
  0x4E0B,0x4E0B,0x4E0B,0x4E2D,0x4E2D,0x4E2D,0x4E2D,0x5916,0x5916,0x5916,0x5916,0x304D,0x6728,0x304D,0x6728,0x65A7,0x8840,0x306E,0x3064,0x3044,0x305F,0x65A7,0x65A7,0x65A7,
  0x5893,0x77F3,0x585A,0x5893,0x5893,0x672D,0x9EC4,0x8910,0x8272,0x306E,0x672D,0x672D,0x672D,0x9AA8,0x9AB8,0x9AA8,0x9AA8,0x9AA8,0x74F6,0x30AC,0x30E9,0x30B9,0x74F6,0x74F6,
  0x74F6,0x7403,0x7DD1,0x306E,0x7403,0x7403,0x7403,0x68FA,0x91D1,0x306E,0x68FA,0x68FA,0x68FA,0x6797,0x68EE,0x6797,0x6797,0x6238,0x6B63,0x9762,0x306E,0x6249,0x6238,0x6238,
  0x5E8A,0x5730,0x9762,0x5E8A,0x5E8A,0x584A,0x30D3,0x30CB,0x30FC,0x30EB,0x306E,0x584A,0x584A,0x584A,0x50CF,0x7FE1,0x7FE0,0x306E,0x50CF,0x50CF,0x50CF,0x9375,0x5408,0x9375,
  0x9375,0x9375,0x7BA1,0x6F0F,0x308C,0x7BA1,0x7BA1,0x606F,0x7A7A,0x6C17,0x606F,0x606F,0x79C1,0x81EA,0x5206,0x79C1,0x79C1,0x5C71,0x5C71,0x4E26,0x307F,0x5C71,0x5C71,0x5DE3,
  0x9CE5,0x306E,0x5DE3,0x5DE3,0x5DE3,0x7D75,0x7D75,0x753B,0x7D75,0x7D75,0x9053,0x5C0F,0x9053,0x9053,0x9053,0x58FA,0x91D1,0x306E,0x58FA,0x58FA,0x58FA,0x9CE5,0x5C0F,0x9CE5,
  0x9CE5,0x9CE5,0x679D,0x6728,0x679D,0x679D,0x5BB6,0x767D,0x3044,0x5BB6,0x5BB6,0x5BB6,0x3059,0x9CE5,0x306E,0x5DE3,0x3059,0x5DE3,0x3048,0x7D75,0x753B,0x3048,0x7D75,0x585A,
  0x77F3,0x585A,0x585A,0x585A,0x676F,0x8056,0x676F,0x676F,0x676F,0x571F,0x5730,0x9762,0x571F,0x571F,0x5F01,0x30D3,0x30CB,0x30FC,0x30EB,0x306E,0x584A,0x5F01,0x5F01,0x5203,
  0x5263,0x5203,0x5203,0x7537,0x76D7,0x8CCA,0x7537,0x7537,0x8449,0x843D,0x3061,0x8449,0x306E,0x5C71,0x8449,0x8449,0x306F,0x843D,0x3061,0x8449,0x306E,0x5C71,0x306F,0x8449,
  0x4EE5,0x5916,0x3092,0x4EE5,0x5916,0x3092,0x3044,0x304C,0x3044,0x3092,0x3044,0x304C,0x3044,0x3092,0x4EE5,0x5916,0x4EE5,0x5916,0x3044,0x304C,0x3044,0x3044,0x304C,0x3044,
  0x306E,0x4E2D,0x306B,0x306E,0x4E2D,0x306B,0x306E,0x306A,0x304B,0x306B,0x306E,0x306A,0x304B,0x306B,0x306E,0x4E2D,0x3078,0x306E,0x4E2D,0x3078,0x306E,0x306A,0x304B,0x3078,
  0x306E,0x306A,0x304B,0x3078,0x306E,0x4E0B,0x306E,0x4E0B,0x306E,0x3057,0x305F,0x306E,0x3057,0x305F,0x306E,0x5F8C,0x308D,0x306E,0x5F8C,0x308D,0x306E,0x3046,0x3057,0x308D,
  0x306E,0x3046,0x3057,0x308D,0x306E,0x88CF,0x306E,0x88CF,0x306E,0x3046,0x3089,0x306E,0x3046,0x3089,0x306E,0x4E0A,0x306B,0x306E,0x4E0A,0x306B,0x306E,0x3046,0x3048,0x306B,
  0x306E,0x3046,0x3048,0x306B,0x306E,0x4E0A,0x306E,0x4E0A,0x306E,0x3046,0x3048,0x306E,0x3046,0x3048,0x3092,0x4F7F,0x3063,0x3066,0x3092,0x4F7F,0x3063,0x3066,0x3092,0x3064,
  0x304B,0x3063,0x3066,0x3092,0x3064,0x304B,0x3063,0x3066,0x306B,0x3088,0x3063,0x3066,0x306B,0x3088,0x3063,0x3066,0x304B,0x3089,0x304B,0x3089,0x3078,0x3078,0x306B,0x306B,
  0x3067,0x3067,0x3092,0x3092,0x306F,0x306F,0x304C,0x304C,0x3068,0x3068,0x306E,0x306E,0x3082,0x3046,0x3044,0x3061,0x3069,0x3082,0x3046,0x4E00,0x5EA6,0x304F,0x308A,0x304B,
  0x3048,0x3059,0x7E70,0x308A,0x8FD4,0x3059,0x307E,0x305F,0x3084,0x308B,0x308A,0x3074,0x30FC,0x3068,0x308A,0x3074,0x30FC,0x3068,0x306F,0x3044,0x3044,0x3044,0x3048,0x304B,
  0x3046,0x8CB7,0x3046,0x5834,0x6240,0x306F,0x7121,0x3044,0x304B,0x3093,0x304C,0x3048,0x308B,0x8003,0x3048,0x308B,0x52D5,0x4F5C,0x306F,0x539F,0x4F5C,0x306B,0x306A,0x3044,
  0x3057,0x3089,0x3079,0x308B,0x300C,0x8ABF,0x3079,0x308B,0x300D,0x306F,0x0020,0x0060,0x0065,0x0078,0x0061,0x006D,0x0069,0x006E,0x0065,0x0060,0xFF08,0x898B,0x308B,0xFF09,
  0x306B,0x5BC4,0x305B,0x3066,0x3042,0x308B,0x3002,0x300C,0x301C,0x3092,0x898B,0x308B,0x300D,0x3067,0x3082,0x540C,0x3058,0x3064,0x304B,0x3046,0x300C,0x4F7F,0x3046,0x300D,
  0x306B,0x5F53,0x305F,0x308B,0x52D5,0x8A5E,0x306F,0x539F,0x4F5C,0x306B,0x306A,0x3044,0x3002,0x3057,0x305F,0x3044,0x3053,0x3068,0x3092,0x76F4,0x63A5,0x8A00,0x3046,0xFF08,
  0x70B9,0x3051,0x308B,0x30FB,0x958B,0x3051,0x308B,0x30FB,0x632F,0x308B,0x30FB,0x8AAD,0x3080,0x30FB,0x5207,0x308B,0x2026,0xFF09,0x3064,0x304B,0x3063,0x3066,0x300C,0x301C,
  0x3092,0x4F7F,0x3063,0x3066,0x300D,0x306F,0x9053,0x5177,0x306E,0x8A00,0x3044,0x65B9,0x3002,0x300C,0x30E9,0x30F3,0x30BF,0x30F3,0x3067,0x6249,0x3092,0x958B,0x3051,0x308B,
  0x300D,0x306E,0x3088,0x3046,0x306B,0x300C,0x3067,0x300D,0x3067,0x8A00,0x3048,0x308B,0x3064,0x304F,0x308B,0x7269,0x3092,0x4F5C,0x308B,0x3053,0x3068,0x306F,0x3067,0x304D,
  0x306A,0x3044,0x306D,0x308B,0x7720,0x308B,0x52D5,0x4F5C,0x306F,0x539F,0x4F5C,0x306B,0x306A,0x3044,0x3002,0x4F11,0x3080,0x3053,0x3068,0x306F,0x3067,0x304D,0x306A,0x3044,
  0x306F,0x306A,0x3057,0x304B,0x3051,0x308B,0x8A71,0x3057,0x304B,0x3051,0x3089,0x308C,0x308B,0x76F8,0x624B,0x306F,0x9650,0x3089,0x308C,0x3066,0x3044,0x308B,0xFF08,0x300C,
  0x30C8,0x30ED,0x30EB,0x3068,0x8A71,0x3059,0x300D,0x306A,0x3069,0xFF09,0x300C,0x300D,0x3092,0x300C,0x300D,0x3067,0x306F,0x53D7,0x3051,0x3089,0x308C,0x306A,0x3044,0x0020,
  0x2014,0x2014,0x0020,0x79FB,0x52D5,0x306F,0x65B9,0x89D2,0x3067,0x8A00,0x3046,0x003A,0x0020,0x5317,0x30FB,0x6771,0x30FB,0x4E0A,0x30FB,0x4E0B,0x300D,0x306B,0x9053,0x5177,
  0xFF08,0x3067,0xFF09,0x306F,0x4ED8,0x3051,0x3089,0x308C,0x306A,0x3044,0x4F55,0x306E,0x4F55,0x3092,0x3092,0xFF1F,0xFF08,0x6253,0x3061,0x6D88,0x3057,0x306E,0x8A00,0x3044,
  0x65B9,0x306F,0x307E,0x3060,0x6271,0x3048,0x306A,0x3044,0xFF09,0xFF08,0x8AAD,0x307F,0x53D6,0x308C,0x306A,0x304B,0x3063,0x305F,0xFF09,0x0020,0x306F,0x77E5,0x3089,0x306A,
  0x3044,0x8A00,0x8449,0x3002,0x5225,0x306E,0x8A00,0x3044,0x65B9,0x3092,0x8A66,0x3057,0x3066,0x307B,0x3057,0x3044,0xFF09,0xFF08,0xFF09,0x30FB,0x3000,0x2026,0x2026,0x5225,
  0x306E,0x7269,0x3068,0x3057,0x3066,0x8A66,0x3059,0x306A,0x3069,0x3001,0x3053,0x3053,0x306B,0x306F,0x898B,0x5F53,0x305F,0x3089,0x306A,0x3044,0x3002,0x3000,0x203B,0x6B8B,
  0x003A,0x0020,0x3067,0x306E,0x4E2D,0x306E,0x4E0A,0x306E,0x4E0B,0x306E,0x5F8C,0x308D,0x304B,0x3089
};
const unsigned short *cm_jpool = cm_jpool_a; unsigned cm_jpool_n = 18206;
static const char cm_apool_a[] = {
  97,99,116,105,118,97,116,101,97,110,115,119,101,114,97,112,112,108,121,97,116,116,97,99,
  107,98,97,99,107,98,108,97,115,116,98,108,111,119,98,111,97,114,100,98,114,105,101,102,
  98,114,117,115,104,98,117,114,110,99,104,111,109,112,99,108,105,109,98,99,108,111,115,101,
  99,111,109,109,97,110,100,99,111,117,110,116,99,114,111,115,115,99,117,114,115,101,99,117,
  116,100,101,102,108,97,116,101,100,101,115,116,114,111,121,100,105,97,103,110,111,115,101,100,
  105,103,100,105,115,101,109,98,97,114,107,100,105,115,101,110,99,104,97,110,116,100,114,105,
  110,107,100,114,111,112,101,97,116,101,99,104,111,101,110,99,104,97,110,116,101,110,116,101,
  114,101,120,97,109,105,110,101,101,120,105,116,101,120,111,114,99,105,115,101,101,120,116,105,
  110,103,117,105,115,104,102,105,108,108,102,105,110,100,102,111,108,108,111,119,102,114,111,98,
  111,122,122,103,105,118,101,104,97,116,99,104,104,101,108,108,111,105,110,99,97,110,116,105,
  110,102,108,97,116,105,110,118,101,110,116,111,114,121,106,117,109,112,107,105,99,107,107,105,
  108,108,107,105,115,115,107,110,111,99,107,108,97,117,110,99,104,108,101,97,110,108,101,97,
  118,101,108,105,103,104,116,108,105,115,116,101,110,108,111,99,107,108,111,111,107,108,111,119,
  101,114,108,117,98,114,105,99,97,116,101,109,97,107,101,109,101,108,116,109,111,118,101,109,
  117,109,98,108,101,111,100,121,115,115,101,117,115,111,112,101,110,112,105,99,107,112,108,97,
  121,112,108,117,103,112,108,117,103,104,112,111,107,101,112,111,117,114,112,114,97,121,112,117,
  108,108,112,117,109,112,112,117,110,99,116,117,114,101,112,117,115,104,112,117,116,113,117,105,
  116,114,97,105,115,101,114,101,97,100,114,101,112,101,110,116,114,101,115,116,97,114,116,114,
  101,115,116,111,114,101,114,105,110,103,114,111,108,108,114,117,98,115,97,118,101,115,97,121,
  115,99,111,114,101,115,101,97,114,99,104,115,101,110,100,115,104,97,107,101,115,107,105,112,
  115,108,105,100,101,115,109,101,108,108,115,112,105,110,115,112,114,97,121,115,113,117,101,101,
  122,101,115,116,97,98,115,116,97,110,100,115,116,97,121,115,116,114,105,107,101,115,117,112,
  101,114,115,119,105,109,115,119,105,110,103,116,97,107,101,116,97,108,107,116,101,108,108,116,
  104,114,111,119,116,105,101,116,114,101,97,115,117,114,101,116,117,114,110,117,110,108,111,99,
  107,117,110,116,105,101,118,101,114,98,111,115,101,118,101,114,115,105,111,110,119,97,105,116,
  119,97,107,101,119,97,108,107,119,97,118,101,119,101,97,114,119,105,110,119,105,110,100,119,
  105,115,104,121,101,108,108,122,111,114,107,98,97,117,98,108,101,115,99,97,114,97,98,109,
  97,110,117,97,108,98,114,97,99,101,108,101,116,103,117,110,107,98,114,97,115,115,32,98,
  101,108,108,98,114,97,99,101,108,101,116,98,105,114,100,115,32,101,103,103,116,114,117,110,
  107,98,114,111,107,101,110,32,99,97,110,97,114,121,98,114,111,107,101,110,32,101,103,103,
  109,97,110,117,97,108,98,114,111,107,101,110,32,99,97,110,97,114,121,103,117,110,107,116,
  114,117,110,107,99,108,111,99,107,119,111,114,107,32,99,97,110,97,114,121,99,111,97,108,
  100,105,97,109,111,110,100,107,105,116,99,104,101,110,32,116,97,98,108,101,116,114,105,100,
  101,110,116,99,108,111,99,107,119,111,114,107,32,99,97,110,97,114,121,109,97,110,117,97,
  108,98,111,97,114,100,101,100,32,119,105,110,100,111,119,108,97,98,101,108,111,108,100,32,
  119,97,108,108,110,97,115,116,121,32,107,110,105,102,101,98,114,97,115,115,32,108,97,109,
  112,109,97,105,108,98,111,120,109,97,116,101,114,105,97,108,115,99,97,114,97,98,98,97,
  117,98,108,101,108,97,110,116,101,114,110,100,105,97,109,111,110,100,98,105,114,100,115,32,
  101,103,103,111,108,100,32,98,97,103,98,97,114,108,97,110,116,101,114,110,99,97,110,100,
  108,101,115,101,109,101,114,97,108,100,102,114,111,110,116,32,100,111,111,114,103,97,114,108,
  105,99,112,108,97,115,116,105,99,32,98,111,97,116,112,117,109,112,115,107,117,108,108,99,
  121,99,108,111,112,115,98,97,116,101,109,101,114,97,108,100,98,114,97,115,115,32,98,101,
  108,108,110,97,115,116,121,32,107,110,105,102,101,112,117,109,112,115,99,97,114,97,98,99,
  97,115,101,99,97,110,97,114,121,101,103,103,115,109,97,108,108,32,98,101,108,108,98,114,
  111,107,101,110,32,108,97,109,112,98,114,111,119,110,32,98,117,116,116,111,110,103,114,97,
  110,105,116,101,32,119,97,108,108,107,105,116,99,104,101,110,32,119,105,110,100,111,119,112,
  108,97,115,116,105,99,32,98,111,97,116,98,114,111,119,110,32,98,97,103,99,104,101,115,
  116,98,114,97,115,115,32,98,101,108,108,116,114,117,110,107,98,114,111,119,110,32,98,117,
  116,116,111,110,116,114,117,110,107,119,111,111,100,101,110,32,100,111,111,114,98,111,97,114,
  100,101,100,32,119,105,110,100,111,119,98,114,111,107,101,110,32,101,103,103,98,114,111,107,
  101,110,32,108,97,109,112,99,111,97,108,103,97,114,108,105,99,98,114,97,115,115,32,108,
  97,109,112,109,97,116,101,114,105,97,108,109,105,114,114,111,114,108,97,110,100,108,97,110,
  100,108,97,110,100,97,120,101,98,111,111,107,98,117,111,121,103,104,111,115,116,115,108,97,
  114,103,101,32,98,97,103,112,114,97,121,101,114,116,105,109,98,101,114,115,115,117,114,114,
  111,117,110,100,105,110,103,32,119,97,108,108,119,97,116,101,114,121,101,108,108,111,119,32,
  98,117,116,116,111,110,98,114,111,107,101,110,32,101,103,103,99,97,115,101,99,104,97,108,
  105,99,101,99,111,97,108,110,97,115,116,121,32,107,110,105,102,101,121,101,108,108,111,119,
  32,98,117,116,116,111,110,116,114,117,110,107,107,101,121,97,120,101,98,97,114,98,114,111,
  119,110,32,98,117,116,116,111,110,99,121,99,108,111,112,115,111,108,100,32,119,97,108,108,
  112,108,97,115,116,105,99,32,98,111,97,116,109,97,105,108,98,111,120,112,108,97,115,116,
  105,99,32,98,111,97,116,114,117,115,116,121,32,107,110,105,102,101,116,114,105,100,101,110,
  116,119,97,116,101,114,121,101,108,108,111,119,32,98,117,116,116,111,110,122,111,114,107,109,
  105,100,104,117,103,101,32,100,111,111,114,98,108,117,101,32,98,117,116,116,111,110,98,111,
  100,105,101,115,98,117,98,98,108,101,99,111,102,102,105,110,112,97,110,101,108,99,121,99,
  108,111,112,115,103,117,105,100,101,105,110,102,108,97,116,32,98,111,97,116,102,105,103,117,
  114,105,110,101,108,101,97,118,101,115,102,111,111,100,109,97,116,99,104,114,101,100,32,98,
  117,116,116,111,110,114,117,115,116,121,32,107,110,105,102,101,99,97,115,101,98,114,111,119,
  110,32,98,117,116,116,111,110,100,105,97,109,111,110,100,110,97,115,116,121,32,107,110,105,
  102,101,119,111,111,100,101,110,32,100,111,111,114,121,101,108,108,111,119,32,98,117,116,116,
  111,110,111,108,100,32,98,97,103,98,108,117,101,32,98,117,116,116,111,110,109,97,105,108,
  98,111,120,114,101,100,32,98,117,116,116,111,110,115,119,111,114,100,116,114,97,112,32,100,
  111,111,114,103,117,105,100,101,109,97,110,117,97,108,107,101,121,109,101,112,97,105,110,116,
  105,110,103,112,117,109,112,109,97,110,117,97,108,102,111,111,100,111,108,100,32,98,97,103,
  98,108,117,101,32,98,117,116,116,111,110,108,97,98,101,108,99,97,110,100,108,101,115,103,
  104,111,115,116,115,103,114,97,110,105,116,101,32,119,97,108,108,107,105,116,99,104,101,110,
  32,116,97,98,108,101,108,101,97,118,101,115,112,114,97,121,101,114,114,97,105,108,105,110,
  103,114,101,100,32,98,117,116,116,111,110,115,107,117,108,108,116,105,109,98,101,114,115,99,
  104,101,115,116,98,97,115,107,101,116,108,97,110,100,108,97,110,100,108,97,110,100,108,97,
  110,100,116,97,98,108,101,98,108,101,115,115,105,110,103,115,98,111,116,116,108,101,108,97,
  100,100,101,114,112,97,114,99,104,109,101,110,116,112,111,116,114,97,105,108,105,110,103,114,
  117,103,115,99,101,112,116,114,101,115,99,114,101,119,100,114,105,118,101,114,99,104,117,116,
  101,99,108,105,102,102,104,111,117,115,101,119,111,111,100,101,110,32,100,111,111,114,122,111,
  114,107,109,105,100,98,108,117,101,32,98,117,116,116,111,110,101,109,101,114,97,108,100,114,
  101,100,32,98,117,116,116,111,110,114,117,103,115,99,114,101,119,100,114,105,118,101,114,115,
  119,111,114,100,104,117,103,101,32,100,111,111,114,98,97,117,98,108,101,111,108,100,32,119,
  97,108,108,112,101,100,101,115,116,97,108,112,117,109,112,112,108,97,115,116,105,99,32,98,
  111,97,116,115,99,97,114,97,98,99,104,101,115,116,116,114,105,100,101,110,116,98,114,97,
  99,101,108,101,116,112,117,109,112,108,97,98,101,108,98,111,111,107,99,104,101,115,116,116,
  114,101,101,116,117,98,101,109,97,110,117,97,108,115,109,97,108,108,32,98,101,108,108,98,
  111,100,105,101,115,98,111,111,107,98,111,116,116,108,101,98,117,111,121,102,114,111,110,116,
  32,100,111,111,114,105,110,102,108,97,116,32,98,111,97,116,102,105,103,117,114,105,110,101,
  107,105,116,99,104,101,110,32,119,105,110,100,111,119,108,97,100,100,101,114,108,97,114,103,
  101,32,98,97,103,115,119,105,116,99,104,112,97,114,99,104,109,101,110,116,109,97,116,99,
  104,98,114,111,119,110,32,98,97,103,115,99,114,101,119,100,114,105,118,101,114,115,104,111,
  118,101,108,115,117,114,114,111,117,110,100,105,110,103,32,119,97,108,108,97,108,108,115,119,
  105,116,99,104,99,97,110,97,114,121,108,97,109,112,101,103,103,109,105,114,114,111,114,110,
  111,114,116,104,101,97,115,116,110,111,114,116,104,119,101,115,116,115,111,117,116,104,101,97,
  115,116,115,111,117,116,104,119,101,115,116,108,97,110,100,108,97,110,100,108,97,110,100,108,
  97,110,100,108,97,110,100,97,108,116,97,114,98,97,114,114,111,119,98,97,116,98,111,108,
  116,98,111,110,101,115,99,104,97,108,105,99,101,99,104,105,109,110,101,121,114,111,99,107,
  121,32,119,97,108,108,112,97,105,114,107,101,121,109,111,117,110,116,97,105,110,110,101,115,
  116,115,97,105,108,111,114,115,104,111,118,101,108,115,116,97,105,114,115,115,116,105,108,101,
  116,116,111,116,104,105,101,102,116,111,114,99,104,104,117,103,101,32,100,111,111,114,98,97,
  116,98,117,111,121,99,111,97,108,100,97,109,112,117,109,112,112,108,97,115,116,105,99,32,
  98,111,97,116,109,97,116,101,114,105,97,108,98,97,114,98,111,111,107,99,97,110,100,108,
  101,115,103,97,114,108,105,99,103,104,111,115,116,115,103,117,105,100,101,103,117,110,107,112,
  108,97,115,116,105,99,32,98,111,97,116,102,111,111,100,99,104,117,116,101,115,116,97,105,
  114,115,116,104,105,101,102,116,105,109,98,101,114,115,116,117,98,101,108,97,98,101,108,99,
  121,99,108,111,112,115,109,101,114,111,112,101,99,104,117,116,101,116,114,97,112,32,100,111,
  111,114,116,114,101,101,116,114,117,110,107,116,117,98,101,119,111,111,100,101,110,32,100,111,
  111,114,98,111,100,105,101,115,98,111,110,101,115,99,104,97,108,105,99,101,99,111,97,108,
  108,101,97,107,102,111,111,100,112,97,114,99,104,109,101,110,116,109,97,110,117,97,108,112,
  111,116,115,116,97,105,114,115,116,104,105,101,102,116,114,97,112,32,100,111,111,114,119,111,
  111,100,101,110,32,100,111,111,114,99,121,99,108,111,112,115,112,97,105,110,116,105,110,103,
  116,114,117,110,107,116,117,98,101,102,111,111,100,115,119,111,114,100,97,100,118,101,110,116,
  117,114,101,114,97,100,118,101,114,116,105,115,101,109,101,110,116,104,117,103,101,32,100,111,
  111,114,98,117,98,98,108,101,99,111,102,102,105,110,112,97,110,101,108,99,114,97,99,107,
  103,114,117,101,103,117,105,100,101,109,111,117,110,116,97,105,110,110,101,115,116,112,111,116,
  115,97,105,108,111,114,99,104,117,116,101,111,118,101,114,98,111,97,114,100,116,114,97,112,
  32,100,111,111,114,116,114,111,108,108,99,108,105,102,102,104,111,117,115,101,119,111,111,100,
  101,110,32,100,111,111,114,119,114,101,110,99,104,97,108,108,97,108,108,97,108,108,100,111,
  111,114,98,117,116,116,111,110,98,97,103,108,97,109,112,98,111,97,116,101,103,103,109,105,
  114,114,111,114,109,105,114,114,111,114,103,114,97,116,101,116,114,97,112,32,100,111,111,114,
  97,100,118,101,110,116,117,114,101,114,109,101,115,111,117,116,104,101,97,115,116,99,114,97,
  99,107,103,114,97,116,101,103,114,111,117,110,100,105,116,108,117,110,103,115,109,97,99,104,
  105,110,101,109,101,112,97,105,110,116,105,110,103,116,114,97,105,108,112,101,100,101,115,116,
  97,108,98,105,114,100,111,118,101,114,98,111,97,114,100,116,114,97,112,32,100,111,111,114,
  119,114,101,110,99,104,97,100,118,101,114,116,105,115,101,109,101,110,116,111,108,100,32,98,
  97,103,98,97,114,98,97,117,98,108,101,98,111,108,116,99,104,97,108,105,99,101,98,114,
  97,115,115,32,108,97,109,112,108,101,97,118,101,115,109,97,105,108,98,111,120,109,97,116,
  99,104,112,101,100,101,115,116,97,108,114,97,105,108,105,110,103,114,111,112,101,99,104,101,
  115,116,116,111,114,99,104,116,114,97,112,32,100,111,111,114,116,114,105,100,101,110,116,116,
  117,98,101,98,111,100,105,101,115,98,111,108,116,98,114,97,99,101,108,101,116,99,111,102,
  102,105,110,100,97,109,102,111,114,101,115,116,108,97,100,100,101,114,98,114,97,115,115,32,
  108,97,109,112,108,101,97,118,101,115,109,101,109,97,110,117,97,108,112,114,97,121,101,114,
  114,97,105,108,105,110,103,115,97,105,108,111,114,115,104,111,118,101,108,115,107,117,108,108,
  99,97,115,101,98,111,111,107,98,111,116,116,108,101,98,117,98,98,108,101,103,117,110,107,
  107,101,121,110,97,115,116,121,32,107,110,105,102,101,98,114,97,115,115,32,108,97,109,112,
  108,101,97,107,108,101,97,118,101,115,112,97,114,99,104,109,101,110,116,112,97,105,110,116,
  105,110,103,99,104,101,115,116,99,121,99,108,111,112,115,108,101,97,118,101,115,116,114,97,
  105,108,115,119,111,114,100,108,97,98,101,108,98,111,111,107,99,104,97,108,105,99,101,108,
  101,97,118,101,115,102,111,111,100,112,117,109,112,108,101,97,118,101,115,116,104,105,101,102,
  97,108,116,97,114,116,97,98,108,101,98,97,114,114,111,119,98,97,116,98,108,101,115,115,
  105,110,103,115,98,111,110,101,115,99,104,97,108,105,99,101,99,104,105,109,110,101,121,114,
  111,99,107,121,32,119,97,108,108,100,97,109,103,114,97,116,101,103,114,111,117,110,100,112,
  97,105,114,105,116,107,101,121,108,101,97,107,102,111,111,100,108,117,110,103,115,109,97,99,
  104,105,110,101,109,101,112,97,105,110,116,105,110,103,116,114,97,105,108,112,101,100,101,115,
  116,97,108,114,117,103,115,99,101,112,116,114,101,98,105,114,100,115,116,97,105,114,115,115,
  116,105,108,101,116,116,111,116,104,105,101,102,116,111,114,99,104,97,108,108,97,108,108,100,
  111,111,114,119,97,108,108,98,111,97,116,98,111,97,116,98,101,108,108,119,105,110,100,111,
  119,98,111,111,107,99,108,105,102,102,119,97,116,101,114,115,97,110,100,98,97,115,107,101,
  116,109,97,105,108,98,111,120,99,104,101,115,116,99,97,115,101,116,114,117,110,107,97,100,
  118,101,114,116,105,115,101,109,101,110,116,109,97,110,117,97,108,109,97,99,104,105,110,101,
  116,114,97,112,32,100,111,111,114,110,111,114,116,104,101,97,115,116,110,111,114,116,104,119,
  101,115,116,115,111,117,116,104,101,97,115,116,115,111,117,116,104,119,101,115,116,110,111,114,
  116,104,119,101,115,116,117,112,100,111,119,110,105,110,111,117,116,108,97,110,100,108,97,110,
  100,108,97,110,100,97,100,118,101,114,116,105,115,101,109,101,110,116,98,111,97,114,100,115,
  100,97,109,102,111,114,101,115,116,108,101,97,107,114,97,105,110,98,111,119,114,105,118,101,
  114,114,111,112,101,115,119,111,114,100,116,117,98,101,98,111,100,105,101,115,98,111,111,107,
  98,114,97,99,101,108,101,116,99,97,110,100,108,101,115,111,108,100,32,119,97,108,108,103,
  97,114,108,105,99,103,104,111,115,116,115,103,117,105,100,101,103,117,110,107,112,97,105,114,
  108,97,100,100,101,114,102,111,111,100,112,97,114,99,104,109,101,110,116,112,114,97,121,101,
  114,115,97,105,108,111,114,115,99,97,114,97,98,115,104,111,118,101,108,115,107,117,108,108,
  99,104,117,116,101,115,116,97,105,114,115,116,104,105,101,102,116,105,109,98,101,114,115,97,
  100,118,101,114,116,105,115,101,109,101,110,116,97,120,101,98,97,114,114,111,119,108,97,98,
  101,108,98,111,110,101,115,98,111,116,116,108,101,98,117,98,98,108,101,99,121,99,108,111,
  112,115,103,114,111,117,110,100,112,97,105,114,102,105,103,117,114,105,110,101,107,101,121,108,
  101,97,107,108,117,110,103,115,112,97,114,99,104,109,101,110,116,109,97,116,99,104,109,111,
  117,110,116,97,105,110,116,114,97,105,108,112,111,116,114,111,112,101,98,105,114,100,116,114,
  101,101,104,111,117,115,101,98,111,100,105,101,115,98,111,110,101,115,99,111,97,108,102,111,
  114,101,115,116,103,104,111,115,116,115,102,111,111,100,116,114,97,105,108,112,111,116,115,116,
  97,105,114,115,116,104,105,101,102,98,97,114,114,111,119,102,111,114,101,115,116,103,104,111,
  115,116,115,103,114,111,117,110,100,112,108,97,115,116,105,99,32,98,111,97,116,115,119,111,
  114,100,102,111,111,100,98,111,97,114,100,115,98,111,108,116,102,111,114,101,115,116,119,97,
  116,101,114,99,97,103,101,114,101,102,108,101,99,116,105,111,110,114,97,105,110,98,111,119,
  114,105,118,101,114,114,111,112,101,115,97,110,100,115,119,111,114,100,116,114,101,101,116,117,
  98,101,100,111,111,114,119,97,108,108,98,97,103,98,111,97,116,98,111,97,116,98,101,108,
  108,119,105,110,100,111,119,98,111,111,107,101,103,103,99,108,105,102,102,119,97,116,101,114,
  115,97,110,100,98,97,115,107,101,116,109,105,114,114,111,114,109,105,114,114,111,114,109,97,
  105,108,98,111,120,99,104,101,115,116,99,97,115,101,116,114,117,110,107,97,100,118,101,114,
  116,105,115,101,109,101,110,116,109,97,110,117,97,108,103,114,97,116,101,116,114,97,112,32,
  100,111,111,114,109,97,99,104,105,110,101,116,114,97,112,32,100,111,111,114,110,111,114,116,
  104,115,111,117,116,104,101,97,115,116,119,101,115,116,117,112,100,111,119,110,105,110,111,117,
  116,116,114,101,101,97,120,101,98,97,114,114,111,119,108,97,98,101,108,98,111,110,101,115,
  98,111,116,116,108,101,98,117,98,98,108,101,99,111,102,102,105,110,102,111,114,101,115,116,
  102,114,111,110,116,32,100,111,111,114,103,114,111,117,110,100,112,108,97,115,116,105,99,32,
  98,111,97,116,102,105,103,117,114,105,110,101,107,101,121,108,101,97,107,108,117,110,103,115,
  109,101,109,111,117,110,116,97,105,110,110,101,115,116,112,97,105,110,116,105,110,103,116,114,
  97,105,108,112,111,116,98,105,114,100,116,114,101,101,104,111,117,115,101,110,101,115,116,112,
  97,105,110,116,105,110,103,98,97,114,114,111,119,99,104,97,108,105,99,101,103,114,111,117,
  110,100,112,108,97,115,116,105,99,32,98,111,97,116,115,119,111,114,100,116,104,105,101,102,
  108,101,97,118,101,115,108,101,97,118,101,115,97,103,97,105,110,97,103,97,105,110,97,103,
  97,105,110,97,103,97,105,110,97,103,97,105,110,97,103,97,105,110,97,103,97,105,110,121,
  110
};
const char *cm_apool = cm_apool_a; unsigned cm_apool_n = 4633;
static const short cm_k_a[] = {
  709,118,12,23,30,32,52,103
};
const short *cm_k = cm_k_a; unsigned cm_k_n = 8;
static const CmLex cm_lex_a[] = {
  {384,16,400,9,409,16,425,9,635,6,1,0,0,0,0,-1},
  {434,15,449,8,457,15,472,8,641,6,1,0,0,0,0,-1},
  {480,15,495,10,505,15,520,10,647,6,1,0,0,0,0,-1},
  {530,14,544,13,557,14,571,13,653,8,1,0,0,0,0,-1},
  {584,14,598,11,609,14,623,11,661,4,1,0,0,0,0,-1},
  {634,14,648,8,656,14,670,8,665,10,1,0,0,0,0,-1},
  {678,13,691,13,704,13,717,13,675,8,1,0,0,0,0,-1},
  {730,13,743,9,752,13,765,9,683,9,1,0,0,0,0,-1},
  {774,13,787,11,798,13,811,11,692,5,1,0,0,0,0,-1},
  {822,12,834,11,845,12,857,11,697,13,1,0,0,0,0,-1},
  {868,12,880,7,887,12,899,7,710,10,1,0,0,0,0,-1},
  {906,12,918,10,928,12,940,10,720,6,1,0,0,0,0,-1},
  {950,11,961,11,972,11,983,11,726,13,1,0,0,0,0,-1},
  {994,11,1005,11,1016,11,1027,11,739,4,1,0,0,0,0,-1},
  {1038,11,1049,11,1060,11,1071,11,743,5,1,0,0,0,0,-1},
  {1082,11,1093,10,1103,11,1114,10,748,16,1,0,0,0,0,-1},
  {1124,11,1135,7,1142,11,1153,7,764,4,1,0,0,0,0,-1},
  {1160,11,1171,9,1180,11,1191,9,768,7,1,0,0,0,0,-1},
  {1200,11,1211,5,1216,11,1227,5,775,13,1,0,0,0,0,-1},
  {1232,11,1243,6,1249,11,1260,6,788,7,1,0,0,0,0,-1},
  {1266,10,1276,5,1281,10,1291,10,0,0,0,0,0,0,0,73},
  {1301,10,1311,10,1321,10,1331,10,795,16,1,0,0,0,0,-1},
  {1341,10,1351,10,1361,10,1371,10,811,6,1,0,0,0,0,-1},
  {1381,10,1391,7,1398,10,1408,7,817,14,1,0,0,0,0,-1},
  {1415,10,1425,5,1430,10,1440,5,831,5,1,0,0,0,0,-1},
  {1445,10,1455,6,1461,10,1471,6,836,8,1,0,0,0,0,-1},
  {1477,10,1487,8,1495,10,1505,8,844,11,1,0,0,0,0,-1},
  {1513,10,1523,7,1530,10,1540,7,855,10,1,0,0,0,0,-1},
  {1547,10,1557,6,1563,10,1573,6,865,7,1,0,0,0,0,-1},
  {1579,10,1589,7,1596,10,1606,7,872,8,1,0,0,0,0,-1},
  {1613,10,1623,8,1631,10,1641,10,880,6,1,0,0,0,0,-1},
  {1651,9,1660,6,1666,9,1675,9,0,0,0,0,0,0,0,42},
  {1684,9,1693,5,1698,9,1707,9,0,0,0,0,0,0,0,73},
  {1716,9,1725,9,1734,9,1743,9,886,6,1,0,0,0,0,-1},
  {1752,9,1761,9,1770,9,1779,9,892,7,1,0,0,0,0,-1},
  {1788,9,1797,9,1806,9,1815,9,899,7,1,0,0,0,0,-1},
  {1824,9,1833,9,1842,9,1851,9,906,9,1,0,0,0,0,-1},
  {1860,9,1869,5,1874,9,1883,5,915,7,1,0,0,0,0,-1},
  {1888,9,1897,6,1903,9,1912,6,922,3,1,0,0,0,0,-1},
  {1918,9,1927,9,1936,9,1945,9,925,7,1,0,0,0,0,-1},
  {1954,9,1963,5,1968,9,1977,5,932,7,1,0,0,0,0,-1},
  {1982,9,1991,8,1999,9,2008,8,939,7,1,0,0,0,0,-1},
  {2016,9,2025,4,2029,9,2038,4,946,10,1,0,0,0,0,-1},
  {2042,9,2051,7,2058,9,2067,7,956,6,1,0,0,0,0,-1},
  {2074,9,2083,6,2089,9,2098,6,962,12,1,0,0,0,0,-1},
  {2104,9,2113,8,2121,9,2130,8,974,4,1,0,0,0,0,-1},
  {2138,9,2147,5,2152,9,2161,5,978,5,1,0,0,0,0,-1},
  {2166,9,2175,6,2181,9,2190,6,983,7,1,0,0,0,0,-1},
  {2196,9,2205,2,2207,9,2216,4,990,3,1,0,0,0,0,-1},
  {2220,8,2228,2,2230,8,2238,8,0,0,0,0,0,0,0,71},
  {2246,8,2254,3,2257,8,2265,8,0,0,0,0,0,0,0,77},
  {2273,8,2281,4,2285,8,2293,8,0,0,0,0,0,0,0,81},
  {2301,8,2309,8,2317,8,2325,8,993,7,1,0,0,0,0,-1},
  {2333,8,2341,8,2349,8,2357,8,1000,10,1,0,0,0,0,-1},
  {2365,8,2373,8,2381,8,2389,8,1010,11,1,0,0,0,0,-1},
  {2397,8,2405,8,2413,8,2421,8,1021,4,1,0,0,0,0,-1},
  {2429,8,2437,8,2445,8,2453,8,1025,6,1,0,0,0,0,-1},
  {2461,8,2469,8,2477,8,2485,8,1031,4,1,0,0,0,0,-1},
  {2493,8,2501,8,2509,8,2517,8,1035,6,1,0,0,0,0,-1},
  {2525,8,2533,4,2537,8,2545,4,1041,3,1,0,0,0,0,-1},
  {2549,8,2557,4,2561,8,2569,4,1044,10,1,0,0,0,0,-1},
  {2573,8,2581,7,2588,8,2596,7,1054,11,1,0,0,0,0,-1},
  {2603,8,2611,6,2617,8,2625,6,1065,12,1,0,0,0,0,-1},
  {2631,8,2639,5,2644,8,2652,5,1077,12,1,0,0,0,0,-1},
  {2657,8,2665,4,2669,8,2677,4,1089,14,1,0,0,0,0,-1},
  {2681,8,2689,6,2695,8,2703,6,1103,12,1,0,0,0,0,-1},
  {2709,8,2717,4,2721,8,2729,4,1115,9,1,0,0,0,0,-1},
  {2733,8,2741,5,2746,8,2754,5,1124,5,1,0,0,0,0,-1},
  {2759,8,2767,8,2775,8,2783,8,1129,10,1,0,0,0,0,-1},
  {2791,8,2799,11,2810,8,2818,8,1139,5,1,0,0,0,0,-1},
  {2826,8,2834,6,2840,8,2848,6,1144,12,1,0,0,0,0,-1},
  {2854,8,2862,11,2873,8,2881,8,1156,5,1,0,0,0,0,-1},
  {2889,8,2897,3,2900,8,2908,6,1161,11,1,0,0,0,0,-1},
  {2914,7,2921,2,2923,7,2930,7,0,0,0,0,0,0,0,17},
  {2937,7,2944,6,2950,7,2957,7,0,0,0,0,0,0,0,29},
  {2964,7,2971,5,2976,7,2983,7,0,0,0,0,0,0,0,43},
  {2990,7,2997,3,3000,7,3007,7,0,0,0,0,0,0,0,44},
  {3014,7,3021,4,3025,7,3032,7,0,0,0,0,0,0,0,50},
  {3039,7,3046,5,3051,7,3058,7,0,0,0,0,0,0,0,55},
  {3065,7,3072,7,3079,7,3086,7,0,0,0,0,0,0,0,63},
  {3093,7,3100,7,3107,7,3114,7,0,0,0,0,0,0,0,63},
  {3121,7,3128,7,3135,7,3142,7,0,0,0,0,0,0,0,63},
  {3149,7,3156,7,3163,7,3170,7,0,0,0,0,0,0,0,63},
  {3177,7,3184,5,3189,7,3196,7,0,0,0,0,0,0,0,65},
  {3203,7,3210,5,3215,7,3222,7,0,0,0,0,0,0,0,73},
  {3229,7,3236,3,3239,7,3246,7,0,0,0,0,0,0,0,77},
  {3253,7,3260,3,3263,7,3270,7,0,0,0,0,0,0,0,77},
  {3277,7,3284,5,3289,7,3296,7,0,0,0,0,0,0,0,80},
  {3303,7,3310,5,3315,7,3322,7,0,0,0,0,0,0,0,95},
  {3329,7,3336,5,3341,7,3348,7,0,0,0,0,0,0,0,102},
  {3355,7,3362,5,3367,7,3374,7,0,0,0,0,0,0,0,102},
  {3381,7,3388,5,3393,7,3400,7,0,0,0,0,0,0,0,112},
  {3407,7,3414,5,3419,7,3426,7,0,0,0,0,0,0,0,112},
  {3433,7,3440,5,3445,7,3452,7,0,0,0,0,0,0,0,112},
  {3459,7,3466,2,3468,7,3475,7,0,0,0,0,0,0,0,122},
  {3482,7,3489,2,3491,7,3498,7,0,0,0,0,0,0,0,122},
  {3505,7,3512,7,3519,7,3526,7,1172,14,1,0,0,0,0,-1},
  {3533,7,3540,7,3547,7,3554,7,1186,10,1,0,0,0,0,-1},
  {3561,7,3568,7,3575,7,3582,7,1196,11,1,0,0,0,0,-1},
  {3589,7,3596,7,3603,7,3610,7,1207,4,1,0,0,0,0,-1},
  {3617,7,3624,7,3631,7,3638,7,1211,6,1,0,0,0,0,-1},
  {3645,7,3652,7,3659,7,3666,7,1217,10,1,0,0,0,0,-1},
  {3673,7,3680,7,3687,7,3694,7,1227,8,1,0,0,0,0,-1},
  {3701,7,3708,4,3712,7,3719,4,1235,6,1,0,0,0,0,-1},
  {3723,7,3730,4,3734,7,3741,4,1241,0,3,0,0,0,0,-1},
  {3745,7,3752,7,3759,7,3766,7,1241,0,3,0,0,0,0,-1},
  {3773,7,3780,7,3787,7,3794,7,1241,0,3,0,0,0,0,-1},
  {3801,7,3808,7,3815,7,3822,7,1241,0,3,0,0,0,0,-1},
  {3829,7,3836,7,3843,7,3850,7,1241,0,3,0,0,0,0,-1},
  {3857,7,3864,7,3871,7,3878,7,1241,4,2,0,0,0,0,-1},
  {3885,7,3892,7,3899,7,3906,7,1245,4,2,0,0,0,0,-1},
  {3913,7,3920,7,3927,7,3934,7,1249,4,2,0,0,0,0,-1},
  {3941,7,3948,6,3954,7,3961,6,1253,3,1,0,0,0,0,-1},
  {3967,7,3974,4,3978,7,3985,4,1256,4,1,0,0,0,0,-1},
  {3989,7,3996,4,4000,7,4007,4,1260,4,1,0,0,0,0,-1},
  {4011,7,4018,5,4023,7,4030,5,1264,6,1,0,0,0,0,-1},
  {4035,7,4042,4,4046,7,4053,4,1270,9,1,0,0,0,0,-1},
  {4057,7,4064,5,4069,7,4076,5,1279,6,1,0,0,0,0,-1},
  {4081,7,4088,5,4093,7,4100,5,1285,7,1,0,0,0,0,-1},
  {4105,7,4112,4,4116,7,4123,4,1292,16,1,0,0,0,0,-1},
  {4127,7,4134,6,4140,7,4147,6,1308,5,1,0,0,0,0,-1},
  {4153,7,4160,6,4166,7,4173,6,1313,13,1,0,0,0,0,-1},
  {4179,7,4186,7,4193,7,4200,7,1326,10,1,0,0,0,0,-1},
  {4207,7,4214,8,4222,7,4229,6,1336,4,1,0,0,0,0,-1},
  {4235,7,4242,2,4244,7,4251,3,1340,7,1,0,0,0,0,-1},
  {4254,7,4261,7,4268,7,4275,4,1347,4,1,0,0,0,0,-1},
  {4279,7,4286,8,4294,7,4301,6,1351,11,1,0,0,0,0,-1},
  {4307,7,4314,6,4320,7,4327,6,1362,13,1,0,0,0,0,-1},
  {4333,7,4340,11,4351,7,4358,4,1375,5,1,0,0,0,0,-1},
  {4362,7,4369,2,4371,7,4378,7,1380,3,1,0,0,0,0,-1},
  {4385,6,4391,5,4396,6,4402,6,0,0,0,0,0,0,0,0},
  {4408,6,4414,4,4418,6,4424,6,0,0,0,0,0,0,0,3},
  {4430,6,4436,2,4438,6,4444,6,0,0,0,0,0,0,0,9},
  {4450,6,4456,5,4461,6,4467,6,0,0,0,0,0,0,0,19},
  {4473,6,4479,5,4484,6,4490,6,0,0,0,0,0,0,0,24},
  {4496,6,4502,6,4508,6,4514,6,0,0,0,0,0,0,0,29},
  {4520,6,4526,3,4529,6,4535,6,0,0,0,0,0,0,0,31},
  {4541,6,4547,6,4553,6,4559,6,0,0,0,0,0,0,0,42},
  {4565,6,4571,5,4576,6,4582,6,0,0,0,0,0,0,0,43},
  {4588,6,4594,5,4599,6,4605,6,0,0,0,0,0,0,0,43},
  {4611,6,4617,3,4620,6,4626,6,0,0,0,0,0,0,0,44},
  {4632,6,4638,4,4642,6,4648,6,0,0,0,0,0,0,0,48},
  {4654,6,4660,2,4662,6,4668,6,0,0,0,0,0,0,0,54},
  {4674,6,4680,5,4685,6,4691,6,0,0,0,0,0,0,0,55},
  {4697,6,4703,5,4708,6,4714,6,0,0,0,0,0,0,0,55},
  {4720,6,4726,2,4728,6,4734,6,0,0,0,0,0,0,0,56},
  {4740,6,4746,2,4748,6,4754,6,0,0,0,0,0,0,0,56},
  {4760,6,4766,4,4770,6,4776,6,0,0,0,0,0,0,0,58},
  {4782,6,4788,4,4792,6,4798,6,0,0,0,0,0,0,0,62},
  {4804,6,4810,4,4814,6,4820,6,0,0,0,0,0,0,0,62},
  {4826,6,4832,7,4839,6,4845,6,0,0,0,0,0,0,0,63},
  {4851,6,4857,7,4864,6,4870,6,0,0,0,0,0,0,0,63},
  {4876,6,4882,7,4889,6,4895,6,0,0,0,0,0,0,0,63},
  {4901,6,4907,7,4914,6,4920,6,0,0,0,0,0,0,0,63},
  {4926,6,4932,7,4939,6,4945,6,0,0,0,0,0,0,0,63},
  {4951,6,4957,7,4964,6,4970,6,0,0,0,0,0,0,0,63},
  {4976,6,4982,7,4989,6,4995,6,0,0,0,0,0,0,0,63},
  {5001,6,5007,4,5011,6,5017,6,0,0,0,0,0,0,0,66},
  {5023,6,5029,2,5031,6,5037,6,0,0,0,0,0,0,0,71},
  {5043,6,5049,5,5054,6,5060,6,0,0,0,0,0,0,0,74},
  {5066,6,5072,3,5075,6,5081,6,0,0,0,0,0,0,0,77},
  {5087,6,5093,3,5096,6,5102,6,0,0,0,0,0,0,0,77},
  {5108,6,5114,3,5117,6,5123,6,0,0,0,0,0,0,0,77},
  {5129,6,5135,4,5139,6,5145,6,0,0,0,0,0,0,0,81},
  {5151,6,5157,4,5161,6,5167,6,0,0,0,0,0,0,0,81},
  {5173,6,5179,4,5183,6,5189,6,0,0,0,0,0,0,0,82},
  {5195,6,5201,2,5203,6,5209,6,0,0,0,0,0,0,0,89},
  {5215,6,5221,2,5223,6,5229,6,0,0,0,0,0,0,0,89},
  {5235,6,5241,6,5247,6,5253,6,0,0,0,0,0,0,0,92},
  {5259,6,5265,5,5270,6,5276,6,0,0,0,0,0,0,0,93},
  {5282,6,5288,2,5290,6,5296,6,0,0,0,0,0,0,0,94},
  {5302,6,5308,5,5313,6,5319,6,0,0,0,0,0,0,0,106},
  {5325,6,5331,5,5336,6,5342,6,0,0,0,0,0,0,0,112},
  {5348,6,5354,6,5360,6,5366,6,1383,3,1,0,0,0,0,-1},
  {5372,6,5378,6,5384,6,5390,6,1386,3,1,0,0,0,0,-1},
  {5396,6,5402,6,5408,6,5414,6,1389,12,1,0,0,0,0,-1},
  {5420,6,5426,6,5432,6,5438,6,1401,7,1,0,0,0,0,-1},
  {5444,6,5450,6,5456,6,5462,6,1408,8,1,0,0,0,0,-1},
  {5468,6,5474,6,5480,6,5486,6,1416,12,1,0,0,0,0,-1},
  {5492,6,5498,6,5504,6,5510,6,1428,7,1,0,0,0,0,-1},
  {5516,6,5522,6,5528,6,5534,6,1435,12,1,0,0,0,0,-1},
  {5540,6,5546,6,5552,6,5558,6,1447,11,1,0,0,0,0,-1},
  {5564,6,5570,6,5576,6,5582,6,1458,7,1,0,0,0,0,-1},
  {5588,6,5594,6,5600,6,5606,6,1465,5,1,0,0,0,0,-1},
  {5612,6,5618,6,5624,6,5630,6,1470,13,1,0,0,0,0,-1},
  {5636,6,5642,6,5648,6,5654,6,1483,7,1,0,0,0,0,-1},
  {5660,6,5666,3,5669,6,5675,3,1490,0,3,0,0,0,0,-1},
  {5678,6,5684,3,5687,6,5693,3,1490,0,3,0,0,0,0,-1},
  {5696,6,5702,3,5705,6,5711,3,1490,9,1,0,0,0,0,-1},
  {5714,6,5720,5,5725,6,5731,5,1499,11,1,0,0,0,0,-1},
  {5736,6,5742,4,5746,6,5752,4,1510,6,1,0,0,0,0,-1},
  {5756,6,5762,3,5765,6,5771,3,1516,6,1,0,0,0,0,-1},
  {5774,6,5780,3,5783,6,5789,3,1522,6,1,0,0,0,0,-1},
  {5792,6,5798,3,5801,6,5807,3,1528,5,1,0,0,0,0,-1},
  {5810,6,5816,6,5822,6,5828,6,1533,7,1,0,0,0,0,-1},
  {5834,6,5840,3,5843,6,5849,3,1540,5,1,0,0,0,0,-1},
  {5852,6,5858,4,5862,6,5868,4,1545,11,1,1,0,0,0,-1},
  {5872,6,5878,4,5882,6,5888,4,1556,8,1,0,0,0,0,-1},
  {5892,6,5898,5,5903,6,5909,5,1564,6,1,0,0,0,0,-1},
  {5914,6,5920,2,5922,6,5928,2,1570,4,1,0,0,0,0,-1},
  {5930,6,5936,4,5940,6,5946,4,1574,5,1,0,0,0,0,-1},
  {5950,6,5956,5,5961,6,5967,5,1579,10,1,0,0,0,0,-1},
  {5972,6,5978,6,5984,6,5990,6,1589,11,1,0,0,0,0,-1},
  {5996,6,6002,8,6010,6,6016,6,1600,4,1,0,0,0,0,-1},
  {6022,6,6028,6,6034,6,6040,6,1604,12,1,0,0,0,0,-1},
  {6046,6,6052,9,6061,6,6067,6,1616,7,1,0,0,0,0,-1},
  {6073,6,6079,8,6087,6,6093,6,1623,11,1,0,0,0,0,-1},
  {6099,6,6105,3,6108,6,6114,6,1634,11,1,0,0,0,0,-1},
  {6120,6,6126,6,6132,6,6138,6,1645,13,1,0,0,0,0,-1},
  {6144,6,6150,5,6155,6,6161,3,1658,7,1,0,0,0,0,-1},
  {6164,6,6170,5,6175,6,6181,5,1665,11,1,0,0,0,0,-1},
  {6186,6,6192,6,6198,6,6204,3,1676,7,1,0,0,0,0,-1},
  {6207,6,6213,5,6218,6,6224,5,1683,10,1,0,0,0,0,-1},
  {6229,6,6235,1,6236,6,6242,5,1693,5,1,0,0,0,0,-1},
  {6247,6,6253,3,6256,6,6262,3,1698,9,1,0,0,0,0,-1},
  {6265,6,6271,3,6274,6,6280,6,1707,5,1,0,0,0,0,-1},
  {6286,6,6292,10,6302,6,6308,3,1712,6,1,0,0,0,0,-1},
  {6311,6,6317,2,6319,6,6325,3,1718,3,1,0,0,0,0,-1},
  {6328,6,6334,2,6336,6,6342,4,1721,2,1,0,0,0,0,-1},
  {6346,6,6352,2,6354,6,6360,3,1723,8,1,0,0,0,0,-1},
  {6363,6,6369,8,6377,6,6383,5,1731,4,1,0,0,0,0,-1},
  {6388,6,6394,10,6404,6,6410,4,1735,6,1,0,0,0,0,-1},
  {6414,6,6420,2,6422,6,6428,6,1741,4,1,0,0,0,0,-1},
  {6434,5,6439,5,6444,5,6449,5,0,0,0,0,0,0,0,0},
  {6454,5,6459,5,6464,5,6469,5,0,0,0,0,0,0,0,0},
  {6474,5,6479,4,6483,5,6488,5,0,0,0,0,0,0,0,3},
  {6493,5,6498,4,6502,5,6507,5,0,0,0,0,0,0,0,3},
  {6512,5,6517,4,6521,5,6526,5,0,0,0,0,0,0,0,5},
  {6531,5,6536,3,6539,5,6544,5,0,0,0,0,0,0,0,8},
  {6549,5,6554,2,6556,5,6561,5,0,0,0,0,0,0,0,9},
  {6566,5,6571,2,6573,5,6578,5,0,0,0,0,0,0,0,12},
  {6583,5,6588,2,6590,5,6595,5,0,0,0,0,0,0,0,17},
  {6600,5,6605,5,6610,5,6615,5,0,0,0,0,0,0,0,19},
  {6620,5,6625,5,6630,5,6635,5,0,0,0,0,0,0,0,19},
  {6640,5,6645,2,6647,5,6652,5,0,0,0,0,0,0,0,20},
  {6657,5,6662,2,6664,5,6669,5,0,0,0,0,0,0,0,21},
  {6674,5,6679,2,6681,5,6686,5,0,0,0,0,0,0,0,22},
  {6691,5,6696,2,6698,5,6703,5,0,0,0,0,0,0,0,22},
  {6708,5,6713,5,6718,5,6723,5,0,0,0,0,0,0,0,24},
  {6728,5,6733,3,6736,5,6741,5,0,0,0,0,0,0,0,28},
  {6746,5,6751,2,6753,5,6758,5,0,0,0,0,0,0,0,30},
  {6763,5,6768,3,6771,5,6776,5,0,0,0,0,0,0,0,31},
  {6781,5,6786,2,6788,5,6793,5,0,0,0,0,0,0,0,33},
  {6798,5,6803,5,6808,5,6813,5,0,0,0,0,0,0,0,38},
  {6818,5,6823,5,6828,5,6833,5,0,0,0,0,0,0,0,41},
  {6838,5,6843,5,6848,5,6853,5,0,0,0,0,0,0,0,43},
  {6858,5,6863,3,6866,5,6871,5,0,0,0,0,0,0,0,44},
  {6876,5,6881,4,6885,5,6890,5,0,0,0,0,0,0,0,48},
  {6895,5,6900,2,6902,5,6907,5,0,0,0,0,0,0,0,49},
  {6912,5,6917,4,6921,5,6926,5,0,0,0,0,0,0,0,50},
  {6931,5,6936,4,6940,5,6945,5,0,0,0,0,0,0,0,51},
  {6950,5,6955,4,6959,5,6964,5,0,0,0,0,0,0,0,51},
  {6969,5,6974,3,6977,5,6982,5,0,0,0,0,0,0,0,53},
  {6987,5,6992,3,6995,5,7000,5,0,0,0,0,0,0,0,53},
  {7005,5,7010,2,7012,5,7017,5,0,0,0,0,0,0,0,54},
  {7022,5,7027,5,7032,5,7037,5,0,0,0,0,0,0,0,55},
  {7042,5,7047,5,7052,5,7057,5,0,0,0,0,0,0,0,55},
  {7062,5,7067,2,7069,5,7074,5,0,0,0,0,0,0,0,56},
  {7079,5,7084,7,7091,5,7096,5,0,0,0,0,0,0,0,63},
  {7101,5,7106,7,7113,5,7118,5,0,0,0,0,0,0,0,63},
  {7123,5,7128,7,7135,5,7140,5,0,0,0,0,0,0,0,63},
  {7145,5,7150,5,7155,5,7160,5,0,0,0,0,0,0,0,65},
  {7165,5,7170,5,7175,5,7180,5,0,0,0,0,0,0,0,65},
  {7185,5,7190,5,7195,5,7200,5,0,0,0,0,0,0,0,73},
  {7205,5,7210,5,7215,5,7220,5,0,0,0,0,0,0,0,74},
  {7225,5,7230,5,7235,5,7240,5,0,0,0,0,0,0,0,78},
  {7245,5,7250,5,7255,5,7260,5,0,0,0,0,0,0,0,78},
  {7265,5,7270,2,7272,5,7277,5,0,0,0,0,0,0,0,79},
  {7282,5,7287,5,7292,5,7297,5,0,0,0,0,0,0,0,80},
  {7302,5,7307,4,7311,5,7316,5,0,0,0,0,0,0,0,81},
  {7321,5,7326,4,7330,5,7335,5,0,0,0,0,0,0,0,81},
  {7340,5,7345,4,7349,5,7354,5,0,0,0,0,0,0,0,82},
  {7359,5,7364,4,7368,5,7373,5,0,0,0,0,0,0,0,86},
  {7378,5,7383,4,7387,5,7392,5,0,0,0,0,0,0,0,86},
  {7397,5,7402,5,7407,5,7412,5,0,0,0,0,0,0,0,93},
  {7417,5,7422,2,7424,5,7429,5,0,0,0,0,0,0,0,94},
  {7434,5,7439,5,7444,5,7449,5,0,0,0,0,0,0,0,95},
  {7454,5,7459,5,7464,5,7469,5,0,0,0,0,0,0,0,96},
  {7474,5,7479,5,7484,5,7489,5,0,0,0,0,0,0,0,96},
  {7494,5,7499,5,7504,5,7509,5,0,0,0,0,0,0,0,102},
  {7514,5,7519,2,7521,5,7526,5,0,0,0,0,0,0,0,104},
  {7531,5,7536,2,7538,5,7543,5,0,0,0,0,0,0,0,105},
  {7548,5,7553,2,7555,5,7560,5,0,0,0,0,0,0,0,105},
  {7565,5,7570,5,7575,5,7580,5,0,0,0,0,0,0,0,106},
  {7585,5,7590,5,7595,5,7600,5,0,0,0,0,0,0,0,112},
  {7605,5,7610,5,7615,5,7620,5,0,0,0,0,0,0,0,112},
  {7625,5,7630,2,7632,5,7637,5,0,0,0,0,0,0,0,113},
  {7642,5,7647,2,7649,5,7654,5,0,0,0,0,0,0,0,113},
  {7659,5,7664,5,7669,5,7674,5,0,0,0,0,0,0,0,115},
  {7679,5,7684,5,7689,5,7694,5,0,0,0,0,0,0,0,115},
  {7699,5,7704,2,7706,5,7711,5,0,0,0,0,0,0,0,116},
  {7716,5,7721,2,7723,5,7728,5,0,0,0,0,0,0,0,116},
  {7733,5,7738,5,7743,5,7748,5,0,0,0,0,0,0,0,120},
  {7753,5,7758,5,7763,5,7768,5,0,0,0,0,0,0,0,120},
  {7773,5,7778,2,7780,5,7785,5,0,0,0,0,0,0,0,122},
  {7790,5,7795,2,7797,5,7802,5,0,0,0,0,0,0,0,122},
  {7807,5,7812,5,7817,5,7822,5,1745,7,1,0,0,0,0,-1},
  {7827,5,7832,5,7837,5,7842,5,1752,11,1,0,0,0,0,-1},
  {7847,5,7852,5,7857,5,7862,5,1763,5,1,0,0,0,0,-1},
  {7867,5,7872,5,7877,5,7882,5,1768,7,1,0,0,0,0,-1},
  {7887,5,7892,5,7897,5,7902,5,1775,6,1,0,0,0,0,-1},
  {7907,5,7912,5,7917,5,7922,5,1781,12,1,0,0,0,0,-1},
  {7927,5,7932,5,7937,5,7942,5,1793,13,1,0,0,0,0,-1},
  {7947,5,7952,5,7957,5,7962,5,1806,6,1,0,0,0,0,-1},
  {7967,5,7972,5,7977,5,7982,5,1812,6,1,0,0,0,0,-1},
  {7987,5,7992,5,7997,5,8002,5,1818,7,1,0,0,0,0,-1},
  {8007,5,8012,5,8017,5,8022,5,1825,10,1,0,0,0,0,-1},
  {8027,5,8032,5,8037,5,8042,5,1835,5,1,0,0,0,0,-1},
  {8047,5,8052,5,8057,5,8062,5,1840,7,1,0,0,0,0,-1},
  {8067,5,8072,5,8077,5,8082,5,1847,5,1,0,0,0,0,-1},
  {8087,5,8092,5,8097,5,8102,5,1852,6,1,0,0,0,0,-1},
  {8107,5,8112,2,8114,5,8119,2,1858,0,3,0,0,0,0,-1},
  {8121,5,8126,2,8128,5,8133,2,1858,0,3,0,0,0,0,-1},
  {8135,5,8140,2,8142,5,8147,2,1858,0,3,0,0,0,0,-1},
  {8149,5,8154,3,8157,5,8162,3,1858,0,3,0,0,0,0,-1},
  {8165,5,8170,5,8175,5,8180,5,1858,4,2,0,0,0,0,-1},
  {8185,5,8190,5,8195,5,8200,5,1862,4,2,0,0,0,0,-1},
  {8205,5,8210,5,8215,5,8220,5,1866,4,2,0,0,0,0,-1},
  {8225,5,8230,5,8235,5,8240,5,1870,4,2,0,0,0,0,-1},
  {8245,5,8250,2,8252,5,8257,2,1874,5,1,0,0,0,0,-1},
  {8259,5,8264,2,8266,5,8271,2,1879,9,1,0,0,0,0,-1},
  {8273,5,8278,4,8282,5,8287,4,1888,6,1,0,0,0,0,-1},
  {8291,5,8296,4,8300,5,8305,4,1894,6,1,0,0,0,0,-1},
  {8309,5,8314,4,8318,5,8323,4,1900,9,1,0,0,0,0,-1},
  {8327,5,8332,3,8335,5,8340,3,1909,3,1,0,0,0,0,-1},
  {8343,5,8348,5,8353,5,8358,5,1912,7,1,0,0,0,0,-1},
  {8363,5,8368,2,8370,5,8375,2,1919,3,1,0,0,0,0,-1},
  {8377,5,8382,2,8384,5,8389,2,1922,7,1,0,0,0,0,-1},
  {8391,5,8396,4,8400,5,8405,4,1929,11,1,0,0,0,0,-1},
  {8409,5,8414,3,8417,5,8422,3,1940,5,1,0,0,0,0,-1},
  {8425,5,8430,3,8433,5,8438,3,1945,5,1,0,0,0,0,-1},
  {8441,5,8446,3,8449,5,8454,3,1950,5,1,0,0,0,0,-1},
  {8457,5,8462,3,8465,5,8470,3,1955,11,1,0,0,0,0,-1},
  {8473,5,8478,6,8484,5,8489,5,1966,7,1,0,0,0,0,-1},
  {8494,5,8499,5,8504,5,8509,5,1973,11,1,0,0,0,0,-1},
  {8514,5,8519,8,8527,5,8532,5,1984,7,1,0,0,0,0,-1},
  {8537,5,8542,5,8547,5,8552,5,1991,10,1,0,0,0,0,-1},
  {8557,5,8562,2,8564,5,8569,5,2001,3,1,0,0,0,0,-1},
  {8574,5,8579,4,8583,5,8588,5,2004,11,1,0,0,0,0,-1},
  {8593,5,8598,1,8599,5,8604,5,2015,5,1,0,0,0,0,-1},
  {8609,5,8614,3,8617,5,8622,4,2020,9,1,0,0,0,0,-1},
  {8626,5,8631,9,8640,5,8645,3,2029,6,1,0,0,0,0,-1},
  {8648,5,8653,6,8659,5,8664,2,2035,8,1,0,0,0,0,-1},
  {8666,5,8671,2,8673,5,8678,3,2043,8,1,0,0,0,0,-1},
  {8681,5,8686,8,8694,5,8699,4,2051,4,1,0,0,0,0,-1},
  {8703,5,8708,6,8714,5,8719,4,2055,12,1,0,0,0,0,-1},
  {8723,5,8728,8,8736,5,8741,2,2067,6,1,0,0,0,0,-1},
  {8743,5,8748,5,8753,5,8758,3,2073,5,1,0,0,0,0,-1},
  {8761,5,8766,6,8772,5,8777,3,2078,7,1,0,0,0,0,-1},
  {8780,5,8785,13,8798,5,8803,5,2085,8,1,0,0,0,0,-1},
  {8808,5,8813,8,8821,5,8826,5,2093,4,1,0,0,0,0,-1},
  {8831,5,8836,5,8841,5,8846,4,2097,5,1,0,0,0,0,-1},
  {8850,5,8855,4,8859,5,8864,3,2102,4,1,0,0,0,0,-1},
  {8867,5,8872,5,8877,5,8882,3,2106,5,1,0,0,0,0,-1},
  {8885,5,8890,1,8891,5,8896,4,2111,4,1,0,0,0,0,-1},
  {8900,5,8905,1,8906,5,8911,4,2115,4,1,0,0,0,0,-1},
  {8915,5,8920,10,8930,5,8935,5,2119,6,1,0,0,0,0,-1},
  {8940,4,8944,5,8949,4,8953,4,0,0,0,0,0,0,0,0},
  {8957,4,8961,3,8964,4,8968,4,0,0,0,0,0,0,0,1},
  {8972,4,8976,4,8980,4,8984,4,0,0,0,0,0,0,0,3},
  {8988,4,8992,4,8996,4,9000,4,0,0,0,0,0,0,0,3},
  {9004,4,9008,4,9012,4,9016,4,0,0,0,0,0,0,0,5},
  {9020,4,9024,2,9026,4,9030,4,0,0,0,0,0,0,0,9},
  {9034,4,9038,2,9040,4,9044,4,0,0,0,0,0,0,0,12},
  {9048,4,9052,3,9055,4,9059,4,0,0,0,0,0,0,0,14},
  {9063,4,9067,3,9070,4,9074,4,0,0,0,0,0,0,0,15},
  {9078,4,9082,2,9084,4,9088,4,0,0,0,0,0,0,0,16},
  {9092,4,9096,2,9098,4,9102,4,0,0,0,0,0,0,0,17},
  {9106,4,9110,2,9112,4,9116,4,0,0,0,0,0,0,0,20},
  {9120,4,9124,2,9126,4,9130,4,0,0,0,0,0,0,0,21},
  {9134,4,9138,2,9140,4,9144,4,0,0,0,0,0,0,0,21},
  {9148,4,9152,2,9154,4,9158,4,0,0,0,0,0,0,0,22},
  {9162,4,9166,2,9168,4,9172,4,0,0,0,0,0,0,0,22},
  {9176,4,9180,2,9182,4,9186,4,0,0,0,0,0,0,0,26},
  {9190,4,9194,3,9197,4,9201,4,0,0,0,0,0,0,0,28},
  {9205,4,9209,2,9211,4,9215,4,0,0,0,0,0,0,0,30},
  {9219,4,9223,3,9226,4,9230,4,0,0,0,0,0,0,0,31},
  {9234,4,9238,3,9241,4,9245,4,0,0,0,0,0,0,0,31},
  {9249,4,9253,3,9256,4,9260,4,0,0,0,0,0,0,0,31},
  {9264,4,9268,3,9271,4,9275,4,0,0,0,0,0,0,0,31},
  {9279,4,9283,3,9286,4,9290,4,0,0,0,0,0,0,0,31},
  {9294,4,9298,3,9301,4,9305,4,0,0,0,0,0,0,0,31},
  {9309,4,9313,3,9316,4,9320,4,0,0,0,0,0,0,0,31},
  {9324,4,9328,2,9330,4,9334,4,0,0,0,0,0,0,0,33},
  {9338,4,9342,2,9344,4,9348,4,0,0,0,0,0,0,0,34},
  {9352,4,9356,2,9358,4,9362,4,0,0,0,0,0,0,0,34},
  {9366,4,9370,4,9374,4,9378,4,0,0,0,0,0,0,0,36},
  {9382,4,9386,4,9390,4,9394,4,0,0,0,0,0,0,0,36},
  {9398,4,9402,5,9407,4,9411,4,0,0,0,0,0,0,0,38},
  {9415,4,9419,2,9421,4,9425,4,0,0,0,0,0,0,0,39},
  {9429,4,9433,2,9435,4,9439,4,0,0,0,0,0,0,0,39},
  {9443,4,9447,2,9449,4,9453,4,0,0,0,0,0,0,0,39},
  {9457,4,9461,5,9466,4,9470,4,0,0,0,0,0,0,0,41},
  {9474,4,9478,3,9481,4,9485,4,0,0,0,0,0,0,0,44},
  {9489,4,9493,2,9495,4,9499,4,0,0,0,0,0,0,0,45},
  {9503,4,9507,2,9509,4,9513,4,0,0,0,0,0,0,0,45},
  {9517,4,9521,4,9525,4,9529,4,0,0,0,0,0,0,0,48},
  {9533,4,9537,4,9541,4,9545,4,0,0,0,0,0,0,0,50},
  {9549,4,9553,4,9557,4,9561,4,0,0,0,0,0,0,0,50},
  {9565,4,9569,4,9573,4,9577,4,0,0,0,0,0,0,0,51},
  {9581,4,9585,5,9590,4,9594,4,0,0,0,0,0,0,0,55},
  {9598,4,9602,2,9604,4,9608,4,0,0,0,0,0,0,0,56},
  {9612,4,9616,2,9618,4,9622,4,0,0,0,0,0,0,0,56},
  {9626,4,9630,2,9632,4,9636,4,0,0,0,0,0,0,0,56},
  {9640,4,9644,4,9648,4,9652,4,0,0,0,0,0,0,0,58},
  {9656,4,9660,3,9663,4,9667,4,0,0,0,0,0,0,0,61},
  {9671,4,9675,4,9679,4,9683,4,0,0,0,0,0,0,0,62},
  {9687,4,9691,7,9698,4,9702,4,0,0,0,0,0,0,0,63},
  {9706,4,9710,5,9715,4,9719,4,0,0,0,0,0,0,0,65},
  {9723,4,9727,4,9731,4,9735,4,0,0,0,0,0,0,0,66},
  {9739,4,9743,2,9745,4,9749,4,0,0,0,0,0,0,0,72},
  {9753,4,9757,2,9759,4,9763,4,0,0,0,0,0,0,0,72},
  {9767,4,9771,5,9776,4,9780,4,0,0,0,0,0,0,0,74},
  {9784,4,9788,5,9793,4,9797,4,0,0,0,0,0,0,0,74},
  {9801,4,9805,3,9808,4,9812,4,0,0,0,0,0,0,0,76},
  {9816,4,9820,3,9823,4,9827,4,0,0,0,0,0,0,0,77},
  {9831,4,9835,2,9837,4,9841,4,0,0,0,0,0,0,0,79},
  {9845,4,9849,4,9853,4,9857,4,0,0,0,0,0,0,0,81},
  {9861,4,9865,4,9869,4,9873,4,0,0,0,0,0,0,0,81},
  {9877,4,9881,4,9885,4,9889,4,0,0,0,0,0,0,0,82},
  {9893,4,9897,4,9901,4,9905,4,0,0,0,0,0,0,0,82},
  {9909,4,9913,4,9917,4,9921,4,0,0,0,0,0,0,0,82},
  {9925,4,9929,4,9933,4,9937,4,0,0,0,0,0,0,0,82},
  {9941,4,9945,3,9948,4,9952,4,0,0,0,0,0,0,0,84},
  {9956,4,9960,4,9964,4,9968,4,0,0,0,0,0,0,0,86},
  {9972,4,9976,4,9980,4,9984,4,0,0,0,0,0,0,0,86},
  {9988,4,9992,2,9994,4,9998,4,0,0,0,0,0,0,0,88},
  {10002,4,10006,2,10008,4,10012,4,0,0,0,0,0,0,0,88},
  {10016,4,10020,2,10022,4,10026,4,0,0,0,0,0,0,0,88},
  {10030,4,10034,2,10036,4,10040,4,0,0,0,0,0,0,0,89},
  {10044,4,10048,2,10050,4,10054,4,0,0,0,0,0,0,0,89},
  {10058,4,10062,4,10066,4,10070,4,0,0,0,0,0,0,0,100},
  {10074,4,10078,2,10080,4,10084,4,0,0,0,0,0,0,0,104},
  {10088,4,10092,2,10094,4,10098,4,0,0,0,0,0,0,0,105},
  {10102,4,10106,2,10108,4,10112,4,0,0,0,0,0,0,0,105},
  {10116,4,10120,2,10122,4,10126,4,0,0,0,0,0,0,0,105},
  {10130,4,10134,2,10136,4,10140,4,0,0,0,0,0,0,0,105},
  {10144,4,10148,2,10150,4,10154,4,0,0,0,0,0,0,0,105},
  {10158,4,10162,2,10164,4,10168,4,0,0,0,0,0,0,0,105},
  {10172,4,10176,3,10179,4,10183,4,0,0,0,0,0,0,0,107},
  {10187,4,10191,5,10196,4,10200,4,0,0,0,0,0,0,0,112},
  {10204,4,10208,5,10213,4,10217,4,0,0,0,0,0,0,0,112},
  {10221,4,10225,3,10228,4,10232,4,0,0,0,0,0,0,0,114},
  {10236,4,10240,2,10242,4,10246,4,0,0,0,0,0,0,0,116},
  {10250,4,10254,4,10258,4,10262,4,2125,10,1,0,0,0,0,-1},
  {10266,4,10270,4,10274,4,10278,4,2135,6,1,0,0,0,0,-1},
  {10282,4,10286,4,10290,4,10294,4,2141,4,1,0,0,0,0,-1},
  {10298,4,10302,4,10306,4,10310,4,2145,6,1,0,0,0,0,-1},
  {10314,4,10318,4,10322,4,10326,4,2151,4,1,0,0,0,0,-1},
  {10330,4,10334,4,10338,4,10342,4,2155,10,1,0,0,0,0,-1},
  {10346,4,10350,4,10354,4,10358,4,2165,11,1,1,0,0,0,-1},
  {10362,4,10366,4,10370,4,10374,4,2176,8,1,0,0,0,0,-1},
  {10378,4,10382,4,10386,4,10390,4,2184,14,1,0,0,0,0,-1},
  {10394,4,10398,4,10402,4,10406,4,2198,6,1,0,0,0,0,-1},
  {10410,4,10414,4,10418,4,10422,4,2204,9,1,0,0,0,0,-1},
  {10426,4,10430,4,10434,4,10438,4,2213,6,1,0,0,0,0,-1},
  {10442,4,10446,4,10450,4,10454,4,2219,9,1,0,0,0,0,-1},
  {10458,4,10462,4,10466,4,10470,4,2228,5,1,0,0,0,0,-1},
  {10474,4,10478,4,10482,4,10486,4,2233,9,1,0,0,0,0,-1},
  {10490,4,10494,4,10498,4,10502,4,2242,11,1,0,0,0,0,-1},
  {10506,4,10510,4,10514,4,10518,4,2253,6,1,0,0,0,0,-1},
  {10522,4,10526,4,10530,4,10534,4,2259,16,1,0,0,0,0,-1},
  {10538,4,10542,3,10545,4,10549,3,2275,3,1,0,1,0,0,-1},
  {10552,4,10556,4,10560,4,10564,4,2278,6,1,0,0,0,0,-1},
  {10568,4,10572,4,10576,4,10580,4,2284,6,1,0,0,0,0,-1},
  {10584,4,10588,4,10592,4,10596,4,2290,4,1,0,0,0,0,-1},
  {10600,4,10604,4,10608,4,10612,4,2294,3,1,0,0,0,0,-1},
  {10616,4,10620,4,10624,4,10628,4,2297,6,1,0,0,0,0,-1},
  {10632,4,10636,4,10640,4,10644,4,2303,0,3,0,0,0,0,-1},
  {10648,4,10652,2,10654,4,10658,2,2303,0,3,0,0,0,0,-1},
  {10660,4,10664,2,10666,4,10670,2,2303,0,3,0,0,0,0,-1},
  {10672,4,10676,2,10678,4,10682,2,2303,0,3,0,0,0,0,-1},
  {10684,4,10688,2,10690,4,10694,2,2303,0,3,0,0,0,0,-1},
  {10696,4,10700,4,10704,4,10708,4,2303,0,3,0,0,0,0,-1},
  {10712,4,10716,4,10720,4,10724,4,2303,0,3,0,0,0,0,-1},
  {10728,4,10732,4,10736,4,10740,4,2303,9,2,0,0,0,0,-1},
  {10744,4,10748,4,10752,4,10756,4,2312,9,2,0,0,0,0,-1},
  {10760,4,10764,4,10768,4,10772,4,2321,9,2,0,0,0,0,-1},
  {10776,4,10780,4,10784,4,10788,4,2330,9,2,0,0,0,0,-1},
  {10792,4,10796,4,10800,4,10804,4,2339,4,2,0,0,0,0,-1},
  {10808,4,10812,4,10816,4,10820,4,2343,4,2,0,0,0,0,-1},
  {10824,4,10828,4,10832,4,10836,4,2347,4,2,0,0,0,0,-1},
  {10840,4,10844,4,10848,4,10852,4,2351,4,2,0,0,0,0,-1},
  {10856,4,10860,4,10864,4,10868,4,2355,4,2,0,0,0,0,-1},
  {10872,4,10876,2,10878,4,10882,2,2359,5,1,0,0,0,0,-1},
  {10884,4,10888,2,10890,4,10894,2,2364,6,1,0,0,0,0,-1},
  {10896,4,10900,2,10902,4,10906,2,2370,3,1,0,0,0,0,-1},
  {10908,4,10912,1,10913,4,10917,1,2373,4,1,0,0,0,0,-1},
  {10918,4,10922,2,10924,4,10928,2,2377,5,1,0,0,0,0,-1},
  {10930,4,10934,2,10936,4,10940,2,2382,7,1,0,0,0,0,-1},
  {10942,4,10946,2,10948,4,10952,2,2389,7,1,0,0,0,0,-1},
  {10954,4,10958,2,10960,4,10964,2,2396,10,1,0,0,0,0,-1},
  {10966,4,10970,2,10972,4,10976,2,2406,4,1,0,0,0,0,-1},
  {10978,4,10982,2,10984,4,10988,2,2410,3,1,0,0,0,0,-1},
  {10990,4,10994,3,10997,4,11001,3,2413,8,1,0,0,0,0,-1},
  {11004,4,11008,3,11011,4,11015,3,2421,4,1,0,0,0,0,-1},
  {11018,4,11022,3,11025,4,11029,3,2425,6,1,0,0,0,0,-1},
  {11032,4,11036,4,11040,4,11044,4,2431,6,1,0,0,0,0,-1},
  {11048,4,11052,2,11054,4,11058,2,2437,6,1,0,0,0,0,-1},
  {11060,4,11064,2,11066,4,11070,2,2443,8,1,0,0,0,0,-1},
  {11072,4,11076,2,11078,4,11082,2,2451,5,1,0,0,0,0,-1},
  {11084,4,11088,2,11090,4,11094,2,2456,5,1,0,0,0,0,-1},
  {11096,4,11100,3,11103,4,11107,4,2461,9,1,0,0,0,0,-1},
  {11111,4,11115,2,11117,4,11121,4,2470,3,1,0,0,0,0,-1},
  {11125,4,11129,4,11133,4,11137,4,2473,4,1,0,0,0,0,-1},
  {11141,4,11145,7,11152,4,11156,4,2477,4,1,0,0,0,0,-1},
  {11160,4,11164,2,11166,4,11170,2,2481,3,1,0,0,0,0,-1},
  {11172,4,11176,8,11184,4,11188,4,2484,4,1,0,0,0,0,-1},
  {11192,4,11196,6,11202,4,11206,4,2488,12,1,0,0,0,0,-1},
  {11210,4,11214,7,11221,4,11225,4,2500,8,1,0,0,0,0,-1},
  {11229,4,11233,6,11239,4,11243,3,2508,3,1,0,0,0,0,-1},
  {11246,4,11250,4,11254,4,11258,2,2511,4,1,0,0,0,0,-1},
  {11260,4,11264,5,11269,4,11273,2,2515,7,1,0,0,0,0,-1},
  {11275,4,11279,7,11286,4,11290,2,2522,6,1,0,0,0,0,-1},
  {11292,4,11296,5,11301,4,11305,2,2528,6,1,0,0,0,0,-1},
  {11307,4,11311,3,11314,4,11318,2,2534,5,1,0,0,0,0,-1},
  {11320,4,11324,11,11335,4,11339,2,2539,4,1,0,0,0,0,-1},
  {11341,4,11345,6,11351,4,11355,1,2543,12,1,0,0,0,0,-1},
  {11356,4,11360,2,11362,4,11366,2,2555,4,1,0,0,0,0,-1},
  {11368,4,11372,3,11375,4,11379,2,2559,5,1,0,0,0,0,-1},
  {11381,4,11385,2,11387,4,11391,2,2564,6,1,0,0,0,0,-1},
  {11393,4,11397,2,11399,4,11403,2,2570,5,1,0,0,0,0,-1},
  {11405,4,11409,5,11414,4,11418,2,2575,7,1,0,0,0,0,-1},
  {11420,4,11424,1,11425,4,11429,3,2582,4,1,0,0,0,0,-1},
  {11432,4,11436,5,11441,4,11445,4,2586,5,1,0,0,0,0,-1},
  {11449,4,11453,6,11459,4,11463,2,2591,7,1,0,0,0,0,-1},
  {11465,4,11469,2,11471,4,11475,4,2598,2,1,0,0,0,0,-1},
  {11479,4,11483,1,11484,4,11488,2,2600,4,1,0,0,0,0,-1},
  {11490,4,11494,3,11497,4,11501,4,2604,5,1,0,0,0,0,-1},
  {11505,4,11509,3,11512,4,11516,4,2609,9,1,0,0,0,0,-1},
  {11520,4,11524,1,11525,4,11529,4,2618,4,1,0,0,0,0,-1},
  {11533,4,11537,11,11548,4,11552,4,2622,5,1,0,0,0,0,-1},
  {11556,4,11560,1,11561,4,11565,4,2627,4,1,0,0,0,0,-1},
  {11569,4,11573,3,11576,4,11580,4,2631,11,1,0,0,0,0,-1},
  {11584,4,11588,4,11592,4,11596,2,2642,6,1,0,0,0,0,-1},
  {11598,4,11602,2,11604,4,11608,2,2648,5,1,0,0,0,0,-1},
  {11610,4,11614,2,11616,4,11620,1,2653,7,1,0,0,0,0,-1},
  {11621,4,11625,7,11632,4,11636,2,2660,4,1,0,0,0,0,-1},
  {11638,4,11642,2,11644,4,11648,3,2664,4,1,0,0,0,0,-1},
  {11651,4,11655,2,11657,4,11661,2,2668,4,1,0,0,0,0,-1},
  {11663,4,11667,4,11671,4,11675,3,2672,9,1,0,0,0,0,-1},
  {11678,4,11682,10,11692,4,11696,4,2681,6,1,0,0,0,0,-1},
  {11700,4,11704,3,11707,4,11711,2,2687,3,1,0,0,0,0,-1},
  {11713,4,11717,2,11719,4,11723,2,2690,6,1,0,0,0,0,-1},
  {11725,4,11729,2,11731,4,11735,2,2696,5,1,0,0,0,0,-1},
  {11737,4,11741,3,11744,4,11748,4,2701,9,1,0,0,0,0,-1},
  {11752,4,11756,3,11759,4,11763,4,2710,11,1,0,0,0,0,-1},
  {11767,4,11771,6,11777,4,11781,3,2721,7,1,0,0,0,0,-1},
  {11784,4,11788,2,11790,4,11794,4,2728,8,1,0,0,0,0,-1},
  {11798,4,11802,11,11813,4,11817,4,2736,5,1,0,0,0,0,-1},
  {11821,4,11825,1,11826,4,11830,4,2741,4,1,0,0,0,0,-1},
  {11834,4,11838,2,11840,4,11844,3,2745,4,1,0,0,0,0,-1},
  {11847,4,11851,1,11852,4,11856,2,2749,5,1,0,0,0,0,-1},
  {11858,3,11861,3,11864,3,11867,3,0,0,0,0,0,0,0,1},
  {11870,3,11873,3,11876,3,11879,3,0,0,0,0,0,0,0,2},
  {11882,3,11885,3,11888,3,11891,3,0,0,0,0,0,0,0,2},
  {11894,3,11897,4,11901,3,11904,3,0,0,0,0,0,0,0,3},
  {11907,3,11910,2,11912,3,11915,3,0,0,0,0,0,0,0,4},
  {11918,3,11921,3,11924,3,11927,3,0,0,0,0,0,0,0,8},
  {11930,3,11933,2,11935,3,11938,3,0,0,0,0,0,0,0,9},
  {11941,3,11944,3,11947,3,11950,3,0,0,0,0,0,0,0,10},
  {11953,3,11956,3,11959,3,11962,3,0,0,0,0,0,0,0,10},
  {11965,3,11968,3,11971,3,11974,3,0,0,0,0,0,0,0,11},
  {11977,3,11980,2,11982,3,11985,3,0,0,0,0,0,0,0,12},
  {11988,3,11991,3,11994,3,11997,3,0,0,0,0,0,0,0,13},
  {12000,3,12003,3,12006,3,12009,3,0,0,0,0,0,0,0,13},
  {12012,3,12015,3,12018,3,12021,3,0,0,0,0,0,0,0,13},
  {12024,3,12027,3,12030,3,12033,3,0,0,0,0,0,0,0,13},
  {12036,3,12039,3,12042,3,12045,3,0,0,0,0,0,0,0,13},
  {12048,3,12051,3,12054,3,12057,3,0,0,0,0,0,0,0,14},
  {12060,3,12063,3,12066,3,12069,3,0,0,0,0,0,0,0,15},
  {12072,3,12075,2,12077,3,12080,3,0,0,0,0,0,0,0,16},
  {12083,3,12086,2,12088,3,12091,3,0,0,0,0,0,0,0,16},
  {12094,3,12097,2,12099,3,12102,3,0,0,0,0,0,0,0,20},
  {12105,3,12108,2,12110,3,12113,3,0,0,0,0,0,0,0,21},
  {12116,3,12119,3,12122,3,12125,3,0,0,0,0,0,0,0,23},
  {12128,3,12131,3,12134,3,12137,3,0,0,0,0,0,0,0,23},
  {12140,3,12143,2,12145,3,12148,3,0,0,0,0,0,0,0,26},
  {12151,3,12154,2,12156,3,12159,3,0,0,0,0,0,0,0,26},
  {12162,3,12165,2,12167,3,12170,3,0,0,0,0,0,0,0,26},
  {12173,3,12176,2,12178,3,12181,3,0,0,0,0,0,0,0,26},
  {12184,3,12187,2,12189,3,12192,3,0,0,0,0,0,0,0,26},
  {12195,3,12198,3,12201,3,12204,3,0,0,0,0,0,0,0,27},
  {12207,3,12210,3,12213,3,12216,3,0,0,0,0,0,0,0,27},
  {12219,3,12222,3,12225,3,12228,3,0,0,0,0,0,0,0,28},
  {12231,3,12234,3,12237,3,12240,3,0,0,0,0,0,0,0,28},
  {12243,3,12246,2,12248,3,12251,3,0,0,0,0,0,0,0,30},
  {12254,3,12257,2,12259,3,12262,3,0,0,0,0,0,0,0,30},
  {12265,3,12268,3,12271,3,12274,3,0,0,0,0,0,0,0,31},
  {12277,3,12280,2,12282,3,12285,3,0,0,0,0,0,0,0,32},
  {12288,3,12291,2,12293,3,12296,3,0,0,0,0,0,0,0,32},
  {12299,3,12302,2,12304,3,12307,3,0,0,0,0,0,0,0,33},
  {12310,3,12313,3,12316,3,12319,3,0,0,0,0,0,0,0,35},
  {12322,3,12325,3,12328,3,12331,3,0,0,0,0,0,0,0,35},
  {12334,3,12337,2,12339,3,12342,3,0,0,0,0,0,0,0,39},
  {12345,3,12348,2,12350,3,12353,3,0,0,0,0,0,0,0,39},
  {12356,3,12359,2,12361,3,12364,3,0,0,0,0,0,0,0,40},
  {12367,3,12370,3,12373,3,12376,3,0,0,0,0,0,0,0,44},
  {12379,3,12382,3,12385,3,12388,3,0,0,0,0,0,0,0,44},
  {12391,3,12394,3,12397,3,12400,3,0,0,0,0,0,0,0,44},
  {12403,3,12406,2,12408,3,12411,3,0,0,0,0,0,0,0,47},
  {12414,3,12417,2,12419,3,12422,3,0,0,0,0,0,0,0,47},
  {12425,3,12428,2,12430,3,12433,3,0,0,0,0,0,0,0,49},
  {12436,3,12439,3,12442,3,12445,3,0,0,0,0,0,0,0,53},
  {12448,3,12451,3,12454,3,12457,3,0,0,0,0,0,0,0,53},
  {12460,3,12463,3,12466,3,12469,3,0,0,0,0,0,0,0,53},
  {12472,3,12475,2,12477,3,12480,3,0,0,0,0,0,0,0,56},
  {12483,3,12486,2,12488,3,12491,3,0,0,0,0,0,0,0,56},
  {12494,3,12497,2,12499,3,12502,3,0,0,0,0,0,0,0,56},
  {12505,3,12508,3,12511,3,12514,3,0,0,0,0,0,0,0,57},
  {12517,3,12520,3,12523,3,12526,3,0,0,0,0,0,0,0,57},
  {12529,3,12532,2,12534,3,12537,3,0,0,0,0,0,0,0,59},
  {12540,3,12543,3,12546,3,12549,3,0,0,0,0,0,0,0,60},
  {12552,3,12555,3,12558,3,12561,3,0,0,0,0,0,0,0,60},
  {12564,3,12567,3,12570,3,12573,3,0,0,0,0,0,0,0,61},
  {12576,3,12579,3,12582,3,12585,3,0,0,0,0,0,0,0,61},
  {12588,3,12591,3,12594,3,12597,3,0,0,0,0,0,0,0,61},
  {12600,3,12603,3,12606,3,12609,3,0,0,0,0,0,0,0,61},
  {12612,3,12615,3,12618,3,12621,3,0,0,0,0,0,0,0,61},
  {12624,3,12627,3,12630,3,12633,3,0,0,0,0,0,0,0,61},
  {12636,3,12639,3,12642,3,12645,3,0,0,0,0,0,0,0,61},
  {12648,3,12651,3,12654,3,12657,3,0,0,0,0,0,0,0,64},
  {12660,3,12663,3,12666,3,12669,3,0,0,0,0,0,0,0,64},
  {12672,3,12675,3,12678,3,12681,3,0,0,0,0,0,0,0,64},
  {12684,3,12687,4,12691,3,12694,3,0,0,0,0,0,0,0,66},
  {12697,3,12700,2,12702,3,12705,3,0,0,0,0,0,0,0,67},
  {12708,3,12711,2,12713,3,12716,3,0,0,0,0,0,0,0,67},
  {12719,3,12722,2,12724,3,12727,3,0,0,0,0,0,0,0,67},
  {12730,3,12733,3,12736,3,12739,3,0,0,0,0,0,0,0,68},
  {12742,3,12745,2,12747,3,12750,3,0,0,0,0,0,0,0,70},
  {12753,3,12756,2,12758,3,12761,3,0,0,0,0,0,0,0,71},
  {12764,3,12767,2,12769,3,12772,3,0,0,0,0,0,0,0,72},
  {12775,3,12778,3,12781,3,12784,3,0,0,0,0,0,0,0,76},
  {12787,3,12790,3,12793,3,12796,3,0,0,0,0,0,0,0,76},
  {12799,3,12802,3,12805,3,12808,3,0,0,0,0,0,0,0,76},
  {12811,3,12814,3,12817,3,12820,3,0,0,0,0,0,0,0,76},
  {12823,3,12826,3,12829,3,12832,3,0,0,0,0,0,0,0,77},
  {12835,3,12838,3,12841,3,12844,3,0,0,0,0,0,0,0,77},
  {12847,3,12850,3,12853,3,12856,3,0,0,0,0,0,0,0,77},
  {12859,3,12862,5,12867,3,12870,3,0,0,0,0,0,0,0,80},
  {12873,3,12876,5,12881,3,12884,3,0,0,0,0,0,0,0,80},
  {12887,3,12890,4,12894,3,12897,3,0,0,0,0,0,0,0,82},
  {12900,3,12903,3,12906,3,12909,3,0,0,0,0,0,0,0,83},
  {12912,3,12915,3,12918,3,12921,3,0,0,0,0,0,0,0,83},
  {12924,3,12927,3,12930,3,12933,3,0,0,0,0,0,0,0,84},
  {12936,3,12939,2,12941,3,12944,3,0,0,0,0,0,0,0,85},
  {12947,3,12950,2,12952,3,12955,3,0,0,0,0,0,0,0,85},
  {12958,3,12961,2,12963,3,12966,3,0,0,0,0,0,0,0,85},
  {12969,3,12972,2,12974,3,12977,3,0,0,0,0,0,0,0,85},
  {12980,3,12983,2,12985,3,12988,3,0,0,0,0,0,0,0,85},
  {12991,3,12994,2,12996,3,12999,3,0,0,0,0,0,0,0,85},
  {13002,3,13005,4,13009,3,13012,3,0,0,0,0,0,0,0,86},
  {13015,3,13018,2,13020,3,13023,3,0,0,0,0,0,0,0,88},
  {13026,3,13029,2,13031,3,13034,3,0,0,0,0,0,0,0,89},
  {13037,3,13040,2,13042,3,13045,3,0,0,0,0,0,0,0,89},
  {13048,3,13051,3,13054,3,13057,3,0,0,0,0,0,0,0,91},
  {13060,3,13063,3,13066,3,13069,3,0,0,0,0,0,0,0,91},
  {13072,3,13075,5,13080,3,13083,3,0,0,0,0,0,0,0,93},
  {13086,3,13089,5,13094,3,13097,3,0,0,0,0,0,0,0,96},
  {13100,3,13103,2,13105,3,13108,3,0,0,0,0,0,0,0,97},
  {13111,3,13114,5,13119,3,13122,3,0,0,0,0,0,0,0,102},
  {13125,3,13128,2,13130,3,13133,3,0,0,0,0,0,0,0,103},
  {13136,3,13139,2,13141,3,13144,3,0,0,0,0,0,0,0,105},
  {13147,3,13150,2,13152,3,13155,3,0,0,0,0,0,0,0,105},
  {13158,3,13161,2,13163,3,13166,3,0,0,0,0,0,0,0,105},
  {13169,3,13172,5,13177,3,13180,3,0,0,0,0,0,0,0,106},
  {13183,3,13186,3,13189,3,13192,3,0,0,0,0,0,0,0,107},
  {13195,3,13198,3,13201,3,13204,3,0,0,0,0,0,0,0,108},
  {13207,3,13210,3,13213,3,13216,3,0,0,0,0,0,0,0,108},
  {13219,3,13222,3,13225,3,13228,3,0,0,0,0,0,0,0,108},
  {13231,3,13234,2,13236,3,13239,3,0,0,0,0,0,0,0,109},
  {13242,3,13245,2,13247,3,13250,3,0,0,0,0,0,0,0,109},
  {13253,3,13256,2,13258,3,13261,3,0,0,0,0,0,0,0,109},
  {13264,3,13267,1,13268,3,13271,3,0,0,0,0,0,0,0,110},
  {13274,3,13277,2,13279,3,13282,3,0,0,0,0,0,0,0,111},
  {13285,3,13288,2,13290,3,13293,3,0,0,0,0,0,0,0,111},
  {13296,3,13299,2,13301,3,13304,3,0,0,0,0,0,0,0,113},
  {13307,3,13310,3,13313,3,13316,3,0,0,0,0,0,0,0,114},
  {13319,3,13322,2,13324,3,13327,3,0,0,0,0,0,0,0,116},
  {13330,3,13333,2,13335,3,13338,3,0,0,0,0,0,0,0,116},
  {13341,3,13344,3,13347,3,13350,3,0,0,0,0,0,0,0,117},
  {13353,3,13356,3,13359,3,13362,3,0,0,0,0,0,0,0,117},
  {13365,3,13368,2,13370,3,13373,3,0,0,0,0,0,0,0,118},
  {13376,3,13379,2,13381,3,13384,3,0,0,0,0,0,0,0,118},
  {13387,3,13390,2,13392,3,13395,3,0,0,0,0,0,0,0,123},
  {13398,3,13401,2,13403,3,13406,3,0,0,0,0,0,0,0,124},
  {13409,3,13412,2,13414,3,13417,3,0,0,0,0,0,0,0,124},
  {13420,3,13423,3,13426,3,13429,3,0,0,0,0,0,0,0,125},
  {13432,3,13435,3,13438,3,13441,3,2754,10,1,0,0,0,0,-1},
  {13444,3,13447,3,13450,3,13453,3,2764,13,1,0,0,0,0,-1},
  {13456,3,13459,3,13462,3,13465,3,2777,9,1,0,0,0,0,-1},
  {13468,3,13471,3,13474,3,13477,3,2786,6,1,0,0,0,0,-1},
  {13480,3,13483,3,13486,3,13489,3,2792,6,1,0,0,0,0,-1},
  {13492,3,13495,3,13498,3,13501,3,2798,5,1,0,0,0,0,-1},
  {13504,3,13507,3,13510,3,13513,3,2803,5,1,0,0,0,0,-1},
  {13516,3,13519,3,13522,3,13525,3,2808,4,1,0,0,0,0,-1},
  {13528,3,13531,3,13534,3,13537,3,2812,5,1,0,0,0,0,-1},
  {13540,3,13543,3,13546,3,13549,3,2817,8,1,0,0,0,0,-1},
  {13552,3,13555,3,13558,3,13561,3,2825,4,1,0,0,0,0,-1},
  {13564,3,13567,3,13570,3,13573,3,2829,3,1,0,0,0,0,-1},
  {13576,3,13579,3,13582,3,13585,3,2832,6,1,0,0,0,0,-1},
  {13588,3,13591,3,13594,3,13597,3,2838,5,1,0,0,0,0,-1},
  {13600,3,13603,3,13606,3,13609,3,2843,9,1,0,0,0,0,-1},
  {13612,3,13615,3,13618,3,13621,3,2852,9,1,0,0,0,0,-1},
  {13624,3,13627,3,13630,3,13633,3,2861,5,1,0,0,0,0,-1},
  {13636,3,13639,3,13642,3,13645,3,2866,5,1,0,0,0,0,-1},
  {13648,3,13651,3,13654,3,13657,3,2871,5,1,0,0,0,0,-1},
  {13660,3,13663,3,13666,3,13669,3,2876,11,1,0,0,0,0,-1},
  {13672,3,13675,3,13678,3,13681,3,2887,6,1,0,0,0,0,-1},
  {13684,3,13687,3,13690,3,13693,3,2893,3,1,0,1,0,0,-1},
  {13696,3,13699,3,13702,3,13705,3,2896,3,1,0,1,0,0,-1},
  {13708,3,13711,3,13714,3,13717,3,2899,3,1,0,1,0,0,-1},
  {13720,3,13723,1,13724,3,13727,1,2902,4,1,0,0,0,0,-1},
  {13728,3,13731,3,13734,3,13737,3,2906,6,1,0,0,0,0,-1},
  {13740,3,13743,1,13744,3,13747,1,2912,3,1,0,0,0,0,-1},
  {13748,3,13751,3,13754,3,13757,3,2915,4,1,0,0,0,0,-1},
  {13760,3,13763,3,13766,3,13769,3,2919,4,1,1,0,0,0,-1},
  {13772,3,13775,1,13776,3,13779,1,2923,3,1,0,0,0,0,-1},
  {13780,3,13783,1,13784,3,13787,1,2926,6,1,0,0,0,0,-1},
  {13788,3,13791,1,13792,3,13795,1,2932,6,1,0,0,0,0,-1},
  {13796,3,13799,1,13800,3,13803,1,2938,5,1,0,0,0,1,-1},
  {13804,3,13807,3,13810,3,13813,3,2952,10,1,0,0,1,1,-1},
  {13816,3,13819,3,13822,3,13825,3,2964,0,3,0,0,2,0,-1},
  {13828,3,13831,2,13833,3,13836,2,2964,0,3,0,0,2,0,-1},
  {13838,3,13841,2,13843,3,13846,2,2964,0,3,0,0,2,0,-1},
  {13848,3,13851,3,13854,3,13857,3,2964,0,3,0,0,2,0,-1},
  {13860,3,13863,3,13866,3,13869,3,2964,0,3,0,0,2,0,-1},
  {13872,3,13875,3,13878,3,13881,3,2964,5,2,0,0,2,0,-1},
  {13884,3,13887,3,13890,3,13893,3,2969,4,2,0,0,2,0,-1},
  {13896,3,13899,3,13902,3,13905,3,2973,5,1,0,0,2,0,-1},
  {13908,3,13911,2,13913,3,13916,2,2978,5,1,0,0,2,0,-1},
  {13918,3,13921,2,13923,3,13926,2,2983,6,1,0,0,2,0,-1},
  {13928,3,13931,2,13933,3,13936,3,2989,2,1,0,0,2,0,-1},
  {13939,3,13942,2,13944,3,13947,2,2991,5,1,0,0,2,0,-1},
  {13949,3,13952,2,13954,3,13957,2,2996,7,1,0,0,2,0,-1},
  {13959,3,13962,2,13964,3,13967,2,3003,2,1,0,0,2,0,-1},
  {13969,3,13972,2,13974,3,13977,2,3005,8,1,0,0,2,0,-1},
  {13979,3,13982,2,13984,3,13987,2,3013,5,1,0,0,2,0,-1},
  {13989,3,13992,2,13994,3,13997,2,3018,8,1,0,0,2,0,-1},
  {13999,3,14002,2,14004,3,14007,2,3026,4,1,0,0,2,0,-1},
  {14009,3,14012,3,14015,3,14018,3,3030,9,1,0,0,2,0,-1},
  {14021,3,14024,3,14027,3,14030,3,3039,9,1,0,0,2,0,-1},
  {14033,3,14036,3,14039,3,14042,3,3048,6,1,0,0,2,0,-1},
  {14045,3,14048,3,14051,3,14054,2,3054,13,1,0,0,2,0,-1},
  {14056,3,14059,5,14064,3,14067,3,3067,7,1,0,0,2,0,-1},
  {14070,3,14073,6,14079,3,14082,3,3074,3,1,0,0,2,0,-1},
  {14085,3,14088,9,14097,3,14100,3,3077,6,1,0,0,2,0,-1},
  {14103,3,14106,1,14107,3,14110,3,3083,4,1,0,0,2,0,-1},
  {14113,3,14116,2,14118,3,14121,3,3087,7,1,0,0,2,0,-1},
  {14124,3,14127,7,14134,3,14137,3,3094,10,1,0,0,2,0,-1},
  {14140,3,14143,5,14148,3,14151,3,3104,6,1,0,0,2,0,-1},
  {14154,3,14157,6,14163,3,14166,3,3110,7,1,0,0,2,0,-1},
  {14169,3,14172,3,14175,3,14178,3,3117,5,1,0,0,2,0,-1},
  {14181,3,14184,2,14186,3,14189,3,3122,8,1,0,0,2,0,-1},
  {14192,3,14195,5,14200,3,14203,3,3130,7,1,0,0,2,0,-1},
  {14206,3,14209,1,14210,3,14213,3,3137,4,1,0,0,2,0,-1},
  {14216,3,14219,5,14224,3,14227,3,3141,5,1,0,0,2,0,-1},
  {14230,3,14233,2,14235,3,14238,3,3146,5,1,0,0,2,0,-1},
  {14241,3,14244,3,14247,3,14250,3,3151,9,1,0,0,2,0,-1},
  {14253,3,14256,6,14262,3,14265,3,3160,7,1,0,0,2,0,-1},
  {14268,3,14271,1,14272,3,14275,3,3167,4,1,0,0,2,0,-1},
  {14278,3,14281,4,14285,3,14288,2,3171,6,1,0,0,2,0,-1},
  {14290,3,14293,1,14294,3,14297,3,3177,4,1,0,0,2,0,-1},
  {14300,3,14303,13,14316,3,14319,2,3181,8,1,0,0,2,0,-1},
  {14321,3,14324,3,14327,3,14330,1,3189,6,1,0,0,2,0,-1},
  {14331,3,14334,2,14336,3,14339,3,3195,3,1,0,0,2,0,-1},
  {14342,3,14345,1,14346,3,14349,1,3198,6,1,0,0,2,0,-1},
  {14350,3,14353,4,14357,3,14360,2,3204,6,1,0,0,2,0,-1},
  {14362,3,14365,7,14372,3,14375,3,3210,10,1,0,0,2,0,-1},
  {14378,3,14381,5,14386,3,14389,3,3220,6,1,0,0,2,0,-1},
  {14392,3,14395,2,14397,3,14400,1,3226,2,1,0,0,2,0,-1},
  {14401,3,14404,10,14414,3,14417,3,3228,6,1,0,0,2,0,-1},
  {14420,3,14423,5,14428,3,14431,2,3234,6,1,0,0,2,0,-1},
  {14433,3,14436,5,14441,3,14444,3,3240,7,1,0,0,2,0,-1},
  {14447,3,14450,3,14453,3,14456,2,3247,6,1,0,0,2,0,-1},
  {14458,3,14461,4,14465,3,14468,2,3253,6,1,0,0,2,0,-1},
  {14470,3,14473,5,14478,3,14481,2,3259,5,1,0,0,2,0,-1},
  {14483,3,14486,8,14494,3,14497,3,3264,4,1,0,0,2,0,-1},
  {14500,3,14503,4,14507,3,14510,3,3268,4,1,0,0,2,0,-1},
  {14513,3,14516,3,14519,3,14522,3,3272,6,1,0,0,2,0,-1},
  {14525,3,14528,3,14531,3,14534,1,3278,6,1,0,0,2,0,-1},
  {14535,3,14538,11,14549,3,14552,2,3284,4,1,0,0,2,0,-1},
  {14554,3,14557,2,14559,3,14562,3,3288,3,1,0,0,2,0,-1},
  {14565,3,14568,8,14576,3,14579,3,3291,11,1,0,0,2,0,-1},
  {14582,3,14585,7,14592,3,14595,3,3302,10,1,0,0,2,0,-1},
  {14598,3,14601,2,14603,3,14606,3,3312,4,1,0,0,2,0,-1},
  {14609,3,14612,5,14617,3,14620,3,3316,6,1,0,0,2,0,-1},
  {14623,3,14626,4,14630,3,14633,3,3322,9,1,0,0,2,0,-1},
  {14636,3,14639,2,14641,3,14644,3,3331,8,1,0,0,2,0,-1},
  {14647,3,14650,5,14655,3,14658,3,3339,5,1,0,0,2,0,-1},
  {14661,3,14664,6,14670,3,14673,3,3344,7,1,0,0,2,0,-1},
  {14676,3,14679,5,14684,3,14687,3,3351,6,1,0,0,2,0,-1},
  {14690,3,14693,2,14695,3,14698,2,3357,5,1,0,0,2,0,-1},
  {14700,3,14703,1,14704,3,14707,1,3362,5,1,0,0,2,0,-1},
  {14708,3,14711,5,14716,3,14719,3,3367,5,1,0,0,2,0,-1},
  {14722,3,14725,4,14729,3,14732,3,3372,4,1,0,0,2,0,-1},
  {14735,3,14738,2,14740,3,14743,3,3376,7,1,0,0,2,0,-1},
  {14746,3,14749,5,14754,3,14757,3,3383,6,1,0,0,2,0,-1},
  {14760,3,14763,2,14765,3,14768,3,3389,4,1,0,0,2,0,-1},
  {14771,3,14774,8,14782,3,14785,3,3393,4,1,0,0,2,0,-1},
  {14788,3,14791,5,14796,3,14799,3,3397,6,1,0,0,2,0,-1},
  {14802,3,14805,2,14807,3,14810,1,3403,5,1,0,0,2,0,-1},
  {14811,2,14813,3,14816,2,14818,2,0,0,0,0,0,2,0,2},
  {14820,2,14822,3,14825,2,14827,2,0,0,0,0,0,2,0,2},
  {14829,2,14831,4,14835,2,14837,2,0,0,0,0,0,2,0,3},
  {14839,2,14841,4,14845,2,14847,2,0,0,0,0,0,2,0,3},
  {14849,2,14851,4,14855,2,14857,2,0,0,0,0,0,2,0,3},
  {14859,2,14861,4,14865,2,14867,2,0,0,0,0,0,2,0,3},
  {14869,2,14871,2,14873,2,14875,2,0,0,0,0,0,2,0,4},
  {14877,2,14879,2,14881,2,14883,2,0,0,0,0,0,2,0,6},
  {14885,2,14887,2,14889,2,14891,2,0,0,0,0,0,2,0,6},
  {14893,2,14895,2,14897,2,14899,2,0,0,0,0,0,2,0,7},
  {14901,2,14903,2,14905,2,14907,2,0,0,0,0,0,2,0,7},
  {14909,2,14911,2,14913,2,14915,2,0,0,0,0,0,2,0,9},
  {14917,2,14919,2,14921,2,14923,2,0,0,0,0,0,2,0,12},
  {14925,2,14927,2,14929,2,14931,2,0,0,0,0,0,2,0,12},
  {14933,2,14935,3,14938,2,14940,2,0,0,0,0,0,2,0,13},
  {14942,2,14944,2,14946,2,14948,2,0,0,0,0,0,2,0,16},
  {14950,2,14952,2,14954,2,14956,2,0,0,0,0,0,2,0,17},
  {14958,2,14960,2,14962,2,14964,2,0,0,0,0,0,2,0,18},
  {14966,2,14968,2,14970,2,14972,2,0,0,0,0,0,2,0,18},
  {14974,2,14976,2,14978,2,14980,2,0,0,0,0,0,2,0,20},
  {14982,2,14984,2,14986,2,14988,2,0,0,0,0,0,2,0,21},
  {14990,2,14992,2,14994,2,14996,2,0,0,0,0,0,2,0,21},
  {14998,2,15000,2,15002,2,15004,2,0,0,0,0,0,2,0,21},
  {15006,2,15008,2,15010,2,15012,2,0,0,0,0,0,2,0,21},
  {15014,2,15016,2,15018,2,15020,2,0,0,0,0,0,2,0,21},
  {15022,2,15024,2,15026,2,15028,2,0,0,0,0,0,2,0,21},
  {15030,2,15032,2,15034,2,15036,2,0,0,0,0,0,2,0,22},
  {15038,2,15040,2,15042,2,15044,2,0,0,0,0,0,2,0,22},
  {15046,2,15048,2,15050,2,15052,2,0,0,0,0,0,2,0,25},
  {15054,2,15056,2,15058,2,15060,2,0,0,0,0,0,2,0,25},
  {15062,2,15064,2,15066,2,15068,2,0,0,0,0,0,2,0,26},
  {15070,2,15072,2,15074,2,15076,2,0,0,0,0,0,2,0,26},
  {15078,2,15080,3,15083,2,15085,2,0,0,0,0,0,2,0,28},
  {15087,2,15089,3,15092,2,15094,2,0,0,0,0,0,2,0,28},
  {15096,2,15098,2,15100,2,15102,2,0,0,0,0,0,2,0,30},
  {15104,2,15106,2,15108,2,15110,2,0,0,0,0,0,2,0,32},
  {15112,2,15114,2,15116,2,15118,2,0,0,0,0,0,2,0,32},
  {15120,2,15122,2,15124,2,15126,2,0,0,0,0,0,2,0,33},
  {15128,2,15130,2,15132,2,15134,2,0,0,0,0,0,2,0,34},
  {15136,2,15138,2,15140,2,15142,2,0,0,0,0,0,2,0,34},
  {15144,2,15146,3,15149,2,15151,2,0,0,0,0,0,2,0,35},
  {15153,2,15155,3,15158,2,15160,2,0,0,0,0,0,2,0,35},
  {15162,2,15164,4,15168,2,15170,2,0,0,0,0,0,2,0,36},
  {15172,2,15174,2,15176,2,15178,2,0,0,0,0,0,2,0,37},
  {15180,2,15182,2,15184,2,15186,2,0,0,0,0,0,2,0,37},
  {15188,2,15190,2,15192,2,15194,2,0,0,0,0,0,2,0,39},
  {15196,2,15198,2,15200,2,15202,2,0,0,0,0,0,2,0,40},
  {15204,2,15206,5,15211,2,15213,2,0,0,0,0,0,2,0,41},
  {15215,2,15217,3,15220,2,15222,2,0,0,0,0,0,2,0,44},
  {15224,2,15226,2,15228,2,15230,2,0,0,0,0,0,2,0,45},
  {15232,2,15234,2,15236,2,15238,2,0,0,0,0,0,2,0,45},
  {15240,2,15242,2,15244,2,15246,2,0,0,0,0,0,2,0,45},
  {15248,2,15250,2,15252,2,15254,2,0,0,0,0,0,2,0,46},
  {15256,2,15258,2,15260,2,15262,2,0,0,0,0,0,2,0,46},
  {15264,2,15266,2,15268,2,15270,2,0,0,0,0,0,2,0,47},
  {15272,2,15274,2,15276,2,15278,2,0,0,0,0,0,2,0,47},
  {15280,2,15282,2,15284,2,15286,2,0,0,0,0,0,2,0,49},
  {15288,2,15290,4,15294,2,15296,2,0,0,0,0,0,2,0,50},
  {15298,2,15300,4,15304,2,15306,2,0,0,0,0,0,2,0,50},
  {15308,2,15310,2,15312,2,15314,2,0,0,0,0,0,2,0,52},
  {15316,2,15318,2,15320,2,15322,2,0,0,0,0,0,2,0,52},
  {15324,2,15326,3,15329,2,15331,2,0,0,0,0,0,2,0,53},
  {15333,2,15335,2,15337,2,15339,2,0,0,0,0,0,2,0,54},
  {15341,2,15343,2,15345,2,15347,2,0,0,0,0,0,2,0,54},
  {15349,2,15351,2,15353,2,15355,2,0,0,0,0,0,2,0,56},
  {15357,2,15359,2,15361,2,15363,2,0,0,0,0,0,2,0,56},
  {15365,2,15367,2,15369,2,15371,2,0,0,0,0,0,2,0,56},
  {15373,2,15375,4,15379,2,15381,2,0,0,0,0,0,2,0,58},
  {15383,2,15385,4,15389,2,15391,2,0,0,0,0,0,2,0,58},
  {15393,2,15395,2,15397,2,15399,2,0,0,0,0,0,2,0,59},
  {15401,2,15403,3,15406,2,15408,2,0,0,0,0,0,2,0,64},
  {15410,2,15412,5,15417,2,15419,2,0,0,0,0,0,2,0,65},
  {15421,2,15423,5,15428,2,15430,2,0,0,0,0,0,2,0,65},
  {15432,2,15434,4,15438,2,15440,2,0,0,0,0,0,2,0,66},
  {15442,2,15444,2,15446,2,15448,2,0,0,0,0,0,2,0,67},
  {15450,2,15452,2,15454,2,15456,2,0,0,0,0,0,2,0,69},
  {15458,2,15460,2,15462,2,15464,2,0,0,0,0,0,2,0,69},
  {15466,2,15468,2,15470,2,15472,2,0,0,0,0,0,2,0,70},
  {15474,2,15476,2,15478,2,15480,2,0,0,0,0,0,2,0,71},
  {15482,2,15484,2,15486,2,15488,2,0,0,0,0,0,2,0,72},
  {15490,2,15492,2,15494,2,15496,2,0,0,0,0,0,2,0,72},
  {15498,2,15500,2,15502,2,15504,2,0,0,0,0,0,2,0,75},
  {15506,2,15508,2,15510,2,15512,2,0,0,0,0,0,2,0,75},
  {15514,2,15516,3,15519,2,15521,2,0,0,0,0,0,2,0,76},
  {15523,2,15525,3,15528,2,15530,2,0,0,0,0,0,2,0,76},
  {15532,2,15534,3,15537,2,15539,2,0,0,0,0,0,2,0,77},
  {15541,2,15543,2,15545,2,15547,2,0,0,0,0,0,2,0,79},
  {15549,2,15551,2,15553,2,15555,2,0,0,0,0,0,2,0,79},
  {15557,2,15559,3,15562,2,15564,2,0,0,0,0,0,2,0,84},
  {15566,2,15568,3,15571,2,15573,2,0,0,0,0,0,2,0,84},
  {15575,2,15577,2,15579,2,15581,2,0,0,0,0,0,2,0,85},
  {15583,2,15585,2,15587,2,15589,2,0,0,0,0,0,2,0,87},
  {15591,2,15593,2,15595,2,15597,2,0,0,0,0,0,2,0,87},
  {15599,2,15601,2,15603,2,15605,2,0,0,0,0,0,2,0,88},
  {15607,2,15609,2,15611,2,15613,2,0,0,0,0,0,2,0,88},
  {15615,2,15617,2,15619,2,15621,2,0,0,0,0,0,2,0,88},
  {15623,2,15625,2,15627,2,15629,2,0,0,0,0,0,2,0,89},
  {15631,2,15633,2,15635,2,15637,2,0,0,0,0,0,2,0,89},
  {15639,2,15641,2,15643,2,15645,2,0,0,0,0,0,2,0,90},
  {15647,2,15649,2,15651,2,15653,2,0,0,0,0,0,2,0,90},
  {15655,2,15657,5,15662,2,15664,2,0,0,0,0,0,2,0,93},
  {15666,2,15668,2,15670,2,15672,2,0,0,0,0,0,2,0,94},
  {15674,2,15676,2,15678,2,15680,2,0,0,0,0,0,2,0,94},
  {15682,2,15684,2,15686,2,15688,2,0,0,0,0,0,2,0,97},
  {15690,2,15692,2,15694,2,15696,2,0,0,0,0,0,2,0,98},
  {15698,2,15700,2,15702,2,15704,2,0,0,0,0,0,2,0,98},
  {15706,2,15708,2,15710,2,15712,2,0,0,0,0,0,2,0,98},
  {15714,2,15716,2,15718,2,15720,2,0,0,0,0,0,2,0,98},
  {15722,2,15724,2,15726,2,15728,2,0,0,0,0,0,2,0,99},
  {15730,2,15732,2,15734,2,15736,2,0,0,0,0,0,2,0,99},
  {15738,2,15740,4,15744,2,15746,2,0,0,0,0,0,2,0,100},
  {15748,2,15750,4,15754,2,15756,2,0,0,0,0,0,2,0,100},
  {15758,2,15760,2,15762,2,15764,2,0,0,0,0,0,2,0,101},
  {15766,2,15768,2,15770,2,15772,2,0,0,0,0,0,2,0,101},
  {15774,2,15776,2,15778,2,15780,2,0,0,0,0,0,2,0,103},
  {15782,2,15784,2,15786,2,15788,2,0,0,0,0,0,2,0,104},
  {15790,2,15792,2,15794,2,15796,2,0,0,0,0,0,2,0,104},
  {15798,2,15800,2,15802,2,15804,2,0,0,0,0,0,2,0,105},
  {15806,2,15808,2,15810,2,15812,2,0,0,0,0,0,2,0,105},
  {15814,2,15816,2,15818,2,15820,2,0,0,0,0,0,2,0,105},
  {15822,2,15824,2,15826,2,15828,2,0,0,0,0,0,2,0,105},
  {15830,2,15832,2,15834,2,15836,2,0,0,0,0,0,2,0,105},
  {15838,2,15840,2,15842,2,15844,2,0,0,0,0,0,2,0,105},
  {15846,2,15848,2,15850,2,15852,2,0,0,0,0,0,2,0,105},
  {15854,2,15856,5,15861,2,15863,2,0,0,0,0,0,2,0,106},
  {15865,2,15867,3,15870,2,15872,2,0,0,0,0,0,2,0,108},
  {15874,2,15876,2,15878,2,15880,2,0,0,0,0,0,2,0,109},
  {15882,2,15884,2,15886,2,15888,2,0,0,0,0,0,2,0,109},
  {15890,2,15892,2,15894,2,15896,2,0,0,0,0,0,2,0,109},
  {15898,2,15900,2,15902,2,15904,2,0,0,0,0,0,2,0,111},
  {15906,2,15908,2,15910,2,15912,2,0,0,0,0,0,2,0,111},
  {15914,2,15916,2,15918,2,15920,2,0,0,0,0,0,2,0,113},
  {15922,2,15924,2,15926,2,15928,2,0,0,0,0,0,2,0,113},
  {15930,2,15932,2,15934,2,15936,2,0,0,0,0,0,2,0,116},
  {15938,2,15940,2,15942,2,15944,2,0,0,0,0,0,2,0,116},
  {15946,2,15948,2,15950,2,15952,2,0,0,0,0,0,2,0,116},
  {15954,2,15956,2,15958,2,15960,2,0,0,0,0,0,2,0,116},
  {15962,2,15964,2,15966,2,15968,2,0,0,0,0,0,2,0,118},
  {15970,2,15972,2,15974,2,15976,2,0,0,0,0,0,2,0,118},
  {15978,2,15980,2,15982,2,15984,2,0,0,0,0,0,2,0,118},
  {15986,2,15988,2,15990,2,15992,2,0,0,0,0,0,2,0,118},
  {15994,2,15996,2,15998,2,16000,2,0,0,0,0,0,2,0,119},
  {16002,2,16004,2,16006,2,16008,2,0,0,0,0,0,2,0,119},
  {16010,2,16012,5,16017,2,16019,2,0,0,0,0,0,2,0,120},
  {16021,2,16023,5,16028,2,16030,2,0,0,0,0,0,2,0,120},
  {16032,2,16034,2,16036,2,16038,2,0,0,0,0,0,2,0,121},
  {16040,2,16042,2,16044,2,16046,2,0,0,0,0,0,2,0,121},
  {16048,2,16050,2,16052,2,16054,2,0,0,0,0,0,2,0,122},
  {16056,2,16058,2,16060,2,16062,2,0,0,0,0,0,2,0,122},
  {16064,2,16066,2,16068,2,16070,2,0,0,0,0,0,2,0,123},
  {16072,2,16074,2,16076,2,16078,2,0,0,0,0,0,2,0,124},
  {16080,2,16082,2,16084,2,16086,2,3408,5,1,0,0,2,0,-1},
  {16088,2,16090,2,16092,2,16094,2,3413,5,1,0,0,2,0,-1},
  {16096,2,16098,2,16100,2,16102,2,3418,6,1,0,0,2,0,-1},
  {16104,2,16106,2,16108,2,16110,2,3424,3,1,0,0,2,0,-1},
  {16112,2,16114,2,16116,2,16118,2,3427,9,1,0,0,2,0,-1},
  {16120,2,16122,2,16124,2,16126,2,3436,5,1,0,0,2,0,-1},
  {16128,2,16130,2,16132,2,16134,2,3441,7,1,0,0,2,0,-1},
  {16136,2,16138,2,16140,2,16142,2,3448,7,1,0,0,2,0,-1},
  {16144,2,16146,2,16148,2,16150,2,3455,10,1,0,0,2,0,-1},
  {16152,2,16154,2,16156,2,16158,2,3465,3,1,0,0,2,0,-1},
  {16160,2,16162,2,16164,2,16166,2,3468,5,1,0,0,2,0,-1},
  {16168,2,16170,2,16172,2,16174,2,3473,6,1,0,0,2,0,-1},
  {16176,2,16178,2,16180,2,16182,2,3479,4,1,0,0,2,0,-1},
  {16184,2,16186,2,16188,2,16190,2,3483,2,1,0,0,2,0,-1},
  {16192,2,16194,2,16196,2,16198,2,3485,3,1,0,0,2,0,-1},
  {16200,2,16202,2,16204,2,16206,2,3488,4,1,0,0,2,0,-1},
  {16208,2,16210,2,16212,2,16214,2,3492,4,1,0,0,2,0,-1},
  {16216,2,16218,2,16220,2,16222,2,3496,5,1,0,0,2,0,-1},
  {16224,2,16226,2,16228,2,16230,2,3501,7,1,0,0,2,0,-1},
  {16232,2,16234,2,16236,2,16238,2,3508,2,1,0,0,2,0,-1},
  {16240,2,16242,2,16244,2,16246,2,3510,8,1,0,0,2,0,-1},
  {16248,2,16250,2,16252,2,16254,2,3518,5,1,0,0,2,0,-1},
  {16256,2,16258,2,16260,2,16262,2,3523,8,1,0,0,2,0,-1},
  {16264,2,16266,2,16268,2,16270,2,3531,3,1,0,0,2,0,-1},
  {16272,2,16274,2,16276,2,16278,2,3534,7,1,0,0,2,0,-1},
  {16280,2,16282,2,16284,2,16286,2,3541,4,1,0,0,2,0,-1},
  {16288,2,16290,2,16292,2,16294,2,3545,6,1,0,0,2,0,-1},
  {16296,2,16298,2,16300,2,16302,2,3551,8,1,0,0,2,0,-1},
  {16304,2,16306,2,16308,2,16310,2,3559,5,1,0,0,2,0,-1},
  {16312,2,16314,2,16316,2,16318,2,3564,5,1,0,0,2,0,-1},
  {16320,2,16322,3,16325,2,16327,3,3569,3,1,0,1,2,0,-1},
  {16330,2,16332,3,16335,2,16337,3,3572,3,1,0,1,2,0,-1},
  {16340,2,16342,2,16344,2,16346,2,3575,4,1,0,0,2,0,-1},
  {16348,2,16350,1,16351,2,16353,1,3579,4,1,0,0,2,0,-1},
  {16354,2,16356,1,16357,2,16359,1,3583,4,1,1,0,2,0,-1},
  {16360,2,16362,1,16363,2,16365,1,3587,4,1,1,0,2,0,-1},
  {16366,2,16368,1,16369,2,16371,1,3591,4,1,0,0,2,0,-1},
  {16372,2,16374,1,16375,2,16377,1,3595,6,1,0,0,2,0,-1},
  {16378,2,16380,1,16381,2,16383,1,3601,4,1,0,0,2,0,-1},
  {16384,2,16386,1,16387,2,16389,1,3605,5,1,0,0,2,0,-1},
  {16390,2,16392,1,16393,2,16395,1,3610,5,1,0,0,2,0,-1},
  {16396,2,16398,1,16399,2,16401,1,3615,4,1,0,0,2,0,-1},
  {16402,2,16404,1,16405,2,16407,1,3619,6,1,0,0,2,0,-1},
  {16408,2,16410,1,16411,2,16413,1,3625,7,1,0,0,2,3,-1},
  {16414,2,16416,1,16417,2,16419,1,3646,13,1,0,0,5,1,-1},
  {16420,2,16422,1,16423,2,16425,1,3665,7,1,0,0,6,1,-1},
  {16426,2,16428,2,16430,2,16432,2,3681,0,3,0,0,7,0,-1},
  {16434,2,16436,1,16437,2,16439,1,3681,0,3,0,0,7,0,-1},
  {16440,2,16442,2,16444,2,16446,2,3681,0,3,0,0,7,0,-1},
  {16448,2,16450,2,16452,2,16454,2,3681,0,3,0,0,7,0,-1},
  {16456,2,16458,2,16460,2,16462,2,3681,0,3,0,0,7,0,-1},
  {16464,2,16466,2,16468,2,16470,2,3681,0,3,0,0,7,0,-1},
  {16472,2,16474,2,16476,2,16478,2,3681,0,3,0,0,7,0,-1},
  {16480,2,16482,2,16484,2,16486,2,3681,0,3,0,0,7,0,-1},
  {16488,2,16490,2,16492,2,16494,2,3681,0,3,0,0,7,0,-1},
  {16496,2,16498,2,16500,2,16502,2,3681,0,3,0,0,7,0,-1},
  {16504,2,16506,2,16508,2,16510,2,3681,0,3,0,0,7,0,-1},
  {16512,2,16514,2,16516,2,16518,2,3681,0,3,0,0,7,0,-1},
  {16520,2,16522,2,16524,2,16526,2,3681,9,2,0,0,7,0,-1},
  {16528,2,16530,2,16532,2,16534,2,3690,9,2,0,0,7,0,-1},
  {16536,2,16538,2,16540,2,16542,2,3699,9,2,0,0,7,0,-1},
  {16544,2,16546,2,16548,2,16550,2,3708,9,2,0,0,7,0,-1},
  {16552,2,16554,2,16556,2,16558,2,3717,5,2,0,0,7,0,-1},
  {16560,2,16562,2,16564,2,16566,2,3722,4,2,0,0,7,0,-1},
  {16568,2,16570,2,16572,2,16574,2,3726,2,2,0,0,7,0,-1},
  {16576,2,16578,2,16580,2,16582,2,3728,4,2,0,0,7,0,-1},
  {16584,2,16586,2,16588,2,16590,2,3732,2,2,0,0,7,0,-1},
  {16592,2,16594,2,16596,2,16598,2,3734,3,2,0,0,7,0,-1},
  {16600,2,16602,2,16604,2,16606,2,3737,4,2,0,0,7,0,-1},
  {16608,2,16610,2,16612,2,16614,2,3741,4,2,0,0,7,0,-1},
  {16616,2,16618,2,16620,2,16622,2,3745,4,2,0,0,7,0,-1},
  {16624,2,16626,3,16629,2,16631,2,3749,13,1,0,0,7,0,-1},
  {16633,2,16635,1,16636,2,16638,1,3762,6,1,0,0,7,0,-1},
  {16639,2,16641,2,16643,2,16645,2,3768,3,1,0,0,7,0,-1},
  {16647,2,16649,1,16650,2,16652,1,3771,6,1,0,0,7,0,-1},
  {16653,2,16655,2,16657,2,16659,2,3777,4,1,0,0,7,0,-1},
  {16661,2,16663,1,16664,2,16666,1,3781,7,1,0,0,7,0,-1},
  {16667,2,16669,1,16670,2,16672,1,3788,5,1,0,0,7,0,-1},
  {16673,2,16675,1,16676,2,16678,1,3793,4,1,0,0,7,0,-1},
  {16679,2,16681,1,16682,2,16684,1,3797,5,1,0,0,7,0,-1},
  {16685,2,16687,1,16688,2,16690,1,3802,4,1,0,0,7,0,-1},
  {16691,2,16693,4,16697,2,16699,2,3806,6,1,0,0,7,0,-1},
  {16701,2,16703,4,16707,2,16709,2,3812,4,1,0,0,7,0,-1},
  {16711,2,16713,13,16726,2,16728,2,3816,8,1,0,0,7,0,-1},
  {16730,2,16732,5,16737,2,16739,2,3824,7,1,0,0,7,0,-1},
  {16741,2,16743,6,16749,2,16751,2,3831,8,1,0,0,7,0,-1},
  {16753,2,16755,7,16762,2,16764,2,3839,6,1,0,0,7,0,-1},
  {16766,2,16768,5,16773,2,16775,2,3845,6,1,0,0,7,0,-1},
  {16777,2,16779,3,16782,2,16784,2,3851,5,1,0,0,7,0,-1},
  {16786,2,16788,11,16799,2,16801,2,3856,4,1,0,0,7,0,-1},
  {16803,2,16805,2,16807,2,16809,2,3860,4,1,0,0,7,0,-1},
  {16811,2,16813,4,16817,2,16819,2,3864,6,1,0,0,7,0,-1},
  {16821,2,16823,2,16825,2,16827,2,3870,4,1,0,0,7,0,-1},
  {16829,2,16831,4,16835,2,16837,2,3874,9,1,0,0,7,0,-1},
  {16839,2,16841,5,16846,2,16848,2,3883,6,1,0,0,7,0,-1},
  {16850,2,16852,3,16855,2,16857,2,3889,6,1,0,0,7,0,-1},
  {16859,2,16861,8,16869,2,16871,2,3895,6,1,0,0,7,0,-1},
  {16873,2,16875,4,16879,2,16881,2,3901,6,1,0,0,7,0,-1},
  {16883,2,16885,5,16890,2,16892,2,3907,5,1,0,0,7,0,-1},
  {16894,2,16896,3,16899,2,16901,2,3912,5,1,0,0,7,0,-1},
  {16903,2,16905,2,16907,2,16909,2,3917,6,1,0,0,7,0,-1},
  {16911,2,16913,2,16915,2,16917,2,3923,5,1,0,0,7,0,-1},
  {16919,2,16921,5,16926,2,16928,2,3928,7,1,0,0,7,0,-1},
  {16930,2,16932,3,16935,2,16937,2,3935,13,1,0,0,7,0,-1},
  {16939,2,16941,6,16947,2,16949,1,3948,3,1,0,0,7,0,-1},
  {16950,2,16952,2,16954,2,16956,1,3951,6,1,0,0,7,0,-1},
  {16957,2,16959,5,16964,2,16966,1,3957,5,1,0,0,7,0,-1},
  {16967,2,16969,2,16971,2,16973,1,3962,5,1,0,0,7,0,-1},
  {16974,2,16976,4,16980,2,16982,1,3967,6,1,0,0,7,0,-1},
  {16983,2,16985,3,16988,2,16990,1,3973,6,1,0,0,7,0,-1},
  {16991,2,16993,6,16999,2,17001,2,3979,7,1,0,0,7,0,-1},
  {17003,2,17005,2,17007,2,17009,1,3986,6,1,0,0,7,0,-1},
  {17010,2,17012,2,17014,2,17016,2,3992,4,1,0,0,7,0,-1},
  {17018,2,17020,4,17024,2,17026,1,3996,8,1,0,0,7,0,-1},
  {17027,2,17029,2,17031,2,17033,1,4004,3,1,0,0,7,0,-1},
  {17034,2,17036,2,17038,2,17040,1,4007,4,1,0,0,7,0,-1},
  {17041,2,17043,2,17045,2,17047,1,4011,5,1,0,0,7,0,-1},
  {17048,2,17050,4,17054,2,17056,2,4016,9,1,0,0,7,0,-1},
  {17058,2,17060,4,17064,2,17066,2,4025,5,1,0,0,7,0,-1},
  {17068,2,17070,3,17073,2,17075,1,4030,8,1,0,0,7,0,-1},
  {17076,2,17078,2,17080,2,17082,1,4038,5,1,0,0,7,0,-1},
  {17083,2,17085,3,17088,2,17090,1,4043,3,1,0,0,7,0,-1},
  {17091,2,17093,1,17094,2,17096,2,4046,4,1,0,0,7,0,-1},
  {17098,2,17100,2,17102,2,17104,1,4050,4,1,0,0,7,0,-1},
  {17105,2,17107,1,17108,2,17110,1,4054,4,1,0,0,7,0,-1},
  {17111,2,17113,3,17116,2,17118,1,4058,5,1,0,0,7,0,-1},
  {17119,2,17121,4,17125,2,17127,2,4063,6,1,0,0,7,0,-1},
  {17129,2,17131,2,17133,2,17135,2,4069,5,1,0,0,7,0,-1},
  {17137,2,17139,7,17146,2,17148,2,4074,4,1,0,0,7,0,-1},
  {17150,2,17152,1,17153,2,17155,2,4078,6,1,0,0,7,0,-1},
  {17157,2,17159,5,17164,2,17166,2,4084,6,1,0,0,7,0,-1},
  {17168,2,17170,2,17172,2,17174,2,4090,4,1,0,0,7,0,-1},
  {17176,2,17178,2,17180,2,17182,2,4094,5,1,0,0,7,0,-1},
  {17184,2,17186,3,17189,2,17191,2,4099,3,1,0,0,7,0,-1},
  {17193,2,17195,2,17197,2,17199,2,4102,6,1,0,0,7,0,-1},
  {17201,2,17203,2,17205,2,17207,2,4108,5,1,0,0,7,0,-1},
  {17209,2,17211,2,17213,2,17215,1,4113,6,1,0,0,7,0,-1},
  {17216,2,17218,1,17219,2,17221,2,4119,6,1,0,0,7,0,-1},
  {17223,2,17225,5,17230,2,17232,2,4125,6,1,0,0,7,0,-1},
  {17234,2,17236,2,17238,2,17240,1,4131,6,1,0,0,7,0,-1},
  {17241,2,17243,6,17249,2,17251,1,4137,12,1,0,0,7,0,-1},
  {17252,2,17254,1,17255,2,17257,2,4149,5,1,0,0,7,0,-1},
  {17259,2,17261,2,17263,2,17265,2,4154,4,1,0,0,7,0,-1},
  {17267,1,17268,1,17269,1,17270,1,0,0,0,0,0,7,0,110},
  {17271,1,17272,1,17273,1,17274,1,4158,6,1,0,0,7,0,-1},
  {17275,1,17276,1,17277,1,17278,1,4164,4,1,0,0,7,0,-1},
  {17279,1,17280,1,17281,1,17282,1,4168,6,1,0,0,7,0,-1},
  {17283,1,17284,1,17285,1,17286,1,4174,5,1,0,0,7,0,-1},
  {17287,1,17288,1,17289,1,17290,1,4179,4,1,0,0,7,0,-1},
  {17291,1,17292,1,17293,1,17294,1,4183,10,1,0,0,7,0,-1},
  {17295,1,17296,1,17297,1,17298,1,4193,7,1,0,0,7,0,-1},
  {17299,1,17300,1,17301,1,17302,1,4200,5,1,0,0,7,0,-1},
  {17303,1,17304,1,17305,1,17306,1,4205,4,1,0,0,7,0,-1},
  {17307,1,17308,1,17309,1,17310,1,4209,4,1,0,0,7,0,-1},
  {17311,1,17312,1,17313,1,17314,1,4213,5,1,0,0,7,0,-1},
  {17315,1,17316,1,17317,1,17318,1,4218,4,1,0,0,7,0,-1},
  {17319,1,17320,1,17321,1,17322,1,4222,4,1,0,0,7,0,-1},
  {17323,1,17324,1,17325,1,17326,1,4226,4,1,0,0,7,0,-1},
  {17327,1,17328,1,17329,1,17330,1,4230,4,1,0,0,7,0,-1},
  {17331,1,17332,1,17333,1,17334,1,4234,3,1,0,0,7,0,-1},
  {17335,1,17336,1,17337,1,17338,1,4237,4,1,1,0,7,0,-1},
  {17339,1,17340,1,17341,1,17342,1,4241,4,1,1,0,7,0,-1},
  {17343,1,17344,1,17345,1,17346,1,4245,4,1,0,0,7,0,-1},
  {17347,1,17348,1,17349,1,17350,1,4249,6,1,0,0,7,0,-1},
  {17351,1,17352,1,17353,1,17354,1,4255,4,1,0,0,7,0,-1},
  {17355,1,17356,1,17357,1,17358,1,4259,3,1,0,0,7,0,-1},
  {17359,1,17360,1,17361,1,17362,1,4262,5,1,0,0,7,0,-1},
  {17363,1,17364,1,17365,1,17366,1,4267,5,1,0,0,7,0,-1},
  {17367,1,17368,1,17369,1,17370,1,4272,4,1,0,0,7,0,-1},
  {17371,1,17372,1,17373,1,17374,1,4276,6,1,0,0,7,0,-1},
  {17375,1,17376,1,17377,1,17378,1,4282,6,1,0,0,7,0,-1},
  {17379,1,17380,1,17381,1,17382,1,4288,6,1,0,0,7,0,-1},
  {17383,1,17384,1,17385,1,17386,1,4294,7,1,0,0,7,3,-1},
  {17387,1,17388,1,17389,1,17390,1,4315,13,1,0,0,10,1,-1},
  {17391,1,17392,1,17393,1,17394,1,4334,5,1,0,0,11,1,-1},
  {17395,1,17396,1,17397,1,17398,1,4348,7,1,0,0,12,1,-1},
  {17399,1,17400,1,17401,1,17402,1,4364,0,3,0,0,13,0,-1},
  {17403,1,17404,1,17405,1,17406,1,4364,5,2,0,0,13,0,-1},
  {17407,1,17408,1,17409,1,17410,1,4369,5,2,0,0,13,0,-1},
  {17411,1,17412,1,17413,1,17414,1,4374,4,2,0,0,13,0,-1},
  {17415,1,17416,1,17417,1,17418,1,4378,4,2,0,0,13,0,-1},
  {17419,1,17420,1,17421,1,17422,1,4382,2,2,0,0,13,0,-1},
  {17423,1,17424,1,17425,1,17426,1,4384,4,2,0,0,13,0,-1},
  {17427,1,17428,1,17429,1,17430,1,4388,2,2,0,0,13,0,-1},
  {17431,1,17432,1,17433,1,17434,1,4390,3,2,0,0,13,0,-1},
  {17435,1,17436,1,17437,1,17438,1,4393,4,1,0,0,13,0,-1},
  {17439,1,17440,6,17446,1,17447,1,4397,3,1,0,0,13,0,-1},
  {17448,1,17449,2,17451,1,17452,1,4400,6,1,0,0,13,0,-1},
  {17453,1,17454,5,17459,1,17460,1,4406,5,1,0,0,13,0,-1},
  {17461,1,17462,2,17464,1,17465,1,4411,5,1,0,0,13,0,-1},
  {17466,1,17467,4,17471,1,17472,1,4416,6,1,0,0,13,0,-1},
  {17473,1,17474,3,17477,1,17478,1,4422,6,1,0,0,13,0,-1},
  {17479,1,17480,3,17483,1,17484,1,4428,6,1,0,0,13,0,-1},
  {17485,1,17486,1,17487,1,17488,1,4434,6,1,0,0,13,0,-1},
  {17489,1,17490,4,17494,1,17495,1,4440,10,1,0,0,13,0,-1},
  {17496,1,17497,2,17499,1,17500,1,4450,6,1,0,0,13,0,-1},
  {17501,1,17502,6,17508,1,17509,1,4456,12,1,0,0,13,0,-1},
  {17510,1,17511,4,17515,1,17516,1,4468,8,1,0,0,13,0,-1},
  {17517,1,17518,2,17520,1,17521,1,4476,3,1,0,0,13,0,-1},
  {17522,1,17523,2,17525,1,17526,1,4479,4,1,0,0,13,0,-1},
  {17527,1,17528,2,17530,1,17531,1,4483,5,1,0,0,13,0,-1},
  {17532,1,17533,2,17535,1,17536,1,4488,2,1,0,0,13,0,-1},
  {17537,1,17538,3,17541,1,17542,1,4490,8,1,0,0,13,0,-1},
  {17543,1,17544,3,17547,1,17548,1,4498,4,1,0,0,13,0,-1},
  {17549,1,17550,2,17552,1,17553,1,4502,8,1,0,0,13,0,-1},
  {17554,1,17555,2,17557,1,17558,1,4510,5,1,0,0,13,0,-1},
  {17559,1,17560,3,17563,1,17564,1,4515,3,1,0,0,13,0,-1},
  {17565,1,17566,2,17568,1,17569,1,4518,4,1,0,0,13,0,-1},
  {17570,1,17571,1,17572,1,17573,1,4522,4,1,0,0,13,0,-1},
  {17574,1,17575,3,17578,1,17579,1,4526,5,1,0,0,13,0,-1},
  {17580,1,17581,3,17584,1,17585,1,4531,4,1,0,0,13,0,-1},
  {17586,1,17587,2,17589,1,17590,1,4535,8,1,0,0,13,0,-1},
  {17591,1,17592,2,17594,1,17595,1,4543,6,1,0,0,13,0,-1},
  {17596,1,17597,2,17599,1,17600,1,4549,7,1,0,0,13,0,-1},
  {17601,1,17602,2,17604,1,17605,1,4556,6,1,0,0,13,0,-1},
  {17606,1,17607,6,17613,1,17614,1,4562,12,1,0,0,13,0,-1},
  {17615,1,17616,1,17617,1,17618,1,4574,5,1,0,0,13,0,-1},
  {17619,1,17620,2,17622,1,17623,1,4579,5,1,0,0,13,0,-1},
  {17624,1,17625,5,17630,1,17631,1,4584,6,1,0,0,13,0,-1},
  {17632,1,17633,5,17638,1,17639,1,4590,6,1,0,0,13,0,-1}
};
const CmLex *cm_lex = cm_lex_a; unsigned cm_lex_n = 1173;
static const CmVerb cm_verbs_a[] = {
  {0,8,0,5,512,1,0},
  {8,6,5,3,512,1,1},
  {14,5,8,3,520,1,0},
  {19,6,11,4,640,1,0},
  {25,4,15,2,0,0,1},
  {29,5,17,4,0,0,1},
  {34,4,21,2,641,0,0},
  {38,5,23,2,512,1,0},
  {43,5,25,3,0,0,1},
  {48,5,28,2,640,1,0},
  {53,4,30,3,896,1,0},
  {57,5,33,3,0,0,1},
  {62,5,36,2,899,1,0},
  {67,5,38,3,512,1,0},
  {72,7,41,3,512,1,0},
  {79,5,44,3,512,1,0},
  {84,5,47,2,512,1,0},
  {89,5,49,2,512,1,1},
  {94,3,51,2,640,1,0},
  {97,7,53,5,512,1,0},
  {104,7,58,2,897,1,0},
  {111,8,60,2,0,0,1},
  {119,3,62,2,641,1,0},
  {122,9,64,3,512,1,0},
  {131,10,67,5,512,1,0},
  {141,5,72,2,576,1,0},
  {146,4,74,2,771,1,0},
  {150,3,76,3,512,1,0},
  {153,4,79,3,0,0,1},
  {157,7,82,6,512,1,0},
  {164,5,88,2,512,1,1},
  {169,7,90,3,515,1,0},
  {176,4,93,2,512,1,1},
  {180,8,95,2,512,1,0},
  {188,10,97,2,512,1,0},
  {198,4,99,3,640,1,0},
  {202,4,102,4,512,1,0},
  {206,6,106,2,512,1,1},
  {212,7,108,5,0,0,1},
  {219,4,113,2,520,1,0},
  {223,5,115,2,512,1,0},
  {228,5,117,5,512,1,1},
  {233,6,122,6,0,0,1},
  {239,6,128,5,640,1,0},
  {245,9,133,3,0,0,1},
  {254,4,136,2,577,0,1},
  {258,4,138,2,512,1,0},
  {262,4,140,2,640,1,0},
  {266,4,142,4,512,1,0},
  {270,5,146,2,774,0,0},
  {275,6,148,4,512,1,0},
  {281,4,152,4,514,0,0},
  {285,5,156,2,512,1,1},
  {290,5,158,3,640,1,0},
  {295,6,161,2,520,0,0},
  {301,4,163,5,640,1,0},
  {305,4,168,2,951,0,1},
  {309,5,170,3,512,1,0},
  {314,9,173,4,640,1,0},
  {323,4,177,2,512,1,0},
  {327,4,179,3,640,1,0},
  {331,4,182,3,649,1,0},
  {335,6,185,4,0,0,1},
  {341,8,189,7,0,0,1},
  {349,4,196,3,640,1,0},
  {353,4,199,5,640,1,0},
  {357,4,204,4,512,1,0},
  {361,4,208,2,640,1,0},
  {365,5,210,3,0,0,1},
  {370,4,213,2,640,1,0},
  {374,4,215,2,579,1,0},
  {378,4,217,2,0,0,1},
  {382,4,219,2,514,1,0},
  {386,4,221,5,640,0,0},
  {390,8,226,5,640,1,0},
  {398,4,231,2,666,1,0},
  {402,3,233,3,819,1,0},
  {405,4,236,3,0,0,1},
  {409,5,239,5,512,1,0},
  {414,4,244,2,704,1,0},
  {418,6,246,5,0,0,1},
  {424,7,251,4,0,0,1},
  {431,7,255,4,0,0,1},
  {438,4,259,3,640,1,0},
  {442,4,262,3,512,1,0},
  {446,3,265,2,640,1,0},
  {449,4,267,4,0,0,1},
  {453,3,271,2,0,0,1},
  {456,5,273,2,0,0,1},
  {461,6,275,2,513,1,0},
  {467,4,277,2,512,0,0},
  {471,5,279,3,512,1,0},
  {476,4,282,6,0,0,1},
  {480,5,288,5,536,1,0},
  {485,5,293,2,512,1,0},
  {490,4,295,5,512,1,0},
  {494,5,300,5,642,1,0},
  {499,7,305,2,514,1,0},
  {506,4,307,2,640,1,0},
  {510,5,309,2,512,0,1},
  {515,4,311,4,0,0,1},
  {519,6,315,2,640,1,0},
  {525,5,317,5,0,0,1},
  {530,4,322,2,513,0,1},
  {534,5,324,2,516,1,0},
  {539,4,326,2,579,1,0},
  {543,4,328,5,520,0,0},
  {547,4,333,3,512,1,0},
  {551,5,336,3,647,1,0},
  {556,3,339,2,648,1,0},
  {559,8,341,1,0,0,1},
  {567,4,342,2,650,1,0},
  {571,6,344,5,640,1,0},
  {577,5,349,2,576,1,0},
  {582,7,351,3,0,0,1},
  {589,7,354,5,0,0,1},
  {596,4,359,2,0,0,1},
  {600,4,361,3,512,1,0},
  {604,4,364,2,907,1,1},
  {608,4,366,2,516,1,0},
  {612,4,368,5,512,1,0},
  {616,3,373,2,0,0,1},
  {619,4,375,2,512,1,0},
  {623,4,377,2,0,0,1},
  {627,4,379,2,0,0,1},
  {631,4,381,3,0,0,1}
};
const CmVerb *cm_verbs = cm_verbs_a; unsigned cm_verbs_n = 126;
static const CmPart cm_parts_a[] = {
  {17640,3,17643,3,9},
  {17646,4,17650,4,9},
  {17654,2,17656,2,9},
  {17658,3,17661,3,9},
  {17664,3,17667,3,3},
  {17670,4,17674,4,3},
  {17678,3,17681,3,3},
  {17684,4,17688,4,3},
  {17692,2,17694,2,5},
  {17696,3,17699,3,5},
  {17702,3,17705,3,6},
  {17708,4,17712,4,6},
  {17716,2,17718,2,6},
  {17720,3,17723,3,6},
  {17726,3,17729,3,4},
  {17732,4,17736,4,4},
  {17740,2,17742,2,4},
  {17744,3,17747,3,4},
  {17750,4,17754,4,1},
  {17758,5,17763,5,1},
  {17768,4,17772,4,1},
  {17776,2,17778,2,7},
  {17780,1,17781,1,2},
  {17782,1,17783,1,2},
  {17784,1,17785,1,1},
  {17786,1,17787,1,0},
  {17788,1,17789,1,0},
  {17790,1,17791,1,0},
  {17792,1,17793,1,8},
  {17794,1,17795,1,10}
};
const CmPart *cm_parts = cm_parts_a; unsigned cm_parts_n = 30;
static const CmMap cm_pwords_a[] = {
  {17796,5,4596,5},
  {17801,4,4601,5},
  {17805,5,4606,5},
  {17810,4,4611,5},
  {17814,4,4616,5},
  {17818,4,4621,5},
  {17822,4,4626,5}
};
const CmMap *cm_pwords = cm_pwords_a; unsigned cm_pwords_n = 7;
static const CmMap cm_yesno_a[] = {
  {17826,2,4631,1},
  {17828,3,4632,1}
};
const CmMap *cm_yesno = cm_yesno_a; unsigned cm_yesno_n = 2;
static const CmMap cm_guide_a[] = {
  {17831,2,17833,7},
  {17840,5,17845,11},
  {17856,4,17860,37},
  {17897,3,17900,46},
  {17946,4,17950,38},
  {17988,3,17991,11},
  {18002,2,18004,20},
  {18024,6,18030,28}
};
const CmMap *cm_guide = cm_guide_a; unsigned cm_guide_n = 8;
static const CmStr cm_frags_a[] = {
  {18058,1},
  {18059,3},
  {18062,9},
  {18071,21},
  {18092,5},
  {18097,9},
  {18106,2},
  {18108,2},
  {18110,1},
  {18111,1},
  {18112,17},
  {18129,10},
  {18139,22},
  {18161,1},
  {18162,1},
  {18163,1},
  {18164,11},
  {18175,14},
  {18189,5}
};
const CmStr *cm_frags = cm_frags_a; unsigned cm_frags_n = 19;
static const CmStr cm_others_a[] = {
  {2943,9},
  {2962,2},
  {3632,5},
  {3637,4},
  {3641,5},
  {3659,6},
  {3672,9},
  {4301,5},
  {4306,4},
  {4310,5},
  {4328,6},
  {4339,9},
  {4355,9}
};
const CmStr *cm_others = cm_others_a; unsigned cm_others_n = 13;
static const CmStr cm_role_ja_a[] = {
  {18194,0},
  {18194,1},
  {18195,0},
  {18195,2},
  {18197,2},
  {18199,2},
  {18201,3},
  {18204,2},
  {18206,0},
  {18206,0},
  {18206,0}
};
const CmStr *cm_role_ja = cm_role_ja_a; unsigned cm_role_ja_n = 11;
