/* pc98_jis.py が生成。手で編集しない。
 * UTF-16 → PC-98 テキスト VRAM の語（全角の左半分。右半分は | 0x80）。Unicode 順 */
#include "pc98_jis.h"

const unsigned short pc98_jis_u[PC98_JIS_N] = {
    0x00A2, 0x00A3, 0x00A7, 0x00A8, 0x00AC, 0x00B0, 0x00B1, 0x00B4, 0x00B6, 0x00D7, 0x00F7, 0x0391,
    0x0392, 0x0393, 0x0394, 0x0395, 0x0396, 0x0397, 0x0398, 0x0399, 0x039A, 0x039B, 0x039C, 0x039D,
    0x039E, 0x039F, 0x03A0, 0x03A1, 0x03A3, 0x03A4, 0x03A5, 0x03A6, 0x03A7, 0x03A8, 0x03A9, 0x03B1,
    0x03B2, 0x03B3, 0x03B4, 0x03B5, 0x03B6, 0x03B7, 0x03B8, 0x03B9, 0x03BA, 0x03BB, 0x03BC, 0x03BD,
    0x03BE, 0x03BF, 0x03C0, 0x03C1, 0x03C3, 0x03C4, 0x03C5, 0x03C6, 0x03C7, 0x03C8, 0x03C9, 0x0401,
    0x0410, 0x0411, 0x0412, 0x0413, 0x0414, 0x0415, 0x0416, 0x0417, 0x0418, 0x0419, 0x041A, 0x041B,
    0x041C, 0x041D, 0x041E, 0x041F, 0x0420, 0x0421, 0x0422, 0x0423, 0x0424, 0x0425, 0x0426, 0x0427,
    0x0428, 0x0429, 0x042A, 0x042B, 0x042C, 0x042D, 0x042E, 0x042F, 0x0430, 0x0431, 0x0432, 0x0433,
    0x0434, 0x0435, 0x0436, 0x0437, 0x0438, 0x0439, 0x043A, 0x043B, 0x043C, 0x043D, 0x043E, 0x043F,
    0x0440, 0x0441, 0x0442, 0x0443, 0x0444, 0x0445, 0x0446, 0x0447, 0x0448, 0x0449, 0x044A, 0x044B,
    0x044C, 0x044D, 0x044E, 0x044F, 0x0451, 0x2010, 0x2014, 0x2015, 0x2016, 0x2018, 0x2019, 0x201C,
    0x201D, 0x2020, 0x2021, 0x2025, 0x2026, 0x2030, 0x2032, 0x2033, 0x203B, 0x2103, 0x2116, 0x2121,
    0x212B, 0x2160, 0x2161, 0x2162, 0x2163, 0x2164, 0x2165, 0x2166, 0x2167, 0x2168, 0x2169, 0x2170,
    0x2171, 0x2172, 0x2173, 0x2174, 0x2175, 0x2176, 0x2177, 0x2178, 0x2179, 0x2190, 0x2191, 0x2192,
    0x2193, 0x21D2, 0x21D4, 0x2200, 0x2202, 0x2203, 0x2207, 0x2208, 0x220B, 0x2211, 0x2212, 0x221A,
    0x221D, 0x221E, 0x221F, 0x2220, 0x2225, 0x2227, 0x2228, 0x2229, 0x222A, 0x222B, 0x222C, 0x222E,
    0x2234, 0x2235, 0x223D, 0x2252, 0x2260, 0x2261, 0x2266, 0x2267, 0x226A, 0x226B, 0x2282, 0x2283,
    0x2286, 0x2287, 0x22A5, 0x22BF, 0x2312, 0x2460, 0x2461, 0x2462, 0x2463, 0x2464, 0x2465, 0x2466,
    0x2467, 0x2468, 0x2469, 0x246A, 0x246B, 0x246C, 0x246D, 0x246E, 0x246F, 0x2470, 0x2471, 0x2472,
    0x2473, 0x2500, 0x2501, 0x2502, 0x2503, 0x250C, 0x250F, 0x2510, 0x2513, 0x2514, 0x2517, 0x2518,
    0x251B, 0x251C, 0x251D, 0x2520, 0x2523, 0x2524, 0x2525, 0x2528, 0x252B, 0x252C, 0x252F, 0x2530,
    0x2533, 0x2534, 0x2537, 0x2538, 0x253B, 0x253C, 0x253F, 0x2542, 0x254B, 0x25A0, 0x25A1, 0x25B2,
    0x25B3, 0x25BC, 0x25BD, 0x25C6, 0x25C7, 0x25CB, 0x25CE, 0x25CF, 0x25EF, 0x2605, 0x2606, 0x2640,
    0x2642, 0x266A, 0x266D, 0x266F, 0x3000, 0x3001, 0x3002, 0x3003, 0x3005, 0x3006, 0x3007, 0x3008,
    0x3009, 0x300A, 0x300B, 0x300C, 0x300D, 0x300E, 0x300F, 0x3010, 0x3011, 0x3012, 0x3013, 0x3014,
    0x3015, 0x301C, 0x301D, 0x301F, 0x3041, 0x3042, 0x3043, 0x3044, 0x3045, 0x3046, 0x3047, 0x3048,
    0x3049, 0x304A, 0x304B, 0x304C, 0x304D, 0x304E, 0x304F, 0x3050, 0x3051, 0x3052, 0x3053, 0x3054,
    0x3055, 0x3056, 0x3057, 0x3058, 0x3059, 0x305A, 0x305B, 0x305C, 0x305D, 0x305E, 0x305F, 0x3060,
    0x3061, 0x3062, 0x3063, 0x3064, 0x3065, 0x3066, 0x3067, 0x3068, 0x3069, 0x306A, 0x306B, 0x306C,
    0x306D, 0x306E, 0x306F, 0x3070, 0x3071, 0x3072, 0x3073, 0x3074, 0x3075, 0x3076, 0x3077, 0x3078,
    0x3079, 0x307A, 0x307B, 0x307C, 0x307D, 0x307E, 0x307F, 0x3080, 0x3081, 0x3082, 0x3083, 0x3084,
    0x3085, 0x3086, 0x3087, 0x3088, 0x3089, 0x308A, 0x308B, 0x308C, 0x308D, 0x308E, 0x308F, 0x3090,
    0x3091, 0x3092, 0x3093, 0x309B, 0x309C, 0x309D, 0x309E, 0x30A1, 0x30A2, 0x30A3, 0x30A4, 0x30A5,
    0x30A6, 0x30A7, 0x30A8, 0x30A9, 0x30AA, 0x30AB, 0x30AC, 0x30AD, 0x30AE, 0x30AF, 0x30B0, 0x30B1,
    0x30B2, 0x30B3, 0x30B4, 0x30B5, 0x30B6, 0x30B7, 0x30B8, 0x30B9, 0x30BA, 0x30BB, 0x30BC, 0x30BD,
    0x30BE, 0x30BF, 0x30C0, 0x30C1, 0x30C2, 0x30C3, 0x30C4, 0x30C5, 0x30C6, 0x30C7, 0x30C8, 0x30C9,
    0x30CA, 0x30CB, 0x30CC, 0x30CD, 0x30CE, 0x30CF, 0x30D0, 0x30D1, 0x30D2, 0x30D3, 0x30D4, 0x30D5,
    0x30D6, 0x30D7, 0x30D8, 0x30D9, 0x30DA, 0x30DB, 0x30DC, 0x30DD, 0x30DE, 0x30DF, 0x30E0, 0x30E1,
    0x30E2, 0x30E3, 0x30E4, 0x30E5, 0x30E6, 0x30E7, 0x30E8, 0x30E9, 0x30EA, 0x30EB, 0x30EC, 0x30ED,
    0x30EE, 0x30EF, 0x30F0, 0x30F1, 0x30F2, 0x30F3, 0x30F4, 0x30F5, 0x30F6, 0x30FB, 0x30FC, 0x30FD,
    0x30FE, 0x3231, 0x3232, 0x3239, 0x32A4, 0x32A5, 0x32A6, 0x32A7, 0x32A8, 0x3303, 0x330D, 0x3314,
    0x3318, 0x3322, 0x3323, 0x3326, 0x3327, 0x332B, 0x3336, 0x333B, 0x3349, 0x334A, 0x334D, 0x3351,
    0x3357, 0x337B, 0x337C, 0x337D, 0x337E, 0x338E, 0x338F, 0x339C, 0x339D, 0x339E, 0x33A1, 0x33C4,
    0x33CD, 0x4E00, 0x4E01, 0x4E03, 0x4E07, 0x4E08, 0x4E09, 0x4E0A, 0x4E0B, 0x4E0D, 0x4E0E, 0x4E10,
    0x4E11, 0x4E14, 0x4E15, 0x4E16, 0x4E17, 0x4E18, 0x4E19, 0x4E1E, 0x4E21, 0x4E26, 0x4E28, 0x4E2A,
    0x4E2D, 0x4E31, 0x4E32, 0x4E36, 0x4E38, 0x4E39, 0x4E3B, 0x4E3C, 0x4E3F, 0x4E42, 0x4E43, 0x4E45,
    0x4E4B, 0x4E4D, 0x4E4E, 0x4E4F, 0x4E55, 0x4E56, 0x4E57, 0x4E58, 0x4E59, 0x4E5D, 0x4E5E, 0x4E5F,
    0x4E62, 0x4E71, 0x4E73, 0x4E7E, 0x4E80, 0x4E82, 0x4E85, 0x4E86, 0x4E88, 0x4E89, 0x4E8A, 0x4E8B,
    0x4E8C, 0x4E8E, 0x4E91, 0x4E92, 0x4E94, 0x4E95, 0x4E98, 0x4E99, 0x4E9B, 0x4E9C, 0x4E9E, 0x4E9F,
    0x4EA0, 0x4EA1, 0x4EA2, 0x4EA4, 0x4EA5, 0x4EA6, 0x4EA8, 0x4EAB, 0x4EAC, 0x4EAD, 0x4EAE, 0x4EB0,
    0x4EB3, 0x4EB6, 0x4EBA, 0x4EC0, 0x4EC1, 0x4EC2, 0x4EC4, 0x4EC6, 0x4EC7, 0x4ECA, 0x4ECB, 0x4ECD,
    0x4ECE, 0x4ECF, 0x4ED4, 0x4ED5, 0x4ED6, 0x4ED7, 0x4ED8, 0x4ED9, 0x4EDD, 0x4EDE, 0x4EDF, 0x4EE1,
    0x4EE3, 0x4EE4, 0x4EE5, 0x4EED, 0x4EEE, 0x4EF0, 0x4EF2, 0x4EF6, 0x4EF7, 0x4EFB, 0x4EFC, 0x4F00,
    0x4F01, 0x4F03, 0x4F09, 0x4F0A, 0x4F0D, 0x4F0E, 0x4F0F, 0x4F10, 0x4F11, 0x4F1A, 0x4F1C, 0x4F1D,
    0x4F2F, 0x4F30, 0x4F34, 0x4F36, 0x4F38, 0x4F39, 0x4F3A, 0x4F3C, 0x4F3D, 0x4F43, 0x4F46, 0x4F47,
    0x4F4D, 0x4F4E, 0x4F4F, 0x4F50, 0x4F51, 0x4F53, 0x4F55, 0x4F56, 0x4F57, 0x4F59, 0x4F5A, 0x4F5B,
    0x4F5C, 0x4F5D, 0x4F5E, 0x4F69, 0x4F6F, 0x4F70, 0x4F73, 0x4F75, 0x4F76, 0x4F7B, 0x4F7C, 0x4F7F,
    0x4F83, 0x4F86, 0x4F88, 0x4F8A, 0x4F8B, 0x4F8D, 0x4F8F, 0x4F91, 0x4F92, 0x4F94, 0x4F96, 0x4F98,
    0x4F9A, 0x4F9B, 0x4F9D, 0x4FA0, 0x4FA1, 0x4FAB, 0x4FAD, 0x4FAE, 0x4FAF, 0x4FB5, 0x4FB6, 0x4FBF,
    0x4FC2, 0x4FC3, 0x4FC4, 0x4FC9, 0x4FCA, 0x4FCD, 0x4FCE, 0x4FD0, 0x4FD1, 0x4FD4, 0x4FD7, 0x4FD8,
    0x4FDA, 0x4FDB, 0x4FDD, 0x4FDF, 0x4FE1, 0x4FE3, 0x4FE4, 0x4FE5, 0x4FEE, 0x4FEF, 0x4FF3, 0x4FF5,
    0x4FF6, 0x4FF8, 0x4FFA, 0x4FFE, 0x4FFF, 0x5005, 0x5006, 0x5009, 0x500B, 0x500D, 0x500F, 0x5011,
    0x5012, 0x5014, 0x5016, 0x5019, 0x501A, 0x501E, 0x501F, 0x5021, 0x5022, 0x5023, 0x5024, 0x5025,
    0x5026, 0x5028, 0x5029, 0x502A, 0x502B, 0x502C, 0x502D, 0x5036, 0x5039, 0x5040, 0x5042, 0x5043,
    0x5046, 0x5047, 0x5048, 0x5049, 0x504F, 0x5050, 0x5055, 0x5056, 0x505A, 0x505C, 0x5065, 0x506C,
    0x5070, 0x5072, 0x5074, 0x5075, 0x5076, 0x5078, 0x507D, 0x5080, 0x5085, 0x508D, 0x5091, 0x5094,
    0x5098, 0x5099, 0x509A, 0x50AC, 0x50AD, 0x50B2, 0x50B3, 0x50B4, 0x50B5, 0x50B7, 0x50BE, 0x50C2,
    0x50C5, 0x50C9, 0x50CA, 0x50CD, 0x50CF, 0x50D1, 0x50D5, 0x50D6, 0x50D8, 0x50DA, 0x50DE, 0x50E3,
    0x50E5, 0x50E7, 0x50ED, 0x50EE, 0x50F4, 0x50F5, 0x50F9, 0x50FB, 0x5100, 0x5101, 0x5102, 0x5104,
    0x5109, 0x5112, 0x5114, 0x5115, 0x5116, 0x5118, 0x511A, 0x511F, 0x5121, 0x512A, 0x5132, 0x5137,
    0x513A, 0x513B, 0x513C, 0x513F, 0x5140, 0x5141, 0x5143, 0x5144, 0x5145, 0x5146, 0x5147, 0x5148,
    0x5149, 0x514A, 0x514B, 0x514C, 0x514D, 0x514E, 0x5150, 0x5152, 0x5154, 0x515A, 0x515C, 0x5162,
    0x5164, 0x5165, 0x5168, 0x5169, 0x516A, 0x516B, 0x516C, 0x516D, 0x516E, 0x5171, 0x5175, 0x5176,
    0x5177, 0x5178, 0x517C, 0x5180, 0x5182, 0x5185, 0x5186, 0x5189, 0x518A, 0x518C, 0x518D, 0x518F,
    0x5190, 0x5191, 0x5192, 0x5193, 0x5195, 0x5196, 0x5197, 0x5199, 0x519D, 0x51A0, 0x51A2, 0x51A4,
    0x51A5, 0x51A6, 0x51A8, 0x51A9, 0x51AA, 0x51AB, 0x51AC, 0x51B0, 0x51B1, 0x51B2, 0x51B3, 0x51B4,
    0x51B5, 0x51B6, 0x51B7, 0x51BD, 0x51BE, 0x51C4, 0x51C5, 0x51C6, 0x51C9, 0x51CB, 0x51CC, 0x51CD,
    0x51D6, 0x51DB, 0x51DC, 0x51DD, 0x51E0, 0x51E1, 0x51E6, 0x51E7, 0x51E9, 0x51EA, 0x51EC, 0x51ED,
    0x51F0, 0x51F1, 0x51F5, 0x51F6, 0x51F8, 0x51F9, 0x51FA, 0x51FD, 0x51FE, 0x5200, 0x5203, 0x5204,
    0x5206, 0x5207, 0x5208, 0x520A, 0x520B, 0x520E, 0x5211, 0x5214, 0x5215, 0x5217, 0x521D, 0x5224,
    0x5225, 0x5227, 0x5229, 0x522A, 0x522E, 0x5230, 0x5233, 0x5236, 0x5237, 0x5238, 0x5239, 0x523A,
    0x523B, 0x5243, 0x5244, 0x5247, 0x524A, 0x524B, 0x524C, 0x524D, 0x524F, 0x5254, 0x5256, 0x525B,
    0x525E, 0x5263, 0x5264, 0x5265, 0x5269, 0x526A, 0x526F, 0x5270, 0x5271, 0x5272, 0x5273, 0x5274,
    0x5275, 0x527D, 0x527F, 0x5283, 0x5287, 0x5288, 0x5289, 0x528D, 0x5291, 0x5292, 0x5294, 0x529B,
    0x529C, 0x529F, 0x52A0, 0x52A3, 0x52A6, 0x52A9, 0x52AA, 0x52AB, 0x52AC, 0x52AD, 0x52AF, 0x52B1,
    0x52B4, 0x52B5, 0x52B9, 0x52BC, 0x52BE, 0x52C0, 0x52C1, 0x52C3, 0x52C5, 0x52C7, 0x52C9, 0x52CD,
    0x52D2, 0x52D5, 0x52D7, 0x52D8, 0x52D9, 0x52DB, 0x52DD, 0x52DE, 0x52DF, 0x52E0, 0x52E2, 0x52E3,
    0x52E4, 0x52E6, 0x52E7, 0x52F2, 0x52F3, 0x52F5, 0x52F8, 0x52F9, 0x52FA, 0x52FE, 0x52FF, 0x5300,
    0x5301, 0x5302, 0x5305, 0x5306, 0x5307, 0x5308, 0x530D, 0x530F, 0x5310, 0x5315, 0x5316, 0x5317,
    0x5319, 0x531A, 0x531D, 0x5320, 0x5321, 0x5323, 0x5324, 0x532A, 0x532F, 0x5331, 0x5333, 0x5338,
    0x5339, 0x533A, 0x533B, 0x533F, 0x5340, 0x5341, 0x5343, 0x5345, 0x5346, 0x5347, 0x5348, 0x5349,
    0x534A, 0x534D, 0x5351, 0x5352, 0x5353, 0x5354, 0x5357, 0x5358, 0x535A, 0x535C, 0x535E, 0x5360,
    0x5366, 0x5369, 0x536E, 0x536F, 0x5370, 0x5371, 0x5372, 0x5373, 0x5374, 0x5375, 0x5377, 0x5378,
    0x537B, 0x537F, 0x5382, 0x5384, 0x5393, 0x5396, 0x5398, 0x539A, 0x539F, 0x53A0, 0x53A5, 0x53A6,
    0x53A8, 0x53A9, 0x53AD, 0x53AE, 0x53B0, 0x53B2, 0x53B3, 0x53B6, 0x53BB, 0x53C2, 0x53C3, 0x53C8,
    0x53C9, 0x53CA, 0x53CB, 0x53CC, 0x53CD, 0x53CE, 0x53D4, 0x53D6, 0x53D7, 0x53D9, 0x53DB, 0x53DD,
    0x53DF, 0x53E1, 0x53E2, 0x53E3, 0x53E4, 0x53E5, 0x53E8, 0x53E9, 0x53EA, 0x53EB, 0x53EC, 0x53ED,
    0x53EE, 0x53EF, 0x53F0, 0x53F1, 0x53F2, 0x53F3, 0x53F6, 0x53F7, 0x53F8, 0x53FA, 0x5401, 0x5403,
    0x5404, 0x5408, 0x5409, 0x540A, 0x540B, 0x540C, 0x540D, 0x540E, 0x540F, 0x5410, 0x5411, 0x541B,
    0x541D, 0x541F, 0x5420, 0x5426, 0x5429, 0x542B, 0x542C, 0x542D, 0x542E, 0x5436, 0x5438, 0x5439,
    0x543B, 0x543C, 0x543D, 0x543E, 0x5440, 0x5442, 0x5446, 0x5448, 0x5449, 0x544A, 0x544E, 0x5451,
    0x545F, 0x5468, 0x546A, 0x5470, 0x5471, 0x5473, 0x5475, 0x5476, 0x5477, 0x547B, 0x547C, 0x547D,
    0x5480, 0x5484, 0x5486, 0x548A, 0x548B, 0x548C, 0x548E, 0x548F, 0x5490, 0x5492, 0x549C, 0x54A2,
    0x54A4, 0x54A5, 0x54A8, 0x54A9, 0x54AB, 0x54AC, 0x54AF, 0x54B2, 0x54B3, 0x54B8, 0x54BC, 0x54BD,
    0x54BE, 0x54C0, 0x54C1, 0x54C2, 0x54C4, 0x54C7, 0x54C8, 0x54C9, 0x54D8, 0x54E1, 0x54E2, 0x54E5,
    0x54E6, 0x54E8, 0x54E9, 0x54ED, 0x54EE, 0x54F2, 0x54FA, 0x54FD, 0x54FF, 0x5504, 0x5506, 0x5507,
    0x550F, 0x5510, 0x5514, 0x5516, 0x552E, 0x552F, 0x5531, 0x5533, 0x5538, 0x5539, 0x553E, 0x5540,
    0x5544, 0x5545, 0x5546, 0x554C, 0x554F, 0x5553, 0x5556, 0x5557, 0x555C, 0x555D, 0x5563, 0x557B,
    0x557C, 0x557E, 0x5580, 0x5583, 0x5584, 0x5586, 0x5587, 0x5589, 0x558A, 0x558B, 0x5598, 0x5599,
    0x559A, 0x559C, 0x559D, 0x559E, 0x559F, 0x55A7, 0x55A8, 0x55A9, 0x55AA, 0x55AB, 0x55AC, 0x55AE,
    0x55B0, 0x55B6, 0x55C4, 0x55C5, 0x55C7, 0x55D4, 0x55DA, 0x55DC, 0x55DF, 0x55E3, 0x55E4, 0x55F7,
    0x55F9, 0x55FD, 0x55FE, 0x5606, 0x5609, 0x5614, 0x5616, 0x5617, 0x5618, 0x561B, 0x5629, 0x562F,
    0x5631, 0x5632, 0x5634, 0x5636, 0x5638, 0x5642, 0x564C, 0x564E, 0x5650, 0x565B, 0x5664, 0x5668,
    0x566A, 0x566B, 0x566C, 0x5674, 0x5678, 0x567A, 0x5680, 0x5686, 0x5687, 0x568A, 0x568F, 0x5694,
    0x56A0, 0x56A2, 0x56A5, 0x56AE, 0x56B4, 0x56B6, 0x56BC, 0x56C0, 0x56C1, 0x56C2, 0x56C3, 0x56C8,
    0x56CE, 0x56D1, 0x56D3, 0x56D7, 0x56D8, 0x56DA, 0x56DB, 0x56DE, 0x56E0, 0x56E3, 0x56EE, 0x56F0,
    0x56F2, 0x56F3, 0x56F9, 0x56FA, 0x56FD, 0x56FF, 0x5700, 0x5703, 0x5704, 0x5708, 0x5709, 0x570B,
    0x570D, 0x570F, 0x5712, 0x5713, 0x5716, 0x5718, 0x571C, 0x571F, 0x5726, 0x5727, 0x5728, 0x572D,
    0x5730, 0x5737, 0x5738, 0x573B, 0x5740, 0x5742, 0x5747, 0x574A, 0x574E, 0x574F, 0x5750, 0x5751,
    0x5759, 0x5761, 0x5764, 0x5765, 0x5766, 0x5769, 0x576A, 0x577F, 0x5782, 0x5788, 0x5789, 0x578B,
    0x5793, 0x57A0, 0x57A2, 0x57A3, 0x57A4, 0x57AA, 0x57AC, 0x57B0, 0x57B3, 0x57C0, 0x57C3, 0x57C6,
    0x57C7, 0x57C8, 0x57CB, 0x57CE, 0x57D2, 0x57D3, 0x57D4, 0x57D6, 0x57DC, 0x57DF, 0x57E0, 0x57E3,
    0x57F4, 0x57F7, 0x57F9, 0x57FA, 0x57FC, 0x5800, 0x5802, 0x5805, 0x5806, 0x580A, 0x580B, 0x5815,
    0x5819, 0x581D, 0x5821, 0x5824, 0x582A, 0x582F, 0x5830, 0x5831, 0x5834, 0x5835, 0x583A, 0x583D,
    0x5840, 0x5841, 0x584A, 0x584B, 0x5851, 0x5852, 0x5854, 0x5857, 0x5858, 0x5859, 0x585A, 0x585E,
    0x5862, 0x5869, 0x586B, 0x5870, 0x5872, 0x5875, 0x5879, 0x587E, 0x5883, 0x5885, 0x5893, 0x5897,
    0x589C, 0x589E, 0x589F, 0x58A8, 0x58AB, 0x58AE, 0x58B2, 0x58B3, 0x58B8, 0x58B9, 0x58BA, 0x58BB,
    0x58BE, 0x58C1, 0x58C5, 0x58C7, 0x58CA, 0x58CC, 0x58D1, 0x58D3, 0x58D5, 0x58D7, 0x58D8, 0x58D9,
    0x58DC, 0x58DE, 0x58DF, 0x58E4, 0x58E5, 0x58EB, 0x58EC, 0x58EE, 0x58EF, 0x58F0, 0x58F1, 0x58F2,
    0x58F7, 0x58F9, 0x58FA, 0x58FB, 0x58FC, 0x58FD, 0x5902, 0x5909, 0x590A, 0x590B, 0x590F, 0x5910,
    0x5915, 0x5916, 0x5918, 0x5919, 0x591A, 0x591B, 0x591C, 0x5922, 0x5925, 0x5927, 0x5929, 0x592A,
    0x592B, 0x592C, 0x592D, 0x592E, 0x5931, 0x5932, 0x5937, 0x5938, 0x593E, 0x5944, 0x5947, 0x5948,
    0x5949, 0x594E, 0x594F, 0x5950, 0x5951, 0x5953, 0x5954, 0x5955, 0x5957, 0x5958, 0x595A, 0x595B,
    0x595D, 0x5960, 0x5962, 0x5963, 0x5965, 0x5967, 0x5968, 0x5969, 0x596A, 0x596C, 0x596E, 0x5973,
    0x5974, 0x5978, 0x597D, 0x5981, 0x5982, 0x5983, 0x5984, 0x598A, 0x598D, 0x5993, 0x5996, 0x5999,
    0x599B, 0x599D, 0x59A3, 0x59A4, 0x59A5, 0x59A8, 0x59AC, 0x59B2, 0x59B9, 0x59BA, 0x59BB, 0x59BE,
    0x59C6, 0x59C9, 0x59CB, 0x59D0, 0x59D1, 0x59D3, 0x59D4, 0x59D9, 0x59DA, 0x59DC, 0x59E5, 0x59E6,
    0x59E8, 0x59EA, 0x59EB, 0x59F6, 0x59FB, 0x59FF, 0x5A01, 0x5A03, 0x5A09, 0x5A11, 0x5A18, 0x5A1A,
    0x5A1C, 0x5A1F, 0x5A20, 0x5A25, 0x5A29, 0x5A2F, 0x5A35, 0x5A36, 0x5A3C, 0x5A40, 0x5A41, 0x5A46,
    0x5A49, 0x5A5A, 0x5A62, 0x5A66, 0x5A6A, 0x5A6C, 0x5A7F, 0x5A92, 0x5A9A, 0x5A9B, 0x5ABC, 0x5ABD,
    0x5ABE, 0x5AC1, 0x5AC2, 0x5AC9, 0x5ACB, 0x5ACC, 0x5AD0, 0x5AD6, 0x5AD7, 0x5AE1, 0x5AE3, 0x5AE6,
    0x5AE9, 0x5AFA, 0x5AFB, 0x5B09, 0x5B0B, 0x5B0C, 0x5B16, 0x5B22, 0x5B2A, 0x5B2C, 0x5B30, 0x5B32,
    0x5B36, 0x5B3E, 0x5B40, 0x5B43, 0x5B45, 0x5B50, 0x5B51, 0x5B54, 0x5B55, 0x5B56, 0x5B57, 0x5B58,
    0x5B5A, 0x5B5B, 0x5B5C, 0x5B5D, 0x5B5F, 0x5B63, 0x5B64, 0x5B65, 0x5B66, 0x5B69, 0x5B6B, 0x5B70,
    0x5B71, 0x5B73, 0x5B75, 0x5B78, 0x5B7A, 0x5B80, 0x5B83, 0x5B85, 0x5B87, 0x5B88, 0x5B89, 0x5B8B,
    0x5B8C, 0x5B8D, 0x5B8F, 0x5B95, 0x5B97, 0x5B98, 0x5B99, 0x5B9A, 0x5B9B, 0x5B9C, 0x5B9D, 0x5B9F,
    0x5BA2, 0x5BA3, 0x5BA4, 0x5BA5, 0x5BA6, 0x5BAE, 0x5BB0, 0x5BB3, 0x5BB4, 0x5BB5, 0x5BB6, 0x5BB8,
    0x5BB9, 0x5BBF, 0x5BC0, 0x5BC2, 0x5BC3, 0x5BC4, 0x5BC5, 0x5BC6, 0x5BC7, 0x5BC9, 0x5BCC, 0x5BD0,
    0x5BD2, 0x5BD3, 0x5BD4, 0x5BD8, 0x5BDB, 0x5BDD, 0x5BDE, 0x5BDF, 0x5BE1, 0x5BE2, 0x5BE4, 0x5BE5,
    0x5BE6, 0x5BE7, 0x5BE8, 0x5BE9, 0x5BEB, 0x5BEC, 0x5BEE, 0x5BF0, 0x5BF3, 0x5BF5, 0x5BF6, 0x5BF8,
    0x5BFA, 0x5BFE, 0x5BFF, 0x5C01, 0x5C02, 0x5C04, 0x5C05, 0x5C06, 0x5C07, 0x5C08, 0x5C09, 0x5C0A,
    0x5C0B, 0x5C0D, 0x5C0E, 0x5C0F, 0x5C11, 0x5C13, 0x5C16, 0x5C1A, 0x5C1E, 0x5C20, 0x5C22, 0x5C24,
    0x5C28, 0x5C2D, 0x5C31, 0x5C38, 0x5C39, 0x5C3A, 0x5C3B, 0x5C3C, 0x5C3D, 0x5C3E, 0x5C3F, 0x5C40,
    0x5C41, 0x5C45, 0x5C46, 0x5C48, 0x5C4A, 0x5C4B, 0x5C4D, 0x5C4E, 0x5C4F, 0x5C50, 0x5C51, 0x5C53,
    0x5C55, 0x5C5E, 0x5C60, 0x5C61, 0x5C64, 0x5C65, 0x5C6C, 0x5C6E, 0x5C6F, 0x5C71, 0x5C76, 0x5C79,
    0x5C8C, 0x5C90, 0x5C91, 0x5C94, 0x5CA1, 0x5CA6, 0x5CA8, 0x5CA9, 0x5CAB, 0x5CAC, 0x5CB1, 0x5CB3,
    0x5CB6, 0x5CB7, 0x5CB8, 0x5CBA, 0x5CBB, 0x5CBC, 0x5CBE, 0x5CC5, 0x5CC7, 0x5CD9, 0x5CE0, 0x5CE1,
    0x5CE8, 0x5CE9, 0x5CEA, 0x5CED, 0x5CEF, 0x5CF0, 0x5CF5, 0x5CF6, 0x5CFA, 0x5CFB, 0x5CFD, 0x5D07,
    0x5D0B, 0x5D0E, 0x5D11, 0x5D14, 0x5D15, 0x5D16, 0x5D17, 0x5D18, 0x5D19, 0x5D1A, 0x5D1B, 0x5D1F,
    0x5D22, 0x5D27, 0x5D29, 0x5D42, 0x5D4B, 0x5D4C, 0x5D4E, 0x5D50, 0x5D52, 0x5D53, 0x5D5C, 0x5D69,
    0x5D6C, 0x5D6D, 0x5D6F, 0x5D73, 0x5D76, 0x5D82, 0x5D84, 0x5D87, 0x5D8B, 0x5D8C, 0x5D90, 0x5D9D,
    0x5DA2, 0x5DAC, 0x5DAE, 0x5DB7, 0x5DB8, 0x5DB9, 0x5DBA, 0x5DBC, 0x5DBD, 0x5DC9, 0x5DCC, 0x5DCD,
    0x5DD0, 0x5DD2, 0x5DD3, 0x5DD6, 0x5DDB, 0x5DDD, 0x5DDE, 0x5DE1, 0x5DE3, 0x5DE5, 0x5DE6, 0x5DE7,
    0x5DE8, 0x5DEB, 0x5DEE, 0x5DF1, 0x5DF2, 0x5DF3, 0x5DF4, 0x5DF5, 0x5DF7, 0x5DFB, 0x5DFD, 0x5DFE,
    0x5E02, 0x5E03, 0x5E06, 0x5E0B, 0x5E0C, 0x5E11, 0x5E16, 0x5E19, 0x5E1A, 0x5E1B, 0x5E1D, 0x5E25,
    0x5E2B, 0x5E2D, 0x5E2F, 0x5E30, 0x5E33, 0x5E36, 0x5E37, 0x5E38, 0x5E3D, 0x5E40, 0x5E43, 0x5E44,
    0x5E45, 0x5E47, 0x5E4C, 0x5E4E, 0x5E54, 0x5E55, 0x5E57, 0x5E5F, 0x5E61, 0x5E62, 0x5E63, 0x5E64,
    0x5E72, 0x5E73, 0x5E74, 0x5E75, 0x5E76, 0x5E78, 0x5E79, 0x5E7A, 0x5E7B, 0x5E7C, 0x5E7D, 0x5E7E,
    0x5E7F, 0x5E81, 0x5E83, 0x5E84, 0x5E87, 0x5E8A, 0x5E8F, 0x5E95, 0x5E96, 0x5E97, 0x5E9A, 0x5E9C,
    0x5EA0, 0x5EA6, 0x5EA7, 0x5EAB, 0x5EAD, 0x5EB5, 0x5EB6, 0x5EB7, 0x5EB8, 0x5EC1, 0x5EC2, 0x5EC3,
    0x5EC8, 0x5EC9, 0x5ECA, 0x5ECF, 0x5ED0, 0x5ED3, 0x5ED6, 0x5EDA, 0x5EDB, 0x5EDD, 0x5EDF, 0x5EE0,
    0x5EE1, 0x5EE2, 0x5EE3, 0x5EE8, 0x5EE9, 0x5EEC, 0x5EF0, 0x5EF1, 0x5EF3, 0x5EF4, 0x5EF6, 0x5EF7,
    0x5EF8, 0x5EFA, 0x5EFB, 0x5EFC, 0x5EFE, 0x5EFF, 0x5F01, 0x5F03, 0x5F04, 0x5F09, 0x5F0A, 0x5F0B,
    0x5F0C, 0x5F0D, 0x5F0F, 0x5F10, 0x5F11, 0x5F13, 0x5F14, 0x5F15, 0x5F16, 0x5F17, 0x5F18, 0x5F1B,
    0x5F1F, 0x5F21, 0x5F25, 0x5F26, 0x5F27, 0x5F29, 0x5F2D, 0x5F2F, 0x5F31, 0x5F34, 0x5F35, 0x5F37,
    0x5F38, 0x5F3C, 0x5F3E, 0x5F41, 0x5F45, 0x5F48, 0x5F4A, 0x5F4C, 0x5F4E, 0x5F51, 0x5F53, 0x5F56,
    0x5F57, 0x5F59, 0x5F5C, 0x5F5D, 0x5F61, 0x5F62, 0x5F66, 0x5F67, 0x5F69, 0x5F6A, 0x5F6B, 0x5F6C,
    0x5F6D, 0x5F70, 0x5F71, 0x5F73, 0x5F77, 0x5F79, 0x5F7C, 0x5F7F, 0x5F80, 0x5F81, 0x5F82, 0x5F83,
    0x5F84, 0x5F85, 0x5F87, 0x5F88, 0x5F8A, 0x5F8B, 0x5F8C, 0x5F90, 0x5F91, 0x5F92, 0x5F93, 0x5F97,
    0x5F98, 0x5F99, 0x5F9E, 0x5FA0, 0x5FA1, 0x5FA8, 0x5FA9, 0x5FAA, 0x5FAD, 0x5FAE, 0x5FB3, 0x5FB4,
    0x5FB7, 0x5FB9, 0x5FBC, 0x5FBD, 0x5FC3, 0x5FC5, 0x5FCC, 0x5FCD, 0x5FD6, 0x5FD7, 0x5FD8, 0x5FD9,
    0x5FDC, 0x5FDD, 0x5FDE, 0x5FE0, 0x5FE4, 0x5FEB, 0x5FF0, 0x5FF1, 0x5FF5, 0x5FF8, 0x5FFB, 0x5FFD,
    0x5FFF, 0x600E, 0x600F, 0x6010, 0x6012, 0x6015, 0x6016, 0x6019, 0x601B, 0x601C, 0x601D, 0x6020,
    0x6021, 0x6025, 0x6026, 0x6027, 0x6028, 0x6029, 0x602A, 0x602B, 0x602F, 0x6031, 0x603A, 0x6041,
    0x6042, 0x6043, 0x6046, 0x604A, 0x604B, 0x604D, 0x6050, 0x6052, 0x6055, 0x6059, 0x605A, 0x605D,
    0x605F, 0x6060, 0x6062, 0x6063, 0x6064, 0x6065, 0x6068, 0x6069, 0x606A, 0x606B, 0x606C, 0x606D,
    0x606F, 0x6070, 0x6075, 0x6077, 0x6081, 0x6083, 0x6084, 0x6085, 0x6089, 0x608A, 0x608B, 0x608C,
    0x608D, 0x6092, 0x6094, 0x6096, 0x6097, 0x609A, 0x609B, 0x609F, 0x60A0, 0x60A3, 0x60A6, 0x60A7,
    0x60A9, 0x60AA, 0x60B2, 0x60B3, 0x60B4, 0x60B5, 0x60B6, 0x60B8, 0x60BC, 0x60BD, 0x60C5, 0x60C6,
    0x60C7, 0x60D1, 0x60D3, 0x60D5, 0x60D8, 0x60DA, 0x60DC, 0x60DE, 0x60DF, 0x60E0, 0x60E1, 0x60E3,
    0x60E7, 0x60E8, 0x60F0, 0x60F1, 0x60F2, 0x60F3, 0x60F4, 0x60F6, 0x60F7, 0x60F9, 0x60FA, 0x60FB,
    0x6100, 0x6101, 0x6103, 0x6106, 0x6108, 0x6109, 0x610D, 0x610E, 0x610F, 0x6111, 0x6115, 0x611A,
    0x611B, 0x611F, 0x6120, 0x6121, 0x6127, 0x6128, 0x612C, 0x6130, 0x6134, 0x6137, 0x613C, 0x613D,
    0x613E, 0x613F, 0x6142, 0x6144, 0x6147, 0x6148, 0x614A, 0x614B, 0x614C, 0x614D, 0x614E, 0x6153,
    0x6155, 0x6158, 0x6159, 0x615A, 0x615D, 0x615F, 0x6162, 0x6163, 0x6165, 0x6167, 0x6168, 0x616B,
    0x616E, 0x616F, 0x6170, 0x6171, 0x6173, 0x6174, 0x6175, 0x6176, 0x6177, 0x617E, 0x6182, 0x6187,
    0x618A, 0x618E, 0x6190, 0x6191, 0x6194, 0x6196, 0x6198, 0x6199, 0x619A, 0x61A4, 0x61A7, 0x61A9,
    0x61AB, 0x61AC, 0x61AE, 0x61B2, 0x61B6, 0x61BA, 0x61BE, 0x61C3, 0x61C6, 0x61C7, 0x61C8, 0x61C9,
    0x61CA, 0x61CB, 0x61CC, 0x61CD, 0x61D0, 0x61E3, 0x61E6, 0x61F2, 0x61F4, 0x61F6, 0x61F7, 0x61F8,
    0x61FA, 0x61FC, 0x61FD, 0x61FE, 0x61FF, 0x6200, 0x6208, 0x6209, 0x620A, 0x620C, 0x620D, 0x620E,
    0x6210, 0x6211, 0x6212, 0x6213, 0x6214, 0x6216, 0x621A, 0x621B, 0x621D, 0x621E, 0x621F, 0x6221,
    0x6226, 0x622A, 0x622E, 0x622F, 0x6230, 0x6232, 0x6233, 0x6234, 0x6238, 0x623B, 0x623F, 0x6240,
    0x6241, 0x6247, 0x6248, 0x6249, 0x624B, 0x624D, 0x624E, 0x6253, 0x6255, 0x6258, 0x625B, 0x625E,
    0x6260, 0x6263, 0x6268, 0x626E, 0x6271, 0x6276, 0x6279, 0x627C, 0x627E, 0x627F, 0x6280, 0x6282,
    0x6283, 0x6284, 0x6289, 0x628A, 0x6291, 0x6292, 0x6293, 0x6294, 0x6295, 0x6296, 0x6297, 0x6298,
    0x629B, 0x629C, 0x629E, 0x62A6, 0x62AB, 0x62AC, 0x62B1, 0x62B5, 0x62B9, 0x62BB, 0x62BC, 0x62BD,
    0x62C2, 0x62C5, 0x62C6, 0x62C7, 0x62C8, 0x62C9, 0x62CA, 0x62CC, 0x62CD, 0x62CF, 0x62D0, 0x62D1,
    0x62D2, 0x62D3, 0x62D4, 0x62D7, 0x62D8, 0x62D9, 0x62DB, 0x62DC, 0x62DD, 0x62E0, 0x62E1, 0x62EC,
    0x62ED, 0x62EE, 0x62EF, 0x62F1, 0x62F3, 0x62F5, 0x62F6, 0x62F7, 0x62FE, 0x62FF, 0x6301, 0x6302,
    0x6307, 0x6308, 0x6309, 0x630C, 0x6311, 0x6319, 0x631F, 0x6327, 0x6328, 0x632B, 0x632F, 0x633A,
    0x633D, 0x633E, 0x633F, 0x6349, 0x634C, 0x634D, 0x634F, 0x6350, 0x6355, 0x6357, 0x635C, 0x6367,
    0x6368, 0x6369, 0x636B, 0x636E, 0x6372, 0x6376, 0x6377, 0x637A, 0x637B, 0x6380, 0x6383, 0x6388,
    0x6389, 0x638C, 0x638E, 0x638F, 0x6392, 0x6396, 0x6398, 0x639B, 0x639F, 0x63A0, 0x63A1, 0x63A2,
    0x63A3, 0x63A5, 0x63A7, 0x63A8, 0x63A9, 0x63AA, 0x63AB, 0x63AC, 0x63B2, 0x63B4, 0x63B5, 0x63BB,
    0x63BE, 0x63C0, 0x63C3, 0x63C4, 0x63C6, 0x63C9, 0x63CF, 0x63D0, 0x63D2, 0x63D6, 0x63DA, 0x63DB,
    0x63E1, 0x63E3, 0x63E9, 0x63EE, 0x63F4, 0x63F5, 0x63F6, 0x63FA, 0x6406, 0x640D, 0x640F, 0x6413,
    0x6416, 0x6417, 0x641C, 0x6426, 0x6428, 0x642C, 0x642D, 0x6434, 0x6436, 0x643A, 0x643E, 0x6442,
    0x644E, 0x6458, 0x6460, 0x6467, 0x6469, 0x646F, 0x6476, 0x6478, 0x647A, 0x6483, 0x6488, 0x6492,
    0x6493, 0x6495, 0x649A, 0x649D, 0x649E, 0x64A4, 0x64A5, 0x64A9, 0x64AB, 0x64AD, 0x64AE, 0x64B0,
    0x64B2, 0x64B9, 0x64BB, 0x64BC, 0x64C1, 0x64C2, 0x64C5, 0x64C7, 0x64CD, 0x64CE, 0x64D2, 0x64D4,
    0x64D8, 0x64DA, 0x64E0, 0x64E1, 0x64E2, 0x64E3, 0x64E6, 0x64E7, 0x64EC, 0x64EF, 0x64F1, 0x64F2,
    0x64F4, 0x64F6, 0x64FA, 0x64FD, 0x64FE, 0x6500, 0x6505, 0x6518, 0x651C, 0x651D, 0x6523, 0x6524,
    0x652A, 0x652B, 0x652C, 0x652F, 0x6534, 0x6535, 0x6536, 0x6537, 0x6538, 0x6539, 0x653B, 0x653E,
    0x653F, 0x6545, 0x6548, 0x654D, 0x654E, 0x654F, 0x6551, 0x6555, 0x6556, 0x6557, 0x6558, 0x6559,
    0x655D, 0x655E, 0x6562, 0x6563, 0x6566, 0x656C, 0x6570, 0x6572, 0x6574, 0x6575, 0x6577, 0x6578,
    0x6582, 0x6583, 0x6587, 0x6588, 0x6589, 0x658C, 0x658E, 0x6590, 0x6591, 0x6597, 0x6599, 0x659B,
    0x659C, 0x659F, 0x65A1, 0x65A4, 0x65A5, 0x65A7, 0x65AB, 0x65AC, 0x65AD, 0x65AF, 0x65B0, 0x65B7,
    0x65B9, 0x65BC, 0x65BD, 0x65C1, 0x65C3, 0x65C4, 0x65C5, 0x65C6, 0x65CB, 0x65CC, 0x65CF, 0x65D2,
    0x65D7, 0x65D9, 0x65DB, 0x65E0, 0x65E1, 0x65E2, 0x65E5, 0x65E6, 0x65E7, 0x65E8, 0x65E9, 0x65EC,
    0x65ED, 0x65F1, 0x65FA, 0x65FB, 0x6600, 0x6602, 0x6603, 0x6606, 0x6607, 0x6609, 0x660A, 0x660C,
    0x660E, 0x660F, 0x6613, 0x6614, 0x6615, 0x661C, 0x661E, 0x661F, 0x6620, 0x6624, 0x6625, 0x6627,
    0x6628, 0x662D, 0x662E, 0x662F, 0x6631, 0x6634, 0x6635, 0x6636, 0x663B, 0x663C, 0x663F, 0x6641,
    0x6642, 0x6643, 0x6644, 0x6649, 0x664B, 0x664F, 0x6652, 0x6657, 0x6659, 0x665D, 0x665E, 0x665F,
    0x6662, 0x6664, 0x6665, 0x6666, 0x6667, 0x6668, 0x6669, 0x666E, 0x666F, 0x6670, 0x6673, 0x6674,
    0x6676, 0x667A, 0x6681, 0x6683, 0x6684, 0x6687, 0x6688, 0x6689, 0x668E, 0x6691, 0x6696, 0x6697,
    0x6698, 0x6699, 0x669D, 0x66A0, 0x66A2, 0x66A6, 0x66AB, 0x66AE, 0x66B2, 0x66B4, 0x66B8, 0x66B9,
    0x66BC, 0x66BE, 0x66BF, 0x66C1, 0x66C4, 0x66C7, 0x66C9, 0x66D6, 0x66D9, 0x66DA, 0x66DC, 0x66DD,
    0x66E0, 0x66E6, 0x66E9, 0x66F0, 0x66F2, 0x66F3, 0x66F4, 0x66F5, 0x66F7, 0x66F8, 0x66F9, 0x66FA,
    0x66FB, 0x66FC, 0x66FD, 0x66FE, 0x66FF, 0x6700, 0x6703, 0x6708, 0x6709, 0x670B, 0x670D, 0x670E,
    0x670F, 0x6714, 0x6715, 0x6716, 0x6717, 0x671B, 0x671D, 0x671E, 0x671F, 0x6726, 0x6727, 0x6728,
    0x672A, 0x672B, 0x672C, 0x672D, 0x672E, 0x6731, 0x6734, 0x6736, 0x6737, 0x6738, 0x673A, 0x673D,
    0x673F, 0x6741, 0x6746, 0x6749, 0x674E, 0x674F, 0x6750, 0x6751, 0x6753, 0x6756, 0x6759, 0x675C,
    0x675E, 0x675F, 0x6760, 0x6761, 0x6762, 0x6763, 0x6764, 0x6765, 0x6766, 0x676A, 0x676D, 0x676F,
    0x6770, 0x6771, 0x6772, 0x6773, 0x6775, 0x6777, 0x677C, 0x677E, 0x677F, 0x6785, 0x6787, 0x6789,
    0x678B, 0x678C, 0x6790, 0x6795, 0x6797, 0x679A, 0x679C, 0x679D, 0x67A0, 0x67A1, 0x67A2, 0x67A6,
    0x67A9, 0x67AF, 0x67B3, 0x67B4, 0x67B6, 0x67B7, 0x67B8, 0x67B9, 0x67BB, 0x67C0, 0x67C1, 0x67C4,
    0x67C6, 0x67CA, 0x67CE, 0x67CF, 0x67D0, 0x67D1, 0x67D3, 0x67D4, 0x67D8, 0x67DA, 0x67DD, 0x67DE,
    0x67E2, 0x67E4, 0x67E7, 0x67E9, 0x67EC, 0x67EE, 0x67EF, 0x67F1, 0x67F3, 0x67F4, 0x67F5, 0x67FB,
    0x67FE, 0x67FF, 0x6801, 0x6802, 0x6803, 0x6804, 0x6813, 0x6816, 0x6817, 0x681E, 0x6821, 0x6822,
    0x6829, 0x682A, 0x682B, 0x6832, 0x6834, 0x6838, 0x6839, 0x683C, 0x683D, 0x6840, 0x6841, 0x6842,
    0x6843, 0x6844, 0x6846, 0x6848, 0x684D, 0x684E, 0x6850, 0x6851, 0x6852, 0x6853, 0x6854, 0x6859,
    0x685C, 0x685D, 0x685F, 0x6863, 0x6867, 0x6874, 0x6876, 0x6877, 0x687E, 0x687F, 0x6881, 0x6883,
    0x6885, 0x688D, 0x688F, 0x6893, 0x6894, 0x6897, 0x689B, 0x689D, 0x689F, 0x68A0, 0x68A2, 0x68A6,
    0x68A7, 0x68A8, 0x68AD, 0x68AF, 0x68B0, 0x68B1, 0x68B3, 0x68B5, 0x68B6, 0x68B9, 0x68BA, 0x68BC,
    0x68C4, 0x68C6, 0x68C8, 0x68C9, 0x68CA, 0x68CB, 0x68CD, 0x68CF, 0x68D2, 0x68D4, 0x68D5, 0x68D7,
    0x68D8, 0x68DA, 0x68DF, 0x68E0, 0x68E1, 0x68E3, 0x68E7, 0x68EE, 0x68EF, 0x68F2, 0x68F9, 0x68FA,
    0x6900, 0x6901, 0x6904, 0x6905, 0x6908, 0x690B, 0x690C, 0x690D, 0x690E, 0x690F, 0x6912, 0x6919,
    0x691A, 0x691B, 0x691C, 0x6921, 0x6922, 0x6923, 0x6925, 0x6926, 0x6928, 0x692A, 0x6930, 0x6934,
    0x6936, 0x6939, 0x693D, 0x693F, 0x694A, 0x6953, 0x6954, 0x6955, 0x6959, 0x695A, 0x695C, 0x695D,
    0x695E, 0x6960, 0x6961, 0x6962, 0x6968, 0x696A, 0x696B, 0x696D, 0x696E, 0x696F, 0x6973, 0x6974,
    0x6975, 0x6977, 0x6978, 0x6979, 0x697C, 0x697D, 0x697E, 0x6981, 0x6982, 0x698A, 0x698E, 0x6991,
    0x6994, 0x6995, 0x6998, 0x699B, 0x699C, 0x69A0, 0x69A7, 0x69AE, 0x69B1, 0x69B2, 0x69B4, 0x69BB,
    0x69BE, 0x69BF, 0x69C1, 0x69C3, 0x69C7, 0x69CA, 0x69CB, 0x69CC, 0x69CD, 0x69CE, 0x69D0, 0x69D3,
    0x69D8, 0x69D9, 0x69DD, 0x69DE, 0x69E2, 0x69E7, 0x69E8, 0x69EB, 0x69ED, 0x69F2, 0x69F9, 0x69FB,
    0x69FD, 0x69FF, 0x6A02, 0x6A05, 0x6A0A, 0x6A0B, 0x6A0C, 0x6A12, 0x6A13, 0x6A14, 0x6A17, 0x6A19,
    0x6A1B, 0x6A1E, 0x6A1F, 0x6A21, 0x6A22, 0x6A23, 0x6A29, 0x6A2A, 0x6A2B, 0x6A2E, 0x6A30, 0x6A35,
    0x6A36, 0x6A38, 0x6A39, 0x6A3A, 0x6A3D, 0x6A44, 0x6A46, 0x6A47, 0x6A48, 0x6A4B, 0x6A58, 0x6A59,
    0x6A5F, 0x6A61, 0x6A62, 0x6A66, 0x6A6B, 0x6A72, 0x6A73, 0x6A78, 0x6A7E, 0x6A7F, 0x6A80, 0x6A84,
    0x6A8D, 0x6A8E, 0x6A90, 0x6A97, 0x6A9C, 0x6AA0, 0x6AA2, 0x6AA3, 0x6AAA, 0x6AAC, 0x6AAE, 0x6AB3,
    0x6AB8, 0x6ABB, 0x6AC1, 0x6AC2, 0x6AC3, 0x6AD1, 0x6AD3, 0x6ADA, 0x6ADB, 0x6ADE, 0x6ADF, 0x6AE2,
    0x6AE4, 0x6AE8, 0x6AEA, 0x6AFA, 0x6AFB, 0x6B04, 0x6B05, 0x6B0A, 0x6B12, 0x6B16, 0x6B1D, 0x6B1F,
    0x6B20, 0x6B21, 0x6B23, 0x6B27, 0x6B32, 0x6B37, 0x6B38, 0x6B39, 0x6B3A, 0x6B3D, 0x6B3E, 0x6B43,
    0x6B47, 0x6B49, 0x6B4C, 0x6B4E, 0x6B50, 0x6B53, 0x6B54, 0x6B59, 0x6B5B, 0x6B5F, 0x6B61, 0x6B62,
    0x6B63, 0x6B64, 0x6B66, 0x6B69, 0x6B6A, 0x6B6F, 0x6B73, 0x6B74, 0x6B78, 0x6B79, 0x6B7B, 0x6B7F,
    0x6B80, 0x6B83, 0x6B84, 0x6B86, 0x6B89, 0x6B8A, 0x6B8B, 0x6B8D, 0x6B95, 0x6B96, 0x6B98, 0x6B9E,
    0x6BA4, 0x6BAA, 0x6BAB, 0x6BAF, 0x6BB1, 0x6BB2, 0x6BB3, 0x6BB4, 0x6BB5, 0x6BB7, 0x6BBA, 0x6BBB,
    0x6BBC, 0x6BBF, 0x6BC0, 0x6BC5, 0x6BC6, 0x6BCB, 0x6BCD, 0x6BCE, 0x6BD2, 0x6BD3, 0x6BD4, 0x6BD6,
    0x6BD8, 0x6BDB, 0x6BDF, 0x6BEB, 0x6BEC, 0x6BEF, 0x6BF3, 0x6C08, 0x6C0F, 0x6C11, 0x6C13, 0x6C14,
    0x6C17, 0x6C1B, 0x6C23, 0x6C24, 0x6C34, 0x6C37, 0x6C38, 0x6C3E, 0x6C3F, 0x6C40, 0x6C41, 0x6C42,
    0x6C4E, 0x6C50, 0x6C55, 0x6C57, 0x6C5A, 0x6C5C, 0x6C5D, 0x6C5E, 0x6C5F, 0x6C60, 0x6C62, 0x6C68,
    0x6C6A, 0x6C6F, 0x6C70, 0x6C72, 0x6C73, 0x6C7A, 0x6C7D, 0x6C7E, 0x6C81, 0x6C82, 0x6C83, 0x6C86,
    0x6C88, 0x6C8C, 0x6C8D, 0x6C90, 0x6C92, 0x6C93, 0x6C96, 0x6C99, 0x6C9A, 0x6C9B, 0x6CA1, 0x6CA2,
    0x6CAB, 0x6CAE, 0x6CB1, 0x6CB3, 0x6CB8, 0x6CB9, 0x6CBA, 0x6CBB, 0x6CBC, 0x6CBD, 0x6CBE, 0x6CBF,
    0x6CC1, 0x6CC4, 0x6CC5, 0x6CC9, 0x6CCA, 0x6CCC, 0x6CD3, 0x6CD5, 0x6CD7, 0x6CD9, 0x6CDA, 0x6CDB,
    0x6CDD, 0x6CE1, 0x6CE2, 0x6CE3, 0x6CE5, 0x6CE8, 0x6CEA, 0x6CEF, 0x6CF0, 0x6CF1, 0x6CF3, 0x6D04,
    0x6D0B, 0x6D0C, 0x6D12, 0x6D17, 0x6D19, 0x6D1B, 0x6D1E, 0x6D1F, 0x6D25, 0x6D29, 0x6D2A, 0x6D2B,
    0x6D32, 0x6D33, 0x6D35, 0x6D36, 0x6D38, 0x6D3B, 0x6D3D, 0x6D3E, 0x6D41, 0x6D44, 0x6D45, 0x6D59,
    0x6D5A, 0x6D5C, 0x6D63, 0x6D64, 0x6D66, 0x6D69, 0x6D6A, 0x6D6C, 0x6D6E, 0x6D6F, 0x6D74, 0x6D77,
    0x6D78, 0x6D79, 0x6D85, 0x6D87, 0x6D88, 0x6D8C, 0x6D8E, 0x6D93, 0x6D95, 0x6D96, 0x6D99, 0x6D9B,
    0x6D9C, 0x6DAC, 0x6DAF, 0x6DB2, 0x6DB5, 0x6DB8, 0x6DBC, 0x6DC0, 0x6DC5, 0x6DC6, 0x6DC7, 0x6DCB,
    0x6DCC, 0x6DCF, 0x6DD1, 0x6DD2, 0x6DD5, 0x6DD8, 0x6DD9, 0x6DDE, 0x6DE1, 0x6DE4, 0x6DE6, 0x6DE8,
    0x6DEA, 0x6DEB, 0x6DEC, 0x6DEE, 0x6DF1, 0x6DF2, 0x6DF3, 0x6DF5, 0x6DF7, 0x6DF8, 0x6DF9, 0x6DFA,
    0x6DFB, 0x6DFC, 0x6E05, 0x6E07, 0x6E08, 0x6E09, 0x6E0A, 0x6E0B, 0x6E13, 0x6E15, 0x6E19, 0x6E1A,
    0x6E1B, 0x6E1D, 0x6E1F, 0x6E20, 0x6E21, 0x6E23, 0x6E24, 0x6E25, 0x6E26, 0x6E27, 0x6E29, 0x6E2B,
    0x6E2C, 0x6E2D, 0x6E2E, 0x6E2F, 0x6E38, 0x6E39, 0x6E3A, 0x6E3C, 0x6E3E, 0x6E43, 0x6E4A, 0x6E4D,
    0x6E4E, 0x6E56, 0x6E58, 0x6E5B, 0x6E5C, 0x6E5F, 0x6E67, 0x6E6B, 0x6E6E, 0x6E6F, 0x6E72, 0x6E76,
    0x6E7E, 0x6E7F, 0x6E80, 0x6E82, 0x6E8C, 0x6E8F, 0x6E90, 0x6E96, 0x6E98, 0x6E9C, 0x6E9D, 0x6E9F,
    0x6EA2, 0x6EA5, 0x6EAA, 0x6EAF, 0x6EB2, 0x6EB6, 0x6EB7, 0x6EBA, 0x6EBD, 0x6EBF, 0x6EC2, 0x6EC4,
    0x6EC5, 0x6EC9, 0x6ECB, 0x6ECC, 0x6ED1, 0x6ED3, 0x6ED4, 0x6ED5, 0x6EDD, 0x6EDE, 0x6EEC, 0x6EEF,
    0x6EF2, 0x6EF4, 0x6EF7, 0x6EF8, 0x6EFE, 0x6EFF, 0x6F01, 0x6F02, 0x6F06, 0x6F09, 0x6F0F, 0x6F11,
    0x6F13, 0x6F14, 0x6F15, 0x6F20, 0x6F22, 0x6F23, 0x6F2B, 0x6F2C, 0x6F31, 0x6F32, 0x6F38, 0x6F3E,
    0x6F3F, 0x6F41, 0x6F45, 0x6F54, 0x6F58, 0x6F5B, 0x6F5C, 0x6F5F, 0x6F64, 0x6F66, 0x6F6D, 0x6F6E,
    0x6F6F, 0x6F70, 0x6F74, 0x6F78, 0x6F7A, 0x6F7C, 0x6F80, 0x6F81, 0x6F82, 0x6F84, 0x6F86, 0x6F88,
    0x6F8E, 0x6F91, 0x6F97, 0x6FA1, 0x6FA3, 0x6FA4, 0x6FAA, 0x6FB1, 0x6FB3, 0x6FB5, 0x6FB9, 0x6FC0,
    0x6FC1, 0x6FC2, 0x6FC3, 0x6FC6, 0x6FD4, 0x6FD5, 0x6FD8, 0x6FDB, 0x6FDF, 0x6FE0, 0x6FE1, 0x6FE4,
    0x6FEB, 0x6FEC, 0x6FEE, 0x6FEF, 0x6FF1, 0x6FF3, 0x6FF5, 0x6FF6, 0x6FFA, 0x6FFE, 0x7001, 0x7005,
    0x7007, 0x7009, 0x700B, 0x700F, 0x7011, 0x7015, 0x7018, 0x701A, 0x701B, 0x701D, 0x701E, 0x701F,
    0x7026, 0x7027, 0x7028, 0x702C, 0x7030, 0x7032, 0x703E, 0x704C, 0x7051, 0x7058, 0x7063, 0x706B,
    0x706F, 0x7070, 0x7078, 0x707C, 0x707D, 0x7085, 0x7089, 0x708A, 0x708E, 0x7092, 0x7099, 0x70AB,
    0x70AC, 0x70AD, 0x70AE, 0x70AF, 0x70B3, 0x70B8, 0x70B9, 0x70BA, 0x70BB, 0x70C8, 0x70CB, 0x70CF,
    0x70D9, 0x70DD, 0x70DF, 0x70F1, 0x70F9, 0x70FD, 0x7104, 0x7109, 0x710F, 0x7114, 0x7119, 0x711A,
    0x711C, 0x7121, 0x7126, 0x7136, 0x713C, 0x7146, 0x7147, 0x7149, 0x714C, 0x714E, 0x7155, 0x7156,
    0x7159, 0x715C, 0x7162, 0x7164, 0x7165, 0x7166, 0x7167, 0x7169, 0x716C, 0x716E, 0x717D, 0x7184,
    0x7188, 0x718A, 0x718F, 0x7194, 0x7195, 0x7199, 0x719F, 0x71A8, 0x71AC, 0x71B1, 0x71B9, 0x71BE,
    0x71C1, 0x71C3, 0x71C8, 0x71C9, 0x71CE, 0x71D0, 0x71D2, 0x71D4, 0x71D5, 0x71D7, 0x71DF, 0x71E0,
    0x71E5, 0x71E6, 0x71E7, 0x71EC, 0x71ED, 0x71EE, 0x71F5, 0x71F9, 0x71FB, 0x71FC, 0x71FE, 0x71FF,
    0x7206, 0x720D, 0x7210, 0x721B, 0x7228, 0x722A, 0x722C, 0x722D, 0x7230, 0x7232, 0x7235, 0x7236,
    0x723A, 0x723B, 0x723C, 0x723D, 0x723E, 0x723F, 0x7240, 0x7246, 0x7247, 0x7248, 0x724B, 0x724C,
    0x7252, 0x7258, 0x7259, 0x725B, 0x725D, 0x725F, 0x7261, 0x7262, 0x7267, 0x7269, 0x7272, 0x7274,
    0x7279, 0x727D, 0x727E, 0x7280, 0x7281, 0x7282, 0x7287, 0x7292, 0x7296, 0x72A0, 0x72A2, 0x72A7,
    0x72AC, 0x72AF, 0x72B1, 0x72B2, 0x72B6, 0x72B9, 0x72BE, 0x72C2, 0x72C3, 0x72C4, 0x72C6, 0x72CE,
    0x72D0, 0x72D2, 0x72D7, 0x72D9, 0x72DB, 0x72E0, 0x72E1, 0x72E2, 0x72E9, 0x72EC, 0x72ED, 0x72F7,
    0x72F8, 0x72F9, 0x72FC, 0x72FD, 0x730A, 0x7316, 0x7317, 0x731B, 0x731C, 0x731D, 0x731F, 0x7324,
    0x7325, 0x7329, 0x732A, 0x732B, 0x732E, 0x732F, 0x7334, 0x7336, 0x7337, 0x733E, 0x733F, 0x7344,
    0x7345, 0x734E, 0x734F, 0x7357, 0x7363, 0x7368, 0x736A, 0x7370, 0x7372, 0x7375, 0x7377, 0x7378,
    0x737A, 0x737B, 0x7384, 0x7387, 0x7389, 0x738B, 0x7396, 0x73A9, 0x73B2, 0x73B3, 0x73BB, 0x73BD,
    0x73C0, 0x73C2, 0x73C8, 0x73C9, 0x73CA, 0x73CD, 0x73CE, 0x73D2, 0x73D6, 0x73DE, 0x73E0, 0x73E3,
    0x73E5, 0x73EA, 0x73ED, 0x73EE, 0x73F1, 0x73F5, 0x73F8, 0x73FE, 0x7403, 0x7405, 0x7406, 0x7407,
    0x7409, 0x7422, 0x7425, 0x7426, 0x7429, 0x742A, 0x742E, 0x7432, 0x7433, 0x7434, 0x7435, 0x7436,
    0x743A, 0x743F, 0x7441, 0x7455, 0x7459, 0x745A, 0x745B, 0x745C, 0x745E, 0x745F, 0x7460, 0x7462,
    0x7463, 0x7464, 0x7469, 0x746A, 0x746F, 0x7470, 0x7473, 0x7476, 0x747E, 0x7483, 0x7489, 0x748B,
    0x749E, 0x749F, 0x74A2, 0x74A7, 0x74B0, 0x74BD, 0x74CA, 0x74CF, 0x74D4, 0x74DC, 0x74E0, 0x74E2,
    0x74E3, 0x74E6, 0x74E7, 0x74E9, 0x74EE, 0x74F0, 0x74F1, 0x74F2, 0x74F6, 0x74F7, 0x74F8, 0x7501,
    0x7503, 0x7504, 0x7505, 0x750C, 0x750D, 0x750E, 0x7511, 0x7513, 0x7515, 0x7518, 0x751A, 0x751C,
    0x751E, 0x751F, 0x7523, 0x7525, 0x7526, 0x7528, 0x752B, 0x752C, 0x752F, 0x7530, 0x7531, 0x7532,
    0x7533, 0x7537, 0x7538, 0x753A, 0x753B, 0x753C, 0x7544, 0x7546, 0x7549, 0x754A, 0x754B, 0x754C,
    0x754D, 0x754F, 0x7551, 0x7554, 0x7559, 0x755A, 0x755B, 0x755C, 0x755D, 0x7560, 0x7562, 0x7564,
    0x7565, 0x7566, 0x7567, 0x7569, 0x756A, 0x756B, 0x756D, 0x756F, 0x7570, 0x7573, 0x7574, 0x7576,
    0x7577, 0x7578, 0x757F, 0x7582, 0x7586, 0x7587, 0x7589, 0x758A, 0x758B, 0x758E, 0x758F, 0x7591,
    0x7594, 0x759A, 0x759D, 0x75A3, 0x75A5, 0x75AB, 0x75B1, 0x75B2, 0x75B3, 0x75B5, 0x75B8, 0x75B9,
    0x75BC, 0x75BD, 0x75BE, 0x75C2, 0x75C3, 0x75C5, 0x75C7, 0x75CA, 0x75CD, 0x75D2, 0x75D4, 0x75D5,
    0x75D8, 0x75D9, 0x75DB, 0x75DE, 0x75E2, 0x75E3, 0x75E9, 0x75F0, 0x75F2, 0x75F3, 0x75F4, 0x75FA,
    0x75FC, 0x75FE, 0x75FF, 0x7601, 0x7609, 0x760B, 0x760D, 0x761F, 0x7620, 0x7621, 0x7622, 0x7624,
    0x7627, 0x7630, 0x7634, 0x763B, 0x7642, 0x7646, 0x7647, 0x7648, 0x764C, 0x7652, 0x7656, 0x7658,
    0x765C, 0x7661, 0x7662, 0x7667, 0x7668, 0x7669, 0x766A, 0x766C, 0x7670, 0x7672, 0x7676, 0x7678,
    0x767A, 0x767B, 0x767C, 0x767D, 0x767E, 0x7680, 0x7682, 0x7683, 0x7684, 0x7686, 0x7687, 0x7688,
    0x768B, 0x768E, 0x7690, 0x7693, 0x7696, 0x7699, 0x769A, 0x769B, 0x769C, 0x769E, 0x76A6, 0x76AE,
    0x76B0, 0x76B4, 0x76B7, 0x76B8, 0x76B9, 0x76BA, 0x76BF, 0x76C2, 0x76C3, 0x76C6, 0x76C8, 0x76CA,
    0x76CD, 0x76D2, 0x76D6, 0x76D7, 0x76DB, 0x76DC, 0x76DE, 0x76DF, 0x76E1, 0x76E3, 0x76E4, 0x76E5,
    0x76E7, 0x76EA, 0x76EE, 0x76F2, 0x76F4, 0x76F8, 0x76FB, 0x76FE, 0x7701, 0x7704, 0x7707, 0x7708,
    0x7709, 0x770B, 0x770C, 0x771B, 0x771E, 0x771F, 0x7720, 0x7724, 0x7725, 0x7726, 0x7729, 0x7737,
    0x7738, 0x773A, 0x773C, 0x7740, 0x7746, 0x7747, 0x775A, 0x775B, 0x7761, 0x7763, 0x7765, 0x7766,
    0x7768, 0x776B, 0x7779, 0x777E, 0x777F, 0x778B, 0x778E, 0x7791, 0x779E, 0x77A0, 0x77A5, 0x77AC,
    0x77AD, 0x77B0, 0x77B3, 0x77B6, 0x77B9, 0x77BB, 0x77BC, 0x77BD, 0x77BF, 0x77C7, 0x77CD, 0x77D7,
    0x77DA, 0x77DB, 0x77DC, 0x77E2, 0x77E3, 0x77E5, 0x77E7, 0x77E9, 0x77ED, 0x77EE, 0x77EF, 0x77F3,
    0x77FC, 0x7802, 0x780C, 0x7812, 0x7814, 0x7815, 0x7820, 0x7821, 0x7825, 0x7826, 0x7827, 0x7832,
    0x7834, 0x783A, 0x783F, 0x7845, 0x784E, 0x785D, 0x7864, 0x786B, 0x786C, 0x786F, 0x7872, 0x7874,
    0x787A, 0x787C, 0x7881, 0x7886, 0x7887, 0x788C, 0x788D, 0x788E, 0x7891, 0x7893, 0x7895, 0x7897,
    0x789A, 0x78A3, 0x78A7, 0x78A9, 0x78AA, 0x78AF, 0x78B5, 0x78BA, 0x78BC, 0x78BE, 0x78C1, 0x78C5,
    0x78C6, 0x78CA, 0x78CB, 0x78D0, 0x78D1, 0x78D4, 0x78DA, 0x78E7, 0x78E8, 0x78EC, 0x78EF, 0x78F4,
    0x78FD, 0x7901, 0x7907, 0x790E, 0x7911, 0x7912, 0x7919, 0x7926, 0x792A, 0x792B, 0x792C, 0x7930,
    0x793A, 0x793C, 0x793E, 0x7940, 0x7941, 0x7947, 0x7948, 0x7949, 0x7950, 0x7953, 0x7955, 0x7956,
    0x7957, 0x795A, 0x795D, 0x795E, 0x795F, 0x7960, 0x7962, 0x7965, 0x7968, 0x796D, 0x7977, 0x797A,
    0x797F, 0x7980, 0x7981, 0x7984, 0x7985, 0x798A, 0x798D, 0x798E, 0x798F, 0x7994, 0x799B, 0x799D,
    0x79A6, 0x79A7, 0x79AA, 0x79AE, 0x79B0, 0x79B3, 0x79B9, 0x79BA, 0x79BD, 0x79BE, 0x79BF, 0x79C0,
    0x79C1, 0x79C9, 0x79CB, 0x79D1, 0x79D2, 0x79D5, 0x79D8, 0x79DF, 0x79E1, 0x79E3, 0x79E4, 0x79E6,
    0x79E7, 0x79E9, 0x79EC, 0x79F0, 0x79FB, 0x7A00, 0x7A08, 0x7A0B, 0x7A0D, 0x7A0E, 0x7A14, 0x7A17,
    0x7A18, 0x7A19, 0x7A1A, 0x7A1C, 0x7A1F, 0x7A20, 0x7A2E, 0x7A31, 0x7A32, 0x7A37, 0x7A3B, 0x7A3C,
    0x7A3D, 0x7A3E, 0x7A3F, 0x7A40, 0x7A42, 0x7A43, 0x7A46, 0x7A49, 0x7A4D, 0x7A4E, 0x7A4F, 0x7A50,
    0x7A57, 0x7A61, 0x7A62, 0x7A63, 0x7A69, 0x7A6B, 0x7A70, 0x7A74, 0x7A76, 0x7A79, 0x7A7A, 0x7A7D,
    0x7A7F, 0x7A81, 0x7A83, 0x7A84, 0x7A88, 0x7A92, 0x7A93, 0x7A95, 0x7A96, 0x7A97, 0x7A98, 0x7A9F,
    0x7AA9, 0x7AAA, 0x7AAE, 0x7AAF, 0x7AB0, 0x7AB6, 0x7ABA, 0x7ABF, 0x7AC3, 0x7AC4, 0x7AC5, 0x7AC7,
    0x7AC8, 0x7ACA, 0x7ACB, 0x7ACD, 0x7ACF, 0x7AD1, 0x7AD2, 0x7AD3, 0x7AD5, 0x7AD9, 0x7ADA, 0x7ADC,
    0x7ADD, 0x7ADF, 0x7AE0, 0x7AE1, 0x7AE2, 0x7AE3, 0x7AE5, 0x7AE6, 0x7AE7, 0x7AEA, 0x7AEB, 0x7AED,
    0x7AEF, 0x7AF0, 0x7AF6, 0x7AF8, 0x7AF9, 0x7AFA, 0x7AFF, 0x7B02, 0x7B04, 0x7B06, 0x7B08, 0x7B0A,
    0x7B0B, 0x7B0F, 0x7B11, 0x7B18, 0x7B19, 0x7B1B, 0x7B1E, 0x7B20, 0x7B25, 0x7B26, 0x7B28, 0x7B2C,
    0x7B33, 0x7B35, 0x7B36, 0x7B39, 0x7B45, 0x7B46, 0x7B48, 0x7B49, 0x7B4B, 0x7B4C, 0x7B4D, 0x7B4F,
    0x7B50, 0x7B51, 0x7B52, 0x7B54, 0x7B56, 0x7B5D, 0x7B65, 0x7B67, 0x7B6C, 0x7B6E, 0x7B70, 0x7B71,
    0x7B74, 0x7B75, 0x7B7A, 0x7B86, 0x7B87, 0x7B8B, 0x7B8D, 0x7B8F, 0x7B92, 0x7B94, 0x7B95, 0x7B97,
    0x7B98, 0x7B99, 0x7B9A, 0x7B9C, 0x7B9D, 0x7B9E, 0x7B9F, 0x7BA1, 0x7BAA, 0x7BAD, 0x7BB1, 0x7BB4,
    0x7BB8, 0x7BC0, 0x7BC1, 0x7BC4, 0x7BC6, 0x7BC7, 0x7BC9, 0x7BCB, 0x7BCC, 0x7BCF, 0x7BDD, 0x7BE0,
    0x7BE4, 0x7BE5, 0x7BE6, 0x7BE9, 0x7BED, 0x7BF3, 0x7BF6, 0x7BF7, 0x7C00, 0x7C07, 0x7C0D, 0x7C11,
    0x7C12, 0x7C13, 0x7C14, 0x7C17, 0x7C1F, 0x7C21, 0x7C23, 0x7C27, 0x7C2A, 0x7C2B, 0x7C37, 0x7C38,
    0x7C3D, 0x7C3E, 0x7C3F, 0x7C40, 0x7C43, 0x7C4C, 0x7C4D, 0x7C4F, 0x7C50, 0x7C54, 0x7C56, 0x7C58,
    0x7C5F, 0x7C60, 0x7C64, 0x7C65, 0x7C6C, 0x7C73, 0x7C75, 0x7C7E, 0x7C81, 0x7C82, 0x7C83, 0x7C89,
    0x7C8B, 0x7C8D, 0x7C90, 0x7C92, 0x7C95, 0x7C97, 0x7C98, 0x7C9B, 0x7C9F, 0x7CA1, 0x7CA2, 0x7CA4,
    0x7CA5, 0x7CA7, 0x7CA8, 0x7CAB, 0x7CAD, 0x7CAE, 0x7CB1, 0x7CB2, 0x7CB3, 0x7CB9, 0x7CBD, 0x7CBE,
    0x7CC0, 0x7CC2, 0x7CC5, 0x7CCA, 0x7CCE, 0x7CD2, 0x7CD6, 0x7CD8, 0x7CDC, 0x7CDE, 0x7CDF, 0x7CE0,
    0x7CE2, 0x7CE7, 0x7CEF, 0x7CF2, 0x7CF4, 0x7CF6, 0x7CF8, 0x7CFA, 0x7CFB, 0x7CFE, 0x7D00, 0x7D02,
    0x7D04, 0x7D05, 0x7D06, 0x7D0A, 0x7D0B, 0x7D0D, 0x7D10, 0x7D14, 0x7D15, 0x7D17, 0x7D18, 0x7D19,
    0x7D1A, 0x7D1B, 0x7D1C, 0x7D20, 0x7D21, 0x7D22, 0x7D2B, 0x7D2C, 0x7D2E, 0x7D2F, 0x7D30, 0x7D32,
    0x7D33, 0x7D35, 0x7D39, 0x7D3A, 0x7D3F, 0x7D42, 0x7D43, 0x7D44, 0x7D45, 0x7D46, 0x7D48, 0x7D4B,
    0x7D4C, 0x7D4E, 0x7D4F, 0x7D50, 0x7D56, 0x7D5B, 0x7D5C, 0x7D5E, 0x7D61, 0x7D62, 0x7D63, 0x7D66,
    0x7D68, 0x7D6E, 0x7D71, 0x7D72, 0x7D73, 0x7D75, 0x7D76, 0x7D79, 0x7D7D, 0x7D89, 0x7D8F, 0x7D93,
    0x7D99, 0x7D9A, 0x7D9B, 0x7D9C, 0x7D9F, 0x7DA0, 0x7DA2, 0x7DA3, 0x7DAB, 0x7DAC, 0x7DAD, 0x7DAE,
    0x7DAF, 0x7DB0, 0x7DB1, 0x7DB2, 0x7DB4, 0x7DB5, 0x7DB7, 0x7DB8, 0x7DBA, 0x7DBB, 0x7DBD, 0x7DBE,
    0x7DBF, 0x7DC7, 0x7DCA, 0x7DCB, 0x7DCF, 0x7DD1, 0x7DD2, 0x7DD5, 0x7DD6, 0x7DD8, 0x7DDA, 0x7DDC,
    0x7DDD, 0x7DDE, 0x7DE0, 0x7DE1, 0x7DE4, 0x7DE8, 0x7DE9, 0x7DEC, 0x7DEF, 0x7DF2, 0x7DF4, 0x7DFB,
    0x7E01, 0x7E04, 0x7E05, 0x7E09, 0x7E0A, 0x7E0B, 0x7E12, 0x7E1B, 0x7E1E, 0x7E1F, 0x7E21, 0x7E22,
    0x7E23, 0x7E26, 0x7E2B, 0x7E2E, 0x7E31, 0x7E32, 0x7E35, 0x7E37, 0x7E39, 0x7E3A, 0x7E3B, 0x7E3D,
    0x7E3E, 0x7E41, 0x7E43, 0x7E46, 0x7E4A, 0x7E4B, 0x7E4D, 0x7E52, 0x7E54, 0x7E55, 0x7E56, 0x7E59,
    0x7E5A, 0x7E5D, 0x7E5E, 0x7E66, 0x7E67, 0x7E69, 0x7E6A, 0x7E6D, 0x7E70, 0x7E79, 0x7E7B, 0x7E7C,
    0x7E7D, 0x7E7F, 0x7E82, 0x7E83, 0x7E88, 0x7E89, 0x7E8A, 0x7E8C, 0x7E8E, 0x7E8F, 0x7E90, 0x7E92,
    0x7E93, 0x7E94, 0x7E96, 0x7E9B, 0x7E9C, 0x7F36, 0x7F38, 0x7F3A, 0x7F45, 0x7F47, 0x7F4C, 0x7F4D,
    0x7F4E, 0x7F50, 0x7F51, 0x7F54, 0x7F55, 0x7F58, 0x7F5F, 0x7F60, 0x7F67, 0x7F68, 0x7F69, 0x7F6A,
    0x7F6B, 0x7F6E, 0x7F70, 0x7F72, 0x7F75, 0x7F77, 0x7F78, 0x7F79, 0x7F82, 0x7F83, 0x7F85, 0x7F86,
    0x7F87, 0x7F88, 0x7F8A, 0x7F8C, 0x7F8E, 0x7F94, 0x7F9A, 0x7F9D, 0x7F9E, 0x7FA1, 0x7FA3, 0x7FA4,
    0x7FA8, 0x7FA9, 0x7FAE, 0x7FAF, 0x7FB2, 0x7FB6, 0x7FB8, 0x7FB9, 0x7FBD, 0x7FC1, 0x7FC5, 0x7FC6,
    0x7FCA, 0x7FCC, 0x7FD2, 0x7FD4, 0x7FD5, 0x7FE0, 0x7FE1, 0x7FE6, 0x7FE9, 0x7FEB, 0x7FF0, 0x7FF3,
    0x7FF9, 0x7FFB, 0x7FFC, 0x8000, 0x8001, 0x8003, 0x8004, 0x8005, 0x8006, 0x800B, 0x800C, 0x8010,
    0x8012, 0x8015, 0x8017, 0x8018, 0x8019, 0x801C, 0x8021, 0x8028, 0x8033, 0x8036, 0x803B, 0x803D,
    0x803F, 0x8046, 0x804A, 0x8052, 0x8056, 0x8058, 0x805A, 0x805E, 0x805F, 0x8061, 0x8062, 0x8068,
    0x806F, 0x8070, 0x8072, 0x8073, 0x8074, 0x8076, 0x8077, 0x8079, 0x807D, 0x807E, 0x807F, 0x8084,
    0x8085, 0x8086, 0x8087, 0x8089, 0x808B, 0x808C, 0x8093, 0x8096, 0x8098, 0x809A, 0x809B, 0x809D,
    0x80A1, 0x80A2, 0x80A5, 0x80A9, 0x80AA, 0x80AC, 0x80AD, 0x80AF, 0x80B1, 0x80B2, 0x80B4, 0x80BA,
    0x80C3, 0x80C4, 0x80C6, 0x80CC, 0x80CE, 0x80D6, 0x80D9, 0x80DA, 0x80DB, 0x80DD, 0x80DE, 0x80E1,
    0x80E4, 0x80E5, 0x80EF, 0x80F1, 0x80F4, 0x80F8, 0x80FC, 0x80FD, 0x8102, 0x8105, 0x8106, 0x8107,
    0x8108, 0x8109, 0x810A, 0x811A, 0x811B, 0x8123, 0x8129, 0x812F, 0x8131, 0x8133, 0x8139, 0x813E,
    0x8146, 0x814B, 0x814E, 0x8150, 0x8151, 0x8153, 0x8154, 0x8155, 0x815F, 0x8165, 0x8166, 0x816B,
    0x816E, 0x8170, 0x8171, 0x8174, 0x8178, 0x8179, 0x817A, 0x817F, 0x8180, 0x8182, 0x8183, 0x8188,
    0x818A, 0x818F, 0x8193, 0x8195, 0x819A, 0x819C, 0x819D, 0x81A0, 0x81A3, 0x81A4, 0x81A8, 0x81A9,
    0x81B0, 0x81B3, 0x81B5, 0x81B8, 0x81BA, 0x81BD, 0x81BE, 0x81BF, 0x81C0, 0x81C2, 0x81C6, 0x81C8,
    0x81C9, 0x81CD, 0x81D1, 0x81D3, 0x81D8, 0x81D9, 0x81DA, 0x81DF, 0x81E0, 0x81E3, 0x81E5, 0x81E7,
    0x81E8, 0x81EA, 0x81ED, 0x81F3, 0x81F4, 0x81FA, 0x81FB, 0x81FC, 0x81FE, 0x8201, 0x8202, 0x8205,
    0x8207, 0x8208, 0x8209, 0x820A, 0x820C, 0x820D, 0x820E, 0x8210, 0x8212, 0x8216, 0x8217, 0x8218,
    0x821B, 0x821C, 0x821E, 0x821F, 0x8229, 0x822A, 0x822B, 0x822C, 0x822E, 0x8233, 0x8235, 0x8236,
    0x8237, 0x8238, 0x8239, 0x8240, 0x8247, 0x8258, 0x8259, 0x825A, 0x825D, 0x825F, 0x8262, 0x8264,
    0x8266, 0x8268, 0x826A, 0x826B, 0x826E, 0x826F, 0x8271, 0x8272, 0x8276, 0x8277, 0x8278, 0x827E,
    0x828B, 0x828D, 0x8292, 0x8299, 0x829D, 0x829F, 0x82A5, 0x82A6, 0x82AB, 0x82AC, 0x82AD, 0x82AF,
    0x82B1, 0x82B3, 0x82B8, 0x82B9, 0x82BB, 0x82BD, 0x82C5, 0x82D1, 0x82D2, 0x82D3, 0x82D4, 0x82D7,
    0x82D9, 0x82DB, 0x82DC, 0x82DE, 0x82DF, 0x82E1, 0x82E3, 0x82E5, 0x82E6, 0x82E7, 0x82EB, 0x82F1,
    0x82F3, 0x82F4, 0x82F9, 0x82FA, 0x82FB, 0x8301, 0x8302, 0x8303, 0x8304, 0x8305, 0x8306, 0x8309,
    0x830E, 0x8316, 0x8317, 0x8318, 0x831C, 0x8323, 0x8328, 0x832B, 0x832F, 0x8331, 0x8332, 0x8334,
    0x8335, 0x8336, 0x8338, 0x8339, 0x8340, 0x8345, 0x8349, 0x834A, 0x834F, 0x8350, 0x8352, 0x8358,
    0x8362, 0x8373, 0x8375, 0x8377, 0x837B, 0x837C, 0x837F, 0x8385, 0x8387, 0x8389, 0x838A, 0x838E,
    0x8393, 0x8396, 0x839A, 0x839E, 0x839F, 0x83A0, 0x83A2, 0x83A8, 0x83AA, 0x83AB, 0x83B1, 0x83B5,
    0x83BD, 0x83C1, 0x83C5, 0x83C7, 0x83CA, 0x83CC, 0x83CE, 0x83D3, 0x83D6, 0x83D8, 0x83DC, 0x83DF,
    0x83E0, 0x83E9, 0x83EB, 0x83EF, 0x83F0, 0x83F1, 0x83F2, 0x83F4, 0x83F6, 0x83F7, 0x83FB, 0x83FD,
    0x8403, 0x8404, 0x8407, 0x840B, 0x840C, 0x840D, 0x840E, 0x8413, 0x8420, 0x8422, 0x8429, 0x842A,
    0x842C, 0x8431, 0x8435, 0x8438, 0x843C, 0x843D, 0x8446, 0x8448, 0x8449, 0x844E, 0x8457, 0x845B,
    0x8461, 0x8462, 0x8463, 0x8466, 0x8469, 0x846B, 0x846C, 0x846D, 0x846E, 0x846F, 0x8471, 0x8475,
    0x8477, 0x8479, 0x847A, 0x8482, 0x8484, 0x848B, 0x8490, 0x8494, 0x8499, 0x849C, 0x849F, 0x84A1,
    0x84AD, 0x84B2, 0x84B4, 0x84B8, 0x84B9, 0x84BB, 0x84BC, 0x84BF, 0x84C1, 0x84C4, 0x84C6, 0x84C9,
    0x84CA, 0x84CB, 0x84CD, 0x84D0, 0x84D1, 0x84D6, 0x84D9, 0x84DA, 0x84DC, 0x84EC, 0x84EE, 0x84F4,
    0x84FC, 0x84FF, 0x8500, 0x8506, 0x8511, 0x8513, 0x8514, 0x8515, 0x8517, 0x8518, 0x851A, 0x851F,
    0x8521, 0x8526, 0x852C, 0x852D, 0x8535, 0x853D, 0x8540, 0x8541, 0x8543, 0x8548, 0x8549, 0x854A,
    0x854B, 0x854E, 0x8553, 0x8555, 0x8557, 0x8558, 0x8559, 0x855A, 0x8563, 0x8568, 0x8569, 0x856A,
    0x856B, 0x856D, 0x8577, 0x857E, 0x8580, 0x8584, 0x8587, 0x8588, 0x858A, 0x8590, 0x8591, 0x8594,
    0x8597, 0x8599, 0x859B, 0x859C, 0x85A4, 0x85A6, 0x85A8, 0x85A9, 0x85AA, 0x85AB, 0x85AC, 0x85AE,
    0x85AF, 0x85B0, 0x85B9, 0x85BA, 0x85C1, 0x85C9, 0x85CD, 0x85CF, 0x85D0, 0x85D5, 0x85DC, 0x85DD,
    0x85E4, 0x85E5, 0x85E9, 0x85EA, 0x85F7, 0x85F9, 0x85FA, 0x85FB, 0x85FE, 0x8602, 0x8606, 0x8607,
    0x860A, 0x860B, 0x8613, 0x8616, 0x8617, 0x861A, 0x8622, 0x862D, 0x862F, 0x8630, 0x863F, 0x864D,
    0x864E, 0x8650, 0x8654, 0x8655, 0x865A, 0x865C, 0x865E, 0x865F, 0x8667, 0x866B, 0x8671, 0x8679,
    0x867B, 0x868A, 0x868B, 0x868C, 0x8693, 0x8695, 0x86A3, 0x86A4, 0x86A9, 0x86AA, 0x86AB, 0x86AF,
    0x86B0, 0x86B6, 0x86C4, 0x86C6, 0x86C7, 0x86C9, 0x86CB, 0x86CD, 0x86CE, 0x86D4, 0x86D9, 0x86DB,
    0x86DE, 0x86DF, 0x86E4, 0x86E9, 0x86EC, 0x86ED, 0x86EE, 0x86EF, 0x86F8, 0x86F9, 0x86FB, 0x86FE,
    0x8700, 0x8702, 0x8703, 0x8706, 0x8708, 0x8709, 0x870A, 0x870D, 0x8711, 0x8712, 0x8718, 0x871A,
    0x871C, 0x8725, 0x8729, 0x8734, 0x8737, 0x873B, 0x873F, 0x8749, 0x874B, 0x874C, 0x874E, 0x8753,
    0x8755, 0x8757, 0x8759, 0x875F, 0x8760, 0x8763, 0x8766, 0x8768, 0x876A, 0x876E, 0x8774, 0x8776,
    0x8778, 0x877F, 0x8782, 0x878D, 0x879F, 0x87A2, 0x87AB, 0x87AF, 0x87B3, 0x87BA, 0x87BB, 0x87BD,
    0x87C0, 0x87C4, 0x87C6, 0x87C7, 0x87CB, 0x87D0, 0x87D2, 0x87E0, 0x87EF, 0x87F2, 0x87F6, 0x87F7,
    0x87F9, 0x87FB, 0x87FE, 0x8805, 0x8807, 0x880D, 0x880E, 0x880F, 0x8811, 0x8815, 0x8816, 0x8821,
    0x8822, 0x8823, 0x8827, 0x8831, 0x8836, 0x8839, 0x883B, 0x8840, 0x8842, 0x8844, 0x8846, 0x884C,
    0x884D, 0x8852, 0x8853, 0x8857, 0x8859, 0x885B, 0x885D, 0x885E, 0x8861, 0x8862, 0x8863, 0x8868,
    0x886B, 0x8870, 0x8872, 0x8875, 0x8877, 0x887D, 0x887E, 0x887F, 0x8881, 0x8882, 0x8888, 0x888B,
    0x888D, 0x8892, 0x8896, 0x8897, 0x8899, 0x889E, 0x88A2, 0x88A4, 0x88AB, 0x88AE, 0x88B0, 0x88B1,
    0x88B4, 0x88B5, 0x88B7, 0x88BF, 0x88C1, 0x88C2, 0x88C3, 0x88C4, 0x88C5, 0x88CF, 0x88D4, 0x88D5,
    0x88D8, 0x88D9, 0x88DC, 0x88DD, 0x88DF, 0x88E1, 0x88E8, 0x88F2, 0x88F3, 0x88F4, 0x88F5, 0x88F8,
    0x88F9, 0x88FC, 0x88FD, 0x88FE, 0x8902, 0x8904, 0x8907, 0x890A, 0x890C, 0x8910, 0x8912, 0x8913,
    0x891C, 0x891D, 0x891E, 0x8925, 0x892A, 0x892B, 0x8936, 0x8938, 0x893B, 0x8941, 0x8943, 0x8944,
    0x894C, 0x894D, 0x8956, 0x895E, 0x895F, 0x8960, 0x8964, 0x8966, 0x896A, 0x896D, 0x896F, 0x8972,
    0x8974, 0x8977, 0x897E, 0x897F, 0x8981, 0x8983, 0x8986, 0x8987, 0x8988, 0x898A, 0x898B, 0x898F,
    0x8993, 0x8996, 0x8997, 0x8998, 0x899A, 0x89A1, 0x89A6, 0x89A7, 0x89A9, 0x89AA, 0x89AC, 0x89AF,
    0x89B2, 0x89B3, 0x89BA, 0x89BD, 0x89BF, 0x89C0, 0x89D2, 0x89DA, 0x89DC, 0x89DD, 0x89E3, 0x89E6,
    0x89E7, 0x89F4, 0x89F8, 0x8A00, 0x8A02, 0x8A03, 0x8A08, 0x8A0A, 0x8A0C, 0x8A0E, 0x8A10, 0x8A12,
    0x8A13, 0x8A16, 0x8A17, 0x8A18, 0x8A1B, 0x8A1D, 0x8A1F, 0x8A23, 0x8A25, 0x8A2A, 0x8A2D, 0x8A31,
    0x8A33, 0x8A34, 0x8A36, 0x8A37, 0x8A3A, 0x8A3B, 0x8A3C, 0x8A41, 0x8A46, 0x8A48, 0x8A50, 0x8A51,
    0x8A52, 0x8A54, 0x8A55, 0x8A5B, 0x8A5E, 0x8A60, 0x8A62, 0x8A63, 0x8A66, 0x8A69, 0x8A6B, 0x8A6C,
    0x8A6D, 0x8A6E, 0x8A70, 0x8A71, 0x8A72, 0x8A73, 0x8A79, 0x8A7C, 0x8A82, 0x8A84, 0x8A85, 0x8A87,
    0x8A89, 0x8A8C, 0x8A8D, 0x8A91, 0x8A93, 0x8A95, 0x8A98, 0x8A9A, 0x8A9E, 0x8AA0, 0x8AA1, 0x8AA3,
    0x8AA4, 0x8AA5, 0x8AA6, 0x8AA7, 0x8AA8, 0x8AAC, 0x8AAD, 0x8AB0, 0x8AB2, 0x8AB9, 0x8ABC, 0x8ABE,
    0x8ABF, 0x8AC2, 0x8AC4, 0x8AC7, 0x8ACB, 0x8ACC, 0x8ACD, 0x8ACF, 0x8AD2, 0x8AD6, 0x8ADA, 0x8ADB,
    0x8ADC, 0x8ADE, 0x8ADF, 0x8AE0, 0x8AE1, 0x8AE2, 0x8AE4, 0x8AE6, 0x8AE7, 0x8AEB, 0x8AED, 0x8AEE,
    0x8AF1, 0x8AF3, 0x8AF6, 0x8AF7, 0x8AF8, 0x8AFA, 0x8AFE, 0x8B00, 0x8B01, 0x8B02, 0x8B04, 0x8B07,
    0x8B0C, 0x8B0E, 0x8B10, 0x8B14, 0x8B16, 0x8B17, 0x8B19, 0x8B1A, 0x8B1B, 0x8B1D, 0x8B20, 0x8B21,
    0x8B26, 0x8B28, 0x8B2B, 0x8B2C, 0x8B33, 0x8B39, 0x8B3E, 0x8B41, 0x8B49, 0x8B4C, 0x8B4E, 0x8B4F,
    0x8B53, 0x8B56, 0x8B58, 0x8B5A, 0x8B5B, 0x8B5C, 0x8B5F, 0x8B66, 0x8B6B, 0x8B6C, 0x8B6F, 0x8B70,
    0x8B71, 0x8B72, 0x8B74, 0x8B77, 0x8B7D, 0x8B7F, 0x8B80, 0x8B83, 0x8B8A, 0x8B8C, 0x8B8E, 0x8B90,
    0x8B92, 0x8B93, 0x8B96, 0x8B99, 0x8B9A, 0x8C37, 0x8C3A, 0x8C3F, 0x8C41, 0x8C46, 0x8C48, 0x8C4A,
    0x8C4C, 0x8C4E, 0x8C50, 0x8C55, 0x8C5A, 0x8C61, 0x8C62, 0x8C6A, 0x8C6B, 0x8C6C, 0x8C78, 0x8C79,
    0x8C7A, 0x8C7C, 0x8C82, 0x8C85, 0x8C89, 0x8C8A, 0x8C8C, 0x8C8D, 0x8C8E, 0x8C94, 0x8C98, 0x8C9D,
    0x8C9E, 0x8CA0, 0x8CA1, 0x8CA2, 0x8CA7, 0x8CA8, 0x8CA9, 0x8CAA, 0x8CAB, 0x8CAC, 0x8CAD, 0x8CAE,
    0x8CAF, 0x8CB0, 0x8CB2, 0x8CB3, 0x8CB4, 0x8CB6, 0x8CB7, 0x8CB8, 0x8CBB, 0x8CBC, 0x8CBD, 0x8CBF,
    0x8CC0, 0x8CC1, 0x8CC2, 0x8CC3, 0x8CC4, 0x8CC7, 0x8CC8, 0x8CCA, 0x8CCD, 0x8CCE, 0x8CD1, 0x8CD3,
    0x8CDA, 0x8CDB, 0x8CDC, 0x8CDE, 0x8CE0, 0x8CE2, 0x8CE3, 0x8CE4, 0x8CE6, 0x8CEA, 0x8CED, 0x8CF0,
    0x8CF4, 0x8CFA, 0x8CFB, 0x8CFC, 0x8CFD, 0x8D04, 0x8D05, 0x8D07, 0x8D08, 0x8D0A, 0x8D0B, 0x8D0D,
    0x8D0F, 0x8D10, 0x8D12, 0x8D13, 0x8D14, 0x8D16, 0x8D64, 0x8D66, 0x8D67, 0x8D6B, 0x8D6D, 0x8D70,
    0x8D71, 0x8D73, 0x8D74, 0x8D76, 0x8D77, 0x8D81, 0x8D85, 0x8D8A, 0x8D99, 0x8DA3, 0x8DA8, 0x8DB3,
    0x8DBA, 0x8DBE, 0x8DC2, 0x8DCB, 0x8DCC, 0x8DCF, 0x8DD6, 0x8DDA, 0x8DDB, 0x8DDD, 0x8DDF, 0x8DE1,
    0x8DE3, 0x8DE8, 0x8DEA, 0x8DEB, 0x8DEF, 0x8DF3, 0x8DF5, 0x8DFC, 0x8DFF, 0x8E08, 0x8E09, 0x8E0A,
    0x8E0F, 0x8E10, 0x8E1D, 0x8E1E, 0x8E1F, 0x8E2A, 0x8E30, 0x8E34, 0x8E35, 0x8E42, 0x8E44, 0x8E47,
    0x8E48, 0x8E49, 0x8E4A, 0x8E4C, 0x8E50, 0x8E55, 0x8E59, 0x8E5F, 0x8E60, 0x8E63, 0x8E64, 0x8E72,
    0x8E74, 0x8E76, 0x8E7C, 0x8E81, 0x8E84, 0x8E85, 0x8E87, 0x8E8A, 0x8E8B, 0x8E8D, 0x8E91, 0x8E93,
    0x8E94, 0x8E99, 0x8EA1, 0x8EAA, 0x8EAB, 0x8EAC, 0x8EAF, 0x8EB0, 0x8EB1, 0x8EBE, 0x8EC5, 0x8EC6,
    0x8EC8, 0x8ECA, 0x8ECB, 0x8ECC, 0x8ECD, 0x8ECF, 0x8ED2, 0x8EDB, 0x8EDF, 0x8EE2, 0x8EE3, 0x8EEB,
    0x8EF8, 0x8EFB, 0x8EFC, 0x8EFD, 0x8EFE, 0x8F03, 0x8F05, 0x8F09, 0x8F0A, 0x8F0C, 0x8F12, 0x8F13,
    0x8F14, 0x8F15, 0x8F19, 0x8F1B, 0x8F1C, 0x8F1D, 0x8F1F, 0x8F26, 0x8F29, 0x8F2A, 0x8F2F, 0x8F33,
    0x8F38, 0x8F39, 0x8F3B, 0x8F3E, 0x8F3F, 0x8F42, 0x8F44, 0x8F45, 0x8F46, 0x8F49, 0x8F4C, 0x8F4D,
    0x8F4E, 0x8F57, 0x8F5C, 0x8F5F, 0x8F61, 0x8F62, 0x8F63, 0x8F64, 0x8F9B, 0x8F9C, 0x8F9E, 0x8F9F,
    0x8FA3, 0x8FA7, 0x8FA8, 0x8FAD, 0x8FAE, 0x8FAF, 0x8FB0, 0x8FB1, 0x8FB2, 0x8FB7, 0x8FBA, 0x8FBB,
    0x8FBC, 0x8FBF, 0x8FC2, 0x8FC4, 0x8FC5, 0x8FCE, 0x8FD1, 0x8FD4, 0x8FDA, 0x8FE2, 0x8FE5, 0x8FE6,
    0x8FE9, 0x8FEA, 0x8FEB, 0x8FED, 0x8FEF, 0x8FF0, 0x8FF4, 0x8FF7, 0x8FF8, 0x8FF9, 0x8FFA, 0x8FFD,
    0x9000, 0x9001, 0x9003, 0x9005, 0x9006, 0x900B, 0x900D, 0x900E, 0x900F, 0x9010, 0x9011, 0x9013,
    0x9014, 0x9015, 0x9016, 0x9017, 0x9019, 0x901A, 0x901D, 0x901E, 0x901F, 0x9020, 0x9021, 0x9022,
    0x9023, 0x9027, 0x902E, 0x9031, 0x9032, 0x9035, 0x9036, 0x9038, 0x9039, 0x903C, 0x903E, 0x9041,
    0x9042, 0x9045, 0x9047, 0x9049, 0x904A, 0x904B, 0x904D, 0x904E, 0x904F, 0x9050, 0x9051, 0x9052,
    0x9053, 0x9054, 0x9055, 0x9056, 0x9058, 0x9059, 0x905C, 0x905E, 0x9060, 0x9061, 0x9063, 0x9065,
    0x9067, 0x9068, 0x9069, 0x906D, 0x906E, 0x906F, 0x9072, 0x9075, 0x9076, 0x9077, 0x9078, 0x907A,
    0x907C, 0x907D, 0x907F, 0x9080, 0x9081, 0x9082, 0x9083, 0x9084, 0x9087, 0x9089, 0x908A, 0x908F,
    0x9091, 0x90A3, 0x90A6, 0x90A8, 0x90AA, 0x90AF, 0x90B1, 0x90B5, 0x90B8, 0x90C1, 0x90CA, 0x90CE,
    0x90DB, 0x90DE, 0x90E1, 0x90E2, 0x90E4, 0x90E8, 0x90ED, 0x90F5, 0x90F7, 0x90FD, 0x9102, 0x9112,
    0x9115, 0x9119, 0x9127, 0x912D, 0x9130, 0x9132, 0x9149, 0x914A, 0x914B, 0x914C, 0x914D, 0x914E,
    0x9152, 0x9154, 0x9156, 0x9158, 0x9162, 0x9163, 0x9165, 0x9169, 0x916A, 0x916C, 0x9172, 0x9173,
    0x9175, 0x9177, 0x9178, 0x9182, 0x9187, 0x9189, 0x918B, 0x918D, 0x9190, 0x9192, 0x9197, 0x919C,
    0x91A2, 0x91A4, 0x91AA, 0x91AB, 0x91AF, 0x91B4, 0x91B5, 0x91B8, 0x91BA, 0x91C0, 0x91C1, 0x91C6,
    0x91C7, 0x91C8, 0x91C9, 0x91CB, 0x91CC, 0x91CD, 0x91CE, 0x91CF, 0x91D0, 0x91D1, 0x91D6, 0x91D7,
    0x91D8, 0x91DA, 0x91DB, 0x91DC, 0x91DD, 0x91DE, 0x91DF, 0x91E1, 0x91E3, 0x91E4, 0x91E5, 0x91E6,
    0x91E7, 0x91ED, 0x91EE, 0x91F5, 0x91F6, 0x91FC, 0x91FF, 0x9206, 0x920A, 0x920D, 0x920E, 0x9210,
    0x9211, 0x9214, 0x9215, 0x921E, 0x9229, 0x922C, 0x9234, 0x9237, 0x9239, 0x923A, 0x923C, 0x923F,
    0x9240, 0x9244, 0x9245, 0x9248, 0x9249, 0x924B, 0x924E, 0x9250, 0x9251, 0x9257, 0x9259, 0x925A,
    0x925B, 0x925E, 0x9262, 0x9264, 0x9266, 0x9267, 0x9271, 0x9277, 0x9278, 0x927E, 0x9280, 0x9283,
    0x9285, 0x9288, 0x9291, 0x9293, 0x9295, 0x9296, 0x9298, 0x929A, 0x929B, 0x929C, 0x92A7, 0x92AD,
    0x92B7, 0x92B9, 0x92CF, 0x92D0, 0x92D2, 0x92D3, 0x92D5, 0x92D7, 0x92D9, 0x92E0, 0x92E4, 0x92E7,
    0x92E9, 0x92EA, 0x92ED, 0x92F2, 0x92F3, 0x92F8, 0x92F9, 0x92FA, 0x92FB, 0x92FC, 0x92FF, 0x9302,
    0x9306, 0x930F, 0x9310, 0x9318, 0x9319, 0x931A, 0x931D, 0x931E, 0x9320, 0x9321, 0x9322, 0x9323,
    0x9325, 0x9326, 0x9328, 0x932B, 0x932C, 0x932E, 0x932F, 0x9332, 0x9335, 0x933A, 0x933B, 0x9344,
    0x9348, 0x934B, 0x934D, 0x9354, 0x9356, 0x9357, 0x935B, 0x935C, 0x9360, 0x936C, 0x936E, 0x9370,
    0x9375, 0x937C, 0x937E, 0x938C, 0x9394, 0x9396, 0x9397, 0x939A, 0x93A4, 0x93A7, 0x93AC, 0x93AD,
    0x93AE, 0x93B0, 0x93B9, 0x93C3, 0x93C6, 0x93C8, 0x93D0, 0x93D1, 0x93D6, 0x93D7, 0x93D8, 0x93DD,
    0x93DE, 0x93E1, 0x93E4, 0x93E5, 0x93E8, 0x93F8, 0x9403, 0x9407, 0x9410, 0x9413, 0x9414, 0x9418,
    0x9419, 0x941A, 0x9421, 0x942B, 0x9431, 0x9435, 0x9436, 0x9438, 0x943A, 0x9441, 0x9444, 0x9445,
    0x9448, 0x9451, 0x9452, 0x9453, 0x945A, 0x945B, 0x945E, 0x9460, 0x9462, 0x946A, 0x9470, 0x9475,
    0x9477, 0x947C, 0x947D, 0x947E, 0x947F, 0x9481, 0x9577, 0x9580, 0x9582, 0x9583, 0x9587, 0x9589,
    0x958A, 0x958B, 0x958F, 0x9591, 0x9592, 0x9593, 0x9594, 0x9596, 0x9598, 0x9599, 0x95A0, 0x95A2,
    0x95A3, 0x95A4, 0x95A5, 0x95A7, 0x95A8, 0x95AD, 0x95B2, 0x95B9, 0x95BB, 0x95BC, 0x95BE, 0x95C3,
    0x95C7, 0x95CA, 0x95CC, 0x95CD, 0x95D4, 0x95D5, 0x95D6, 0x95D8, 0x95DC, 0x95E1, 0x95E2, 0x95E5,
    0x961C, 0x9621, 0x9628, 0x962A, 0x962E, 0x962F, 0x9632, 0x963B, 0x963F, 0x9640, 0x9642, 0x9644,
    0x964B, 0x964C, 0x964D, 0x964F, 0x9650, 0x965B, 0x965C, 0x965D, 0x965E, 0x965F, 0x9662, 0x9663,
    0x9664, 0x9665, 0x9666, 0x966A, 0x966C, 0x9670, 0x9672, 0x9673, 0x9675, 0x9676, 0x9677, 0x9678,
    0x967A, 0x967D, 0x9685, 0x9686, 0x9688, 0x968A, 0x968B, 0x968D, 0x968E, 0x968F, 0x9694, 0x9695,
    0x9697, 0x9698, 0x9699, 0x969B, 0x969C, 0x969D, 0x96A0, 0x96A3, 0x96A7, 0x96A8, 0x96AA, 0x96AF,
    0x96B0, 0x96B1, 0x96B2, 0x96B4, 0x96B6, 0x96B7, 0x96B8, 0x96B9, 0x96BB, 0x96BC, 0x96C0, 0x96C1,
    0x96C4, 0x96C5, 0x96C6, 0x96C7, 0x96C9, 0x96CB, 0x96CC, 0x96CD, 0x96CE, 0x96D1, 0x96D5, 0x96D6,
    0x96D9, 0x96DB, 0x96DC, 0x96E2, 0x96E3, 0x96E8, 0x96EA, 0x96EB, 0x96F0, 0x96F2, 0x96F6, 0x96F7,
    0x96F9, 0x96FB, 0x9700, 0x9704, 0x9706, 0x9707, 0x9708, 0x970A, 0x970D, 0x970E, 0x970F, 0x9711,
    0x9713, 0x9716, 0x9719, 0x971C, 0x971E, 0x9724, 0x9727, 0x972A, 0x9730, 0x9732, 0x9733, 0x9738,
    0x9739, 0x973B, 0x973D, 0x973E, 0x9742, 0x9743, 0x9744, 0x9746, 0x9748, 0x9749, 0x974D, 0x974F,
    0x9751, 0x9752, 0x9755, 0x9756, 0x9759, 0x975C, 0x975E, 0x9760, 0x9761, 0x9762, 0x9764, 0x9766,
    0x9768, 0x9769, 0x976B, 0x976D, 0x9771, 0x9774, 0x9779, 0x977A, 0x977C, 0x9781, 0x9784, 0x9785,
    0x9786, 0x978B, 0x978D, 0x978F, 0x9790, 0x9798, 0x979C, 0x97A0, 0x97A3, 0x97A6, 0x97A8, 0x97AB,
    0x97AD, 0x97B3, 0x97B4, 0x97C3, 0x97C6, 0x97C8, 0x97CB, 0x97D3, 0x97DC, 0x97ED, 0x97EE, 0x97F2,
    0x97F3, 0x97F5, 0x97F6, 0x97FB, 0x97FF, 0x9801, 0x9802, 0x9803, 0x9805, 0x9806, 0x9808, 0x980C,
    0x980F, 0x9810, 0x9811, 0x9812, 0x9813, 0x9817, 0x9818, 0x981A, 0x9821, 0x9824, 0x982C, 0x982D,
    0x9834, 0x9837, 0x9838, 0x983B, 0x983C, 0x983D, 0x9846, 0x984B, 0x984C, 0x984D, 0x984E, 0x984F,
    0x9854, 0x9855, 0x9857, 0x9858, 0x985B, 0x985E, 0x9865, 0x9867, 0x986B, 0x986F, 0x9870, 0x9871,
    0x9873, 0x9874, 0x98A8, 0x98AA, 0x98AF, 0x98B1, 0x98B6, 0x98C3, 0x98C4, 0x98C6, 0x98DB, 0x98DC,
    0x98DF, 0x98E2, 0x98E9, 0x98EB, 0x98ED, 0x98EE, 0x98EF, 0x98F2, 0x98F4, 0x98FC, 0x98FD, 0x98FE,
    0x9903, 0x9905, 0x9909, 0x990A, 0x990C, 0x9910, 0x9912, 0x9913, 0x9914, 0x9918, 0x991D, 0x991E,
    0x9920, 0x9921, 0x9924, 0x9927, 0x9928, 0x992C, 0x992E, 0x993D, 0x993E, 0x9942, 0x9945, 0x9949,
    0x994B, 0x994C, 0x9950, 0x9951, 0x9952, 0x9955, 0x9957, 0x9996, 0x9997, 0x9998, 0x9999, 0x999E,
    0x99A5, 0x99A8, 0x99AC, 0x99AD, 0x99AE, 0x99B3, 0x99B4, 0x99BC, 0x99C1, 0x99C4, 0x99C5, 0x99C6,
    0x99C8, 0x99D0, 0x99D1, 0x99D2, 0x99D5, 0x99D8, 0x99DB, 0x99DD, 0x99DF, 0x99E2, 0x99ED, 0x99EE,
    0x99F1, 0x99F2, 0x99F8, 0x99FB, 0x99FF, 0x9A01, 0x9A05, 0x9A0E, 0x9A0F, 0x9A12, 0x9A13, 0x9A19,
    0x9A28, 0x9A2B, 0x9A30, 0x9A37, 0x9A3E, 0x9A40, 0x9A42, 0x9A43, 0x9A45, 0x9A4D, 0x9A4E, 0x9A55,
    0x9A57, 0x9A5A, 0x9A5B, 0x9A5F, 0x9A62, 0x9A64, 0x9A65, 0x9A69, 0x9A6A, 0x9A6B, 0x9AA8, 0x9AAD,
    0x9AB0, 0x9AB8, 0x9ABC, 0x9AC0, 0x9AC4, 0x9ACF, 0x9AD1, 0x9AD3, 0x9AD4, 0x9AD8, 0x9AD9, 0x9ADC,
    0x9ADE, 0x9ADF, 0x9AE2, 0x9AE3, 0x9AE6, 0x9AEA, 0x9AEB, 0x9AED, 0x9AEE, 0x9AEF, 0x9AF1, 0x9AF4,
    0x9AF7, 0x9AFB, 0x9B06, 0x9B18, 0x9B1A, 0x9B1F, 0x9B22, 0x9B23, 0x9B25, 0x9B27, 0x9B28, 0x9B29,
    0x9B2A, 0x9B2E, 0x9B2F, 0x9B31, 0x9B32, 0x9B3B, 0x9B3C, 0x9B41, 0x9B42, 0x9B43, 0x9B44, 0x9B45,
    0x9B4D, 0x9B4E, 0x9B4F, 0x9B51, 0x9B54, 0x9B58, 0x9B5A, 0x9B6F, 0x9B72, 0x9B74, 0x9B75, 0x9B83,
    0x9B8E, 0x9B8F, 0x9B91, 0x9B92, 0x9B93, 0x9B96, 0x9B97, 0x9B9F, 0x9BA0, 0x9BA8, 0x9BAA, 0x9BAB,
    0x9BAD, 0x9BAE, 0x9BB1, 0x9BB4, 0x9BB9, 0x9BBB, 0x9BC0, 0x9BC6, 0x9BC9, 0x9BCA, 0x9BCF, 0x9BD1,
    0x9BD2, 0x9BD4, 0x9BD6, 0x9BDB, 0x9BE1, 0x9BE2, 0x9BE3, 0x9BE4, 0x9BE8, 0x9BF0, 0x9BF1, 0x9BF2,
    0x9BF5, 0x9C00, 0x9C04, 0x9C06, 0x9C08, 0x9C09, 0x9C0A, 0x9C0C, 0x9C0D, 0x9C10, 0x9C12, 0x9C13,
    0x9C14, 0x9C15, 0x9C1B, 0x9C21, 0x9C24, 0x9C25, 0x9C2D, 0x9C2E, 0x9C2F, 0x9C30, 0x9C32, 0x9C39,
    0x9C3A, 0x9C3B, 0x9C3E, 0x9C46, 0x9C47, 0x9C48, 0x9C52, 0x9C57, 0x9C5A, 0x9C60, 0x9C67, 0x9C76,
    0x9C78, 0x9CE5, 0x9CE7, 0x9CE9, 0x9CEB, 0x9CEC, 0x9CF0, 0x9CF3, 0x9CF4, 0x9CF6, 0x9D03, 0x9D06,
    0x9D07, 0x9D08, 0x9D09, 0x9D0E, 0x9D12, 0x9D15, 0x9D1B, 0x9D1F, 0x9D23, 0x9D26, 0x9D28, 0x9D2A,
    0x9D2B, 0x9D2C, 0x9D3B, 0x9D3E, 0x9D3F, 0x9D41, 0x9D44, 0x9D46, 0x9D48, 0x9D50, 0x9D51, 0x9D59,
    0x9D5C, 0x9D5D, 0x9D5E, 0x9D60, 0x9D61, 0x9D64, 0x9D6B, 0x9D6C, 0x9D6F, 0x9D70, 0x9D72, 0x9D7A,
    0x9D87, 0x9D89, 0x9D8F, 0x9D9A, 0x9DA4, 0x9DA9, 0x9DAB, 0x9DAF, 0x9DB2, 0x9DB4, 0x9DB8, 0x9DBA,
    0x9DBB, 0x9DC1, 0x9DC2, 0x9DC4, 0x9DC6, 0x9DCF, 0x9DD3, 0x9DD9, 0x9DE6, 0x9DED, 0x9DEF, 0x9DF2,
    0x9DF8, 0x9DF9, 0x9DFA, 0x9DFD, 0x9E19, 0x9E1A, 0x9E1B, 0x9E1E, 0x9E75, 0x9E78, 0x9E79, 0x9E7D,
    0x9E7F, 0x9E81, 0x9E88, 0x9E8B, 0x9E8C, 0x9E91, 0x9E92, 0x9E93, 0x9E95, 0x9E97, 0x9E9D, 0x9E9F,
    0x9EA5, 0x9EA6, 0x9EA9, 0x9EAA, 0x9EAD, 0x9EB8, 0x9EB9, 0x9EBA, 0x9EBB, 0x9EBC, 0x9EBE, 0x9EBF,
    0x9EC4, 0x9ECC, 0x9ECD, 0x9ECE, 0x9ECF, 0x9ED0, 0x9ED1, 0x9ED2, 0x9ED4, 0x9ED8, 0x9ED9, 0x9EDB,
    0x9EDC, 0x9EDD, 0x9EDE, 0x9EE0, 0x9EE5, 0x9EE8, 0x9EEF, 0x9EF4, 0x9EF6, 0x9EF7, 0x9EF9, 0x9EFB,
    0x9EFC, 0x9EFD, 0x9F07, 0x9F08, 0x9F0E, 0x9F13, 0x9F15, 0x9F20, 0x9F21, 0x9F2C, 0x9F3B, 0x9F3E,
    0x9F4A, 0x9F4B, 0x9F4E, 0x9F4F, 0x9F52, 0x9F54, 0x9F5F, 0x9F60, 0x9F61, 0x9F62, 0x9F63, 0x9F66,
    0x9F67, 0x9F6A, 0x9F6C, 0x9F72, 0x9F76, 0x9F77, 0x9F8D, 0x9F95, 0x9F9C, 0x9F9D, 0x9FA0, 0xF929,
    0xF9DC, 0xFA0E, 0xFA0F, 0xFA10, 0xFA11, 0xFA12, 0xFA13, 0xFA14, 0xFA15, 0xFA16, 0xFA17, 0xFA18,
    0xFA19, 0xFA1A, 0xFA1B, 0xFA1C, 0xFA1D, 0xFA1E, 0xFA1F, 0xFA20, 0xFA21, 0xFA22, 0xFA23, 0xFA24,
    0xFA25, 0xFA26, 0xFA27, 0xFA28, 0xFA29, 0xFA2A, 0xFA2B, 0xFA2C, 0xFA2D, 0xFF01, 0xFF02, 0xFF03,
    0xFF04, 0xFF05, 0xFF06, 0xFF07, 0xFF08, 0xFF09, 0xFF0A, 0xFF0B, 0xFF0C, 0xFF0D, 0xFF0E, 0xFF0F,
    0xFF10, 0xFF11, 0xFF12, 0xFF13, 0xFF14, 0xFF15, 0xFF16, 0xFF17, 0xFF18, 0xFF19, 0xFF1A, 0xFF1B,
    0xFF1C, 0xFF1D, 0xFF1E, 0xFF1F, 0xFF20, 0xFF21, 0xFF22, 0xFF23, 0xFF24, 0xFF25, 0xFF26, 0xFF27,
    0xFF28, 0xFF29, 0xFF2A, 0xFF2B, 0xFF2C, 0xFF2D, 0xFF2E, 0xFF2F, 0xFF30, 0xFF31, 0xFF32, 0xFF33,
    0xFF34, 0xFF35, 0xFF36, 0xFF37, 0xFF38, 0xFF39, 0xFF3A, 0xFF3B, 0xFF3C, 0xFF3D, 0xFF3E, 0xFF3F,
    0xFF40, 0xFF41, 0xFF42, 0xFF43, 0xFF44, 0xFF45, 0xFF46, 0xFF47, 0xFF48, 0xFF49, 0xFF4A, 0xFF4B,
    0xFF4C, 0xFF4D, 0xFF4E, 0xFF4F, 0xFF50, 0xFF51, 0xFF52, 0xFF53, 0xFF54, 0xFF55, 0xFF56, 0xFF57,
    0xFF58, 0xFF59, 0xFF5A, 0xFF5B, 0xFF5C, 0xFF5D, 0xFF5E, 0xFFE0, 0xFFE1, 0xFFE2, 0xFFE3, 0xFFE4,
    0xFFE5,
};

const unsigned short pc98_jis_v[PC98_JIS_N] = {
    0x7101, 0x7201, 0x7801, 0x2F01, 0x4C02, 0x6B01, 0x5E01, 0x2D01, 0x7902, 0x5F01, 0x6001, 0x2106,
    0x2206, 0x2306, 0x2406, 0x2506, 0x2606, 0x2706, 0x2806, 0x2906, 0x2A06, 0x2B06, 0x2C06, 0x2D06,
    0x2E06, 0x2F06, 0x3006, 0x3106, 0x3206, 0x3306, 0x3406, 0x3506, 0x3606, 0x3706, 0x3806, 0x4106,
    0x4206, 0x4306, 0x4406, 0x4506, 0x4606, 0x4706, 0x4806, 0x4906, 0x4A06, 0x4B06, 0x4C06, 0x4D06,
    0x4E06, 0x4F06, 0x5006, 0x5106, 0x5206, 0x5306, 0x5406, 0x5506, 0x5606, 0x5706, 0x5806, 0x2707,
    0x2107, 0x2207, 0x2307, 0x2407, 0x2507, 0x2607, 0x2807, 0x2907, 0x2A07, 0x2B07, 0x2C07, 0x2D07,
    0x2E07, 0x2F07, 0x3007, 0x3107, 0x3207, 0x3307, 0x3407, 0x3507, 0x3607, 0x3707, 0x3807, 0x3907,
    0x3A07, 0x3B07, 0x3C07, 0x3D07, 0x3E07, 0x3F07, 0x4007, 0x4107, 0x5107, 0x5207, 0x5307, 0x5407,
    0x5507, 0x5607, 0x5807, 0x5907, 0x5A07, 0x5B07, 0x5C07, 0x5D07, 0x5E07, 0x5F07, 0x6007, 0x6107,
    0x6207, 0x6307, 0x6407, 0x6507, 0x6607, 0x6707, 0x6807, 0x6907, 0x6A07, 0x6B07, 0x6C07, 0x6D07,
    0x6E07, 0x6F07, 0x7007, 0x7107, 0x5707, 0x3E01, 0x3D01, 0x3D01, 0x4201, 0x4601, 0x4701, 0x4801,
    0x4901, 0x7702, 0x7802, 0x4501, 0x4401, 0x7302, 0x6C01, 0x6D01, 0x2802, 0x6E01, 0x620D, 0x640D,
    0x7202, 0x350D, 0x360D, 0x370D, 0x380D, 0x390D, 0x3A0D, 0x3B0D, 0x3C0D, 0x3D0D, 0x3E0D, 0x715C,
    0x725C, 0x735C, 0x745C, 0x755C, 0x765C, 0x775C, 0x785C, 0x795C, 0x7A5C, 0x2B02, 0x2C02, 0x2A02,
    0x2D02, 0x4D02, 0x4E02, 0x4F02, 0x5F02, 0x5002, 0x6002, 0x3A02, 0x3B02, 0x740D, 0x5D01, 0x6502,
    0x6702, 0x6701, 0x780D, 0x5C02, 0x4201, 0x4A02, 0x4B02, 0x4102, 0x4002, 0x6902, 0x6A02, 0x730D,
    0x6801, 0x6802, 0x6602, 0x6202, 0x6201, 0x6102, 0x6501, 0x6601, 0x6302, 0x6402, 0x3E02, 0x3F02,
    0x3C02, 0x3D02, 0x5D02, 0x790D, 0x5E02, 0x210D, 0x220D, 0x230D, 0x240D, 0x250D, 0x260D, 0x270D,
    0x280D, 0x290D, 0x2A0D, 0x2B0D, 0x2C0D, 0x2D0D, 0x2E0D, 0x2F0D, 0x300D, 0x310D, 0x320D, 0x330D,
    0x340D, 0x2108, 0x2C08, 0x2208, 0x2D08, 0x2308, 0x2E08, 0x2408, 0x2F08, 0x2608, 0x3108, 0x2508,
    0x3008, 0x2708, 0x3C08, 0x3708, 0x3208, 0x2908, 0x3E08, 0x3908, 0x3408, 0x2808, 0x3808, 0x3D08,
    0x3308, 0x2A08, 0x3A08, 0x3F08, 0x3508, 0x2B08, 0x3B08, 0x4008, 0x3608, 0x2302, 0x2202, 0x2502,
    0x2402, 0x2702, 0x2602, 0x2102, 0x7E01, 0x7B01, 0x7D01, 0x7C01, 0x7E02, 0x7A01, 0x7901, 0x6A01,
    0x6901, 0x7602, 0x7502, 0x7402, 0x2101, 0x2201, 0x2301, 0x3701, 0x3901, 0x3A01, 0x3B01, 0x5201,
    0x5301, 0x5401, 0x5501, 0x5601, 0x5701, 0x5801, 0x5901, 0x5A01, 0x5B01, 0x2902, 0x2E02, 0x4C01,
    0x4D01, 0x4101, 0x600D, 0x610D, 0x2104, 0x2204, 0x2304, 0x2404, 0x2504, 0x2604, 0x2704, 0x2804,
    0x2904, 0x2A04, 0x2B04, 0x2C04, 0x2D04, 0x2E04, 0x2F04, 0x3004, 0x3104, 0x3204, 0x3304, 0x3404,
    0x3504, 0x3604, 0x3704, 0x3804, 0x3904, 0x3A04, 0x3B04, 0x3C04, 0x3D04, 0x3E04, 0x3F04, 0x4004,
    0x4104, 0x4204, 0x4304, 0x4404, 0x4504, 0x4604, 0x4704, 0x4804, 0x4904, 0x4A04, 0x4B04, 0x4C04,
    0x4D04, 0x4E04, 0x4F04, 0x5004, 0x5104, 0x5204, 0x5304, 0x5404, 0x5504, 0x5604, 0x5704, 0x5804,
    0x5904, 0x5A04, 0x5B04, 0x5C04, 0x5D04, 0x5E04, 0x5F04, 0x6004, 0x6104, 0x6204, 0x6304, 0x6404,
    0x6504, 0x6604, 0x6704, 0x6804, 0x6904, 0x6A04, 0x6B04, 0x6C04, 0x6D04, 0x6E04, 0x6F04, 0x7004,
    0x7104, 0x7204, 0x7304, 0x2B01, 0x2C01, 0x3501, 0x3601, 0x2105, 0x2205, 0x2305, 0x2405, 0x2505,
    0x2605, 0x2705, 0x2805, 0x2905, 0x2A05, 0x2B05, 0x2C05, 0x2D05, 0x2E05, 0x2F05, 0x3005, 0x3105,
    0x3205, 0x3305, 0x3405, 0x3505, 0x3605, 0x3705, 0x3805, 0x3905, 0x3A05, 0x3B05, 0x3C05, 0x3D05,
    0x3E05, 0x3F05, 0x4005, 0x4105, 0x4205, 0x4305, 0x4405, 0x4505, 0x4605, 0x4705, 0x4805, 0x4905,
    0x4A05, 0x4B05, 0x4C05, 0x4D05, 0x4E05, 0x4F05, 0x5005, 0x5105, 0x5205, 0x5305, 0x5405, 0x5505,
    0x5605, 0x5705, 0x5805, 0x5905, 0x5A05, 0x5B05, 0x5C05, 0x5D05, 0x5E05, 0x5F05, 0x6005, 0x6105,
    0x6205, 0x6305, 0x6405, 0x6505, 0x6605, 0x6705, 0x6805, 0x6905, 0x6A05, 0x6B05, 0x6C05, 0x6D05,
    0x6E05, 0x6F05, 0x7005, 0x7105, 0x7205, 0x7305, 0x7405, 0x7505, 0x7605, 0x2601, 0x3C01, 0x3301,
    0x3401, 0x6A0D, 0x6B0D, 0x6C0D, 0x650D, 0x660D, 0x670D, 0x680D, 0x690D, 0x460D, 0x4A0D, 0x410D,
    0x440D, 0x420D, 0x4C0D, 0x4B0D, 0x450D, 0x4D0D, 0x470D, 0x4F0D, 0x400D, 0x4E0D, 0x430D, 0x480D,
    0x490D, 0x5F0D, 0x6F0D, 0x6E0D, 0x6D0D, 0x530D, 0x540D, 0x500D, 0x510D, 0x520D, 0x560D, 0x550D,
    0x630D, 0x6C10, 0x7A23, 0x371C, 0x7C2B, 0x661E, 0x301B, 0x651E, 0x3C12, 0x5429, 0x3F2D, 0x2230,
    0x2F11, 0x6E13, 0x2330, 0x2420, 0x4232, 0x5615, 0x3A2A, 0x671E, 0x3E2E, 0x422A, 0x2D59, 0x2430,
    0x6623, 0x2530, 0x7A16, 0x2630, 0x5D14, 0x3023, 0x671C, 0x2730, 0x2830, 0x2930, 0x3527, 0x5715,
    0x3727, 0x6326, 0x4318, 0x332B, 0x4949, 0x2A30, 0x681E, 0x2B30, 0x3512, 0x6516, 0x7018, 0x692C,
    0x2636, 0x702D, 0x7D26, 0x2514, 0x3515, 0x2C30, 0x2D30, 0x3B2E, 0x3D2D, 0x6821, 0x2F30, 0x761B,
    0x7326, 0x3230, 0x3E11, 0x5F18, 0x5E18, 0x6610, 0x4B2F, 0x4A2F, 0x331A, 0x2110, 0x3330, 0x3430,
    0x3530, 0x342B, 0x3630, 0x7218, 0x6710, 0x722B, 0x7C15, 0x7D15, 0x7E15, 0x6224, 0x3C2E, 0x3730,
    0x3830, 0x3930, 0x4D1F, 0x3A1D, 0x4E1F, 0x3E30, 0x3C30, 0x3D30, 0x5815, 0x231A, 0x7012, 0x3B30,
    0x3A30, 0x292A, 0x461B, 0x451B, 0x3E22, 0x3F30, 0x5529, 0x6720, 0x3801, 0x4030, 0x4230, 0x2E59,
    0x6522, 0x612E, 0x4A10, 0x4130, 0x3E12, 0x4416, 0x6723, 0x6F17, 0x4330, 0x2427, 0x2F59, 0x3059,
    0x6B14, 0x3159, 0x4430, 0x4B10, 0x6018, 0x6C14, 0x7A29, 0x3228, 0x5915, 0x7112, 0x6730, 0x4125,
    0x6C27, 0x4630, 0x3C28, 0x622E, 0x2D1F, 0x3259, 0x471B, 0x771B, 0x4012, 0x5124, 0x2223, 0x4A30,
    0x4C10, 0x6324, 0x3B1D, 0x341A, 0x242D, 0x4E22, 0x3F12, 0x3359, 0x4930, 0x3E2D, 0x4530, 0x4730,
    0x6E1A, 0x4830, 0x2435, 0x5030, 0x5330, 0x5130, 0x4212, 0x3B2A, 0x4B30, 0x4F30, 0x7318, 0x481B,
    0x2614, 0x5430, 0x4C30, 0x3559, 0x632E, 0x781B, 0x4D30, 0x5230, 0x3459, 0x3759, 0x5530, 0x4E30,
    0x3659, 0x2116, 0x4D10, 0x2216, 0x4112, 0x2535, 0x5630, 0x6E29, 0x7418, 0x2F1F, 0x372E, 0x582A,
    0x3817, 0x2522, 0x6412, 0x2659, 0x531D, 0x3859, 0x5930, 0x5E30, 0x5C30, 0x5730, 0x2F22, 0x5A30,
    0x5D30, 0x5B30, 0x5D2A, 0x5830, 0x2E1F, 0x732B, 0x5F30, 0x6030, 0x241D, 0x6D30, 0x5027, 0x3629,
    0x6830, 0x702A, 0x3612, 0x6C30, 0x3B59, 0x6630, 0x6F30, 0x5221, 0x4418, 0x5C27, 0x4740, 0x6E30,
    0x5D25, 0x6330, 0x7618, 0x7518, 0x6130, 0x3C59, 0x5A1C, 0x6930, 0x3A59, 0x6F2A, 0x4D23, 0x6530,
    0x7117, 0x6230, 0x6A30, 0x6430, 0x512E, 0x6B30, 0x412F, 0x6616, 0x7017, 0x3959, 0x3F59, 0x7030,
    0x3D59, 0x7130, 0x7530, 0x4E10, 0x502A, 0x7430, 0x7330, 0x7730, 0x7630, 0x6424, 0x7217, 0x7830,
    0x3E59, 0x451C, 0x2622, 0x6524, 0x7616, 0x7930, 0x3615, 0x7A30, 0x7C30, 0x352B, 0x6617, 0x4059,
    0x311B, 0x7728, 0x7B30, 0x451A, 0x432D, 0x7E30, 0x2331, 0x7D30, 0x441A, 0x7D1D, 0x3917, 0x2431,
    0x4F16, 0x2131, 0x2231, 0x2F26, 0x7C21, 0x2316, 0x4D2B, 0x2531, 0x4259, 0x3D2E, 0x2631, 0x2931,
    0x2731, 0x4E21, 0x2831, 0x2A31, 0x4159, 0x2C31, 0x2B31, 0x482A, 0x3715, 0x2E31, 0x2F31, 0x2F12,
    0x2D31, 0x741C, 0x3231, 0x3131, 0x3031, 0x792B, 0x3331, 0x7E1D, 0x3431, 0x252D, 0x592C, 0x3631,
    0x3531, 0x3831, 0x3731, 0x3931, 0x3A31, 0x7410, 0x3518, 0x3B17, 0x3C1D, 0x7B23, 0x2416, 0x6820,
    0x7718, 0x4359, 0x6E19, 0x3C31, 0x482C, 0x4625, 0x791B, 0x3B31, 0x3D31, 0x5E25, 0x7513, 0x3E31,
    0x4459, 0x7E26, 0x3421, 0x4031, 0x4131, 0x2C28, 0x7818, 0x3B2F, 0x4231, 0x2616, 0x3C2A, 0x3622,
    0x7116, 0x3525, 0x7317, 0x4331, 0x4431, 0x6226, 0x5F11, 0x4731, 0x7D1A, 0x4631, 0x461A, 0x4831,
    0x6E46, 0x4931, 0x412B, 0x4A31, 0x4B31, 0x4C31, 0x691E, 0x4C1C, 0x4559, 0x2714, 0x4F31, 0x4D31,
    0x3D2C, 0x4E31, 0x5A29, 0x5031, 0x5131, 0x5231, 0x5F25, 0x5631, 0x5431, 0x5531, 0x5331, 0x631A,
    0x5731, 0x6A2C, 0x642E, 0x5831, 0x4659, 0x2820, 0x5931, 0x5A1D, 0x5A31, 0x7C23, 0x3F2E, 0x6025,
    0x4532, 0x5B31, 0x2554, 0x4516, 0x5C31, 0x5E2B, 0x681D, 0x7C22, 0x5E31, 0x6426, 0x4759, 0x5F31,
    0x6031, 0x2E13, 0x6131, 0x2716, 0x4C26, 0x7A11, 0x501D, 0x2128, 0x6231, 0x6125, 0x4F1F, 0x6331,
    0x2C2A, 0x5A20, 0x2214, 0x2914, 0x6431, 0x6631, 0x3A17, 0x6531, 0x4859, 0x732E, 0x691D, 0x3D28,
    0x4C2A, 0x6731, 0x782D, 0x6831, 0x6931, 0x7E25, 0x6A31, 0x2920, 0x7E1A, 0x7417, 0x6B31, 0x491B,
    0x6F19, 0x6624, 0x6D31, 0x2722, 0x6F1A, 0x6E31, 0x6F31, 0x3021, 0x6C31, 0x7131, 0x362B, 0x6419,
    0x7031, 0x7517, 0x5E1A, 0x6D27, 0x7431, 0x7231, 0x7B29, 0x6A1E, 0x7B31, 0x6413, 0x7531, 0x7331,
    0x4F21, 0x7731, 0x7631, 0x4413, 0x6017, 0x7C31, 0x2D2E, 0x7831, 0x7D31, 0x7A31, 0x7931, 0x4F2E,
    0x4959, 0x7918, 0x4312, 0x742E, 0x4A59, 0x751D, 0x5825, 0x6519, 0x2232, 0x2332, 0x3C5B, 0x652E,
    0x2B2F, 0x2532, 0x7A18, 0x2432, 0x2F13, 0x4B59, 0x2632, 0x562B, 0x3C24, 0x262D, 0x592A, 0x2732,
    0x5550, 0x3026, 0x2832, 0x2A14, 0x332C, 0x4C59, 0x211E, 0x2932, 0x672A, 0x2D32, 0x2A20, 0x2A32,
    0x5016, 0x2B32, 0x2B14, 0x2E17, 0x2E32, 0x2F32, 0x3032, 0x3132, 0x5B1C, 0x7B18, 0x5E2C, 0x4D59,
    0x682C, 0x7726, 0x712A, 0x3232, 0x4E59, 0x3332, 0x3532, 0x3732, 0x3632, 0x3832, 0x3D12, 0x4C2B,
    0x7C1A, 0x3932, 0x5921, 0x221E, 0x2916, 0x3A32, 0x4F59, 0x5B28, 0x3B32, 0x3C32, 0x3D32, 0x3E32,
    0x2429, 0x6816, 0x6510, 0x3F26, 0x3F32, 0x3D1D, 0x6920, 0x4132, 0x4032, 0x231E, 0x6118, 0x4332,
    0x3E28, 0x4432, 0x5C28, 0x3422, 0x6E22, 0x2816, 0x6E26, 0x3123, 0x6E27, 0x4E2B, 0x4632, 0x6A20,
    0x3517, 0x4732, 0x4832, 0x2C11, 0x7510, 0x6D14, 0x5059, 0x2822, 0x5115, 0x712D, 0x4B32, 0x3712,
    0x4A32, 0x2A16, 0x4C32, 0x712C, 0x5159, 0x4D32, 0x522E, 0x7C18, 0x3618, 0x4E32, 0x5032, 0x4F32,
    0x5F1F, 0x3911, 0x5E11, 0x5132, 0x5232, 0x5259, 0x3718, 0x5332, 0x6E15, 0x321B, 0x5432, 0x742B,
    0x351A, 0x5A15, 0x272D, 0x5021, 0x3F28, 0x7D1C, 0x471D, 0x681C, 0x751C, 0x761D, 0x4028, 0x5359,
    0x5732, 0x4311, 0x5121, 0x7D18, 0x4518, 0x6716, 0x5B32, 0x2123, 0x7E22, 0x2B16, 0x241E, 0x5C32,
    0x5A32, 0x4412, 0x6622, 0x381C, 0x4B1B, 0x2611, 0x7013, 0x6619, 0x4A1B, 0x5D32, 0x5E32, 0x4915,
    0x4613, 0x6719, 0x4815, 0x5F24, 0x2511, 0x3126, 0x3E2C, 0x2119, 0x792D, 0x4725, 0x7E18, 0x2F17,
    0x6732, 0x6316, 0x4A2B, 0x5D28, 0x6632, 0x5E14, 0x6132, 0x6232, 0x6432, 0x6532, 0x5B15, 0x611F,
    0x2D2A, 0x6332, 0x5F32, 0x6318, 0x6032, 0x242F, 0x722A, 0x6824, 0x6218, 0x7019, 0x6832, 0x5D26,
    0x6C32, 0x7E1C, 0x761C, 0x6F32, 0x6D32, 0x232C, 0x6A32, 0x7332, 0x6E32, 0x7132, 0x4618, 0x3F2C,
    0x7232, 0x7432, 0x7632, 0x5659, 0x701A, 0x422F, 0x6B32, 0x6932, 0x7532, 0x7032, 0x5559, 0x7832,
    0x2333, 0x7A32, 0x7E32, 0x5759, 0x2133, 0x7B32, 0x3E33, 0x691A, 0x3113, 0x7932, 0x2533, 0x7610,
    0x2433, 0x2510, 0x4A29, 0x2233, 0x7C32, 0x7732, 0x7D32, 0x481A, 0x2633, 0x7710, 0x2F33, 0x2733,
    0x2833, 0x251E, 0x692B, 0x2D33, 0x2C33, 0x2F25, 0x2E33, 0x2B33, 0x5859, 0x3411, 0x361A, 0x301F,
    0x2933, 0x6225, 0x2A33, 0x2210, 0x3433, 0x232D, 0x271E, 0x3A33, 0x3933, 0x3033, 0x4322, 0x3133,
    0x6F22, 0x3633, 0x261E, 0x3333, 0x642C, 0x3C17, 0x3733, 0x3833, 0x3533, 0x3B33, 0x3233, 0x4133,
    0x4633, 0x4233, 0x3D33, 0x4733, 0x3121, 0x5959, 0x4933, 0x2219, 0x3F33, 0x7D23, 0x4333, 0x3C33,
    0x2D14, 0x6E14, 0x6513, 0x4433, 0x4033, 0x7617, 0x4A33, 0x4833, 0x5321, 0x4A15, 0x2C16, 0x4533,
    0x7416, 0x4411, 0x4E33, 0x4C33, 0x2734, 0x5133, 0x4B33, 0x4F33, 0x4D33, 0x4C1B, 0x5033, 0x5333,
    0x5833, 0x5633, 0x5533, 0x3223, 0x4512, 0x5233, 0x5433, 0x281E, 0x3311, 0x5733, 0x5E12, 0x6233,
    0x7C1E, 0x5E33, 0x5C33, 0x5D33, 0x5F33, 0x3D11, 0x3921, 0x5933, 0x5A33, 0x7A13, 0x6133, 0x6F14,
    0x6433, 0x6033, 0x6333, 0x2E2A, 0x5526, 0x3828, 0x6633, 0x6533, 0x4513, 0x6733, 0x6A33, 0x6933,
    0x6833, 0x3927, 0x6B33, 0x6C33, 0x6E33, 0x6D33, 0x7033, 0x7333, 0x7133, 0x6F33, 0x7233, 0x7433,
    0x7533, 0x7633, 0x7733, 0x7833, 0x4531, 0x7C1C, 0x4D1B, 0x7312, 0x7810, 0x4423, 0x7933, 0x241A,
    0x4F10, 0x5E1F, 0x7A33, 0x4718, 0x7119, 0x7C33, 0x7B33, 0x602A, 0x7D33, 0x2134, 0x7E33, 0x2234,
    0x2334, 0x7717, 0x6011, 0x2434, 0x2634, 0x2534, 0x2834, 0x5A25, 0x2934, 0x3510, 0x5F1A, 0x3D17,
    0x4F23, 0x2A34, 0x2B34, 0x2D34, 0x2E34, 0x641A, 0x5116, 0x372B, 0x2C34, 0x2F34, 0x411A, 0x2319,
    0x5A59, 0x3334, 0x251A, 0x5B59, 0x3323, 0x3034, 0x5A24, 0x3434, 0x621F, 0x3234, 0x3534, 0x3F17,
    0x3634, 0x3734, 0x2419, 0x4013, 0x3934, 0x3A34, 0x5C59, 0x3B34, 0x3834, 0x3134, 0x3C34, 0x3D34,
    0x5E59, 0x5D59, 0x642B, 0x6B1E, 0x3F34, 0x4034, 0x3E34, 0x4234, 0x3827, 0x6810, 0x5629, 0x4334,
    0x7D1E, 0x391C, 0x5D27, 0x7014, 0x6B1A, 0x592B, 0x3226, 0x7817, 0x4F22, 0x4134, 0x4434, 0x4422,
    0x4534, 0x4634, 0x4834, 0x6924, 0x2E14, 0x4616, 0x6111, 0x732A, 0x6C1E, 0x4825, 0x661A, 0x4E34,
    0x3D2A, 0x5D2E, 0x7412, 0x4A34, 0x3A21, 0x4D34, 0x6325, 0x4925, 0x6425, 0x3928, 0x4D24, 0x491A,
    0x4934, 0x7611, 0x3625, 0x4B34, 0x4734, 0x501F, 0x4F34, 0x4E1D, 0x2D16, 0x5034, 0x682A, 0x7D21,
    0x4624, 0x6159, 0x5234, 0x4F2B, 0x5334, 0x5834, 0x6259, 0x2F2A, 0x5734, 0x5134, 0x5434, 0x5634,
    0x261A, 0x492A, 0x5934, 0x4523, 0x7512, 0x6D1E, 0x5B34, 0x5A34, 0x6819, 0x5C34, 0x5E34, 0x5D34,
    0x6034, 0x5534, 0x6234, 0x6134, 0x5F34, 0x4E1B, 0x511F, 0x5421, 0x6334, 0x3C20, 0x6D10, 0x6427,
    0x6434, 0x6534, 0x5B24, 0x6634, 0x6734, 0x6834, 0x6934, 0x512A, 0x6A34, 0x6359, 0x4612, 0x6B34,
    0x3C2D, 0x3013, 0x4932, 0x481D, 0x3F22, 0x6C34, 0x6B2C, 0x342C, 0x6E34, 0x6722, 0x3725, 0x4022,
    0x5729, 0x6F34, 0x7034, 0x7B11, 0x3A1C, 0x7134, 0x5010, 0x7234, 0x7334, 0x6211, 0x7114, 0x6026,
    0x742A, 0x7734, 0x5521, 0x7634, 0x4017, 0x6459, 0x5B2B, 0x7534, 0x6525, 0x7934, 0x7834, 0x6559,
    0x6659, 0x7B34, 0x7A34, 0x6759, 0x7C11, 0x7C34, 0x291E, 0x7E34, 0x2523, 0x7D34, 0x332A, 0x771D,
    0x5B25, 0x2135, 0x2519, 0x2235, 0x2127, 0x5E28, 0x512C, 0x2527, 0x2B35, 0x3815, 0x452D, 0x2F2C,
    0x2C36, 0x2335, 0x2635, 0x6859, 0x4522, 0x382B, 0x4A25, 0x2735, 0x652B, 0x6959, 0x4A1A, 0x2A1E,
    0x2835, 0x501B, 0x4F1B, 0x3910, 0x4818, 0x2B20, 0x5110, 0x2C35, 0x2D35, 0x2A35, 0x3811, 0x2F14,
    0x2935, 0x452C, 0x3129, 0x2810, 0x7910, 0x511B, 0x5210, 0x2310, 0x3235, 0x3035, 0x3C2C, 0x3335,
    0x3135, 0x2F35, 0x311F, 0x2E35, 0x5A2A, 0x6418, 0x3735, 0x3835, 0x2B1E, 0x3435, 0x2C2F, 0x4C27,
    0x3635, 0x271A, 0x3935, 0x5829, 0x3A35, 0x3535, 0x3B2C, 0x5E27, 0x3B35, 0x3229, 0x3C35, 0x4035,
    0x3D35, 0x4712, 0x3F35, 0x3B1C, 0x3E35, 0x7917, 0x4C35, 0x4535, 0x4235, 0x6423, 0x4135, 0x4335,
    0x4435, 0x4635, 0x4735, 0x7214, 0x4935, 0x4835, 0x4A35, 0x6E1E, 0x4D35, 0x5C24, 0x4511, 0x4B35,
    0x4E35, 0x4F35, 0x5235, 0x5035, 0x5135, 0x521B, 0x5335, 0x2619, 0x5435, 0x6A59, 0x7A1B, 0x3822,
    0x5535, 0x5635, 0x5A1B, 0x2719, 0x522C, 0x2815, 0x4918, 0x5735, 0x5813, 0x5835, 0x3922, 0x5935,
    0x2336, 0x5A35, 0x5B35, 0x5C35, 0x5E35, 0x5F35, 0x6035, 0x7022, 0x2711, 0x691C, 0x4210, 0x5721,
    0x3014, 0x351C, 0x2819, 0x6625, 0x211D, 0x3114, 0x6823, 0x6A24, 0x3810, 0x3915, 0x752A, 0x421C,
    0x5215, 0x6B20, 0x3C1C, 0x282D, 0x6135, 0x5C15, 0x4B1A, 0x3213, 0x6311, 0x2C1E, 0x4812, 0x6235,
    0x462D, 0x491D, 0x6B59, 0x641C, 0x6335, 0x7314, 0x5226, 0x292C, 0x6435, 0x6535, 0x5929, 0x6735,
    0x2814, 0x7716, 0x6635, 0x6D59, 0x3214, 0x321F, 0x6B35, 0x211B, 0x4912, 0x6A35, 0x6835, 0x6C35,
    0x6935, 0x2B27, 0x4D3C, 0x331F, 0x6D35, 0x6E59, 0x402E, 0x6E35, 0x7035, 0x7E23, 0x6F35, 0x2320,
    0x7B1B, 0x5022, 0x771C, 0x7529, 0x6C20, 0x4D1C, 0x7135, 0x2D1E, 0x7235, 0x7335, 0x5310, 0x3A22,
    0x521F, 0x7435, 0x3326, 0x2E1E, 0x2F1E, 0x7535, 0x6D20, 0x301E, 0x6F59, 0x7635, 0x7735, 0x602C,
    0x7835, 0x2154, 0x221D, 0x7935, 0x7A35, 0x5C1C, 0x2C1F, 0x7426, 0x541F, 0x7828, 0x2227, 0x4916,
    0x7B35, 0x6F15, 0x7C35, 0x7E16, 0x4F26, 0x3012, 0x531B, 0x7D35, 0x2236, 0x2136, 0x7D16, 0x7E35,
    0x3825, 0x3022, 0x4B25, 0x481C, 0x5821, 0x7A2D, 0x2436, 0x2536, 0x5626, 0x331B, 0x2736, 0x2836,
    0x2936, 0x7414, 0x2A36, 0x2B36, 0x2C12, 0x7059, 0x3B21, 0x6414, 0x2D36, 0x282C, 0x5222, 0x5913,
    0x2F36, 0x3136, 0x5F14, 0x7159, 0x2E36, 0x3036, 0x3336, 0x3236, 0x3436, 0x3536, 0x3D26, 0x2E16,
    0x6512, 0x3636, 0x3B36, 0x3936, 0x772A, 0x762A, 0x7259, 0x6725, 0x3836, 0x541D, 0x3736, 0x721F,
    0x3C36, 0x6A1A, 0x4236, 0x4336, 0x3D36, 0x3313, 0x3E36, 0x4736, 0x4636, 0x4536, 0x4136, 0x4036,
    0x4436, 0x7359, 0x782A, 0x7659, 0x4B36, 0x4836, 0x4A36, 0x722D, 0x4936, 0x7459, 0x3F36, 0x731F,
    0x4C36, 0x7759, 0x371A, 0x4D36, 0x4E36, 0x5136, 0x5036, 0x4F36, 0x6825, 0x3A36, 0x5736, 0x5336,
    0x5236, 0x5436, 0x5536, 0x5836, 0x7859, 0x7959, 0x662E, 0x5936, 0x5636, 0x5A36, 0x6014, 0x5B36,
    0x7A59, 0x5D36, 0x5C36, 0x5E36, 0x5F36, 0x6E20, 0x231D, 0x641D, 0x6321, 0x2919, 0x381A, 0x2A19,
    0x7015, 0x6036, 0x391A, 0x4A18, 0x6136, 0x262C, 0x4327, 0x6236, 0x2B19, 0x2C14, 0x2723, 0x5216,
    0x541B, 0x5B29, 0x4128, 0x6336, 0x7514, 0x6636, 0x2124, 0x6536, 0x6436, 0x6736, 0x6B24, 0x631F,
    0x551B, 0x4A20, 0x5322, 0x2215, 0x2224, 0x6836, 0x6936, 0x6F1E, 0x392B, 0x6C36, 0x6B36, 0x6A36,
    0x7D29, 0x7336, 0x5A2B, 0x6D36, 0x6F36, 0x6B2B, 0x6E36, 0x7036, 0x2828, 0x7136, 0x3E2A, 0x7236,
    0x3314, 0x3F2A, 0x2F27, 0x7436, 0x7536, 0x2C19, 0x3414, 0x7636, 0x3818, 0x442D, 0x292D, 0x7614,
    0x7836, 0x2324, 0x2D19, 0x311E, 0x5F28, 0x321E, 0x781D, 0x6C24, 0x792A, 0x3925, 0x2E19, 0x5C29,
    0x7936, 0x5925, 0x421A, 0x4B18, 0x6D24, 0x4310, 0x6E1D, 0x2F19, 0x472D, 0x7A36, 0x7B36, 0x5127,
    0x7C36, 0x772E, 0x2D2F, 0x7E36, 0x7D36, 0x4713, 0x2137, 0x2437, 0x2537, 0x2337, 0x4029, 0x331E,
    0x2737, 0x2637, 0x2237, 0x2837, 0x2937, 0x2A37, 0x2D37, 0x2B37, 0x2C37, 0x2E37, 0x6411, 0x6E24,
    0x2F37, 0x7A17, 0x7612, 0x3627, 0x3037, 0x7B26, 0x5B2A, 0x3137, 0x2E2F, 0x3237, 0x402A, 0x3537,
    0x2130, 0x3130, 0x301C, 0x7526, 0x3637, 0x5D15, 0x2424, 0x7A10, 0x3737, 0x262A, 0x3019, 0x5023,
    0x6F24, 0x7B59, 0x6F2C, 0x3918, 0x4C18, 0x3837, 0x3937, 0x3F37, 0x651C, 0x7C59, 0x2524, 0x2F16,
    0x3A37, 0x2B29, 0x4623, 0x3B37, 0x2C59, 0x3C37, 0x3016, 0x3D37, 0x3E37, 0x4037, 0x7625, 0x4137,
    0x4237, 0x4337, 0x3437, 0x3337, 0x4437, 0x4117, 0x2729, 0x7D59, 0x4C1A, 0x3729, 0x2624, 0x4B29,
    0x4537, 0x341E, 0x4611, 0x4637, 0x4737, 0x722C, 0x6028, 0x4A37, 0x7D11, 0x2C20, 0x4937, 0x4837,
    0x4217, 0x5422, 0x4E37, 0x4C37, 0x4B37, 0x272E, 0x6518, 0x791D, 0x4D37, 0x4C25, 0x3E1D, 0x4026,
    0x5137, 0x5037, 0x4F37, 0x5237, 0x6618, 0x5337, 0x7C29, 0x5B1D, 0x5437, 0x7928, 0x4126, 0x2724,
    0x7E59, 0x3025, 0x5537, 0x2B15, 0x341F, 0x2C29, 0x7714, 0x2627, 0x5637, 0x561B, 0x3A2B, 0x3B2B,
    0x7E11, 0x5B37, 0x215A, 0x6923, 0x5837, 0x7712, 0x2D38, 0x5A37, 0x3027, 0x5937, 0x5737, 0x7A19,
    0x5D37, 0x6337, 0x6937, 0x6137, 0x5C25, 0x6637, 0x5D29, 0x6037, 0x6537, 0x672E, 0x571B, 0x5522,
    0x5E37, 0x5E15, 0x6837, 0x2D20, 0x6511, 0x6237, 0x7812, 0x6737, 0x3116, 0x6437, 0x6A37, 0x6C37,
    0x7637, 0x7437, 0x7137, 0x7037, 0x782E, 0x7237, 0x3216, 0x3119, 0x7A1D, 0x7937, 0x6B37, 0x225A,
    0x6F37, 0x5F37, 0x7A12, 0x7337, 0x7537, 0x5123, 0x281A, 0x3812, 0x6D37, 0x7837, 0x7737, 0x3316,
    0x2922, 0x6613, 0x4317, 0x6E37, 0x7A37, 0x7D37, 0x2138, 0x235A, 0x3D1C, 0x245A, 0x2738, 0x7024,
    0x7B37, 0x2538, 0x7912, 0x2338, 0x2438, 0x7E37, 0x2238, 0x6718, 0x2A2D, 0x3514, 0x5911, 0x2638,
    0x3A27, 0x2D10, 0x6128, 0x5C37, 0x2C38, 0x3038, 0x652C, 0x2938, 0x6925, 0x2E38, 0x701E, 0x2F38,
    0x5726, 0x472F, 0x2B38, 0x265A, 0x3138, 0x7B19, 0x4B20, 0x255A, 0x5410, 0x2A38, 0x2838, 0x5A21,
    0x7C37, 0x341B, 0x4622, 0x3D38, 0x285A, 0x5B21, 0x3838, 0x3538, 0x3638, 0x661C, 0x3938, 0x3C38,
    0x3738, 0x251D, 0x3A38, 0x3438, 0x7C2C, 0x7B2C, 0x3E38, 0x3F38, 0x5510, 0x295A, 0x3338, 0x7216,
    0x2610, 0x3614, 0x275A, 0x3B38, 0x4338, 0x4238, 0x4738, 0x2B5A, 0x4838, 0x2A5A, 0x4638, 0x4938,
    0x4138, 0x4538, 0x4A38, 0x4B38, 0x4038, 0x7C1B, 0x4438, 0x5622, 0x3219, 0x3238, 0x351F, 0x5838,
    0x692A, 0x4E38, 0x4F38, 0x5038, 0x5738, 0x5638, 0x7D2B, 0x3714, 0x5438, 0x4517, 0x3413, 0x5138,
    0x382E, 0x5338, 0x5610, 0x5538, 0x4C38, 0x5238, 0x5938, 0x4417, 0x4D38, 0x5D2D, 0x2B2D, 0x5C38,
    0x6038, 0x7E21, 0x792E, 0x6138, 0x5E38, 0x5B38, 0x2C5A, 0x5A38, 0x5F38, 0x302A, 0x3426, 0x4617,
    0x6238, 0x5D38, 0x6338, 0x7B17, 0x3112, 0x6B38, 0x3814, 0x6938, 0x6A38, 0x291A, 0x6838, 0x6638,
    0x6538, 0x6C38, 0x6438, 0x6E38, 0x7B12, 0x7038, 0x6F38, 0x2824, 0x7338, 0x7138, 0x6738, 0x7C17,
    0x7238, 0x7638, 0x7538, 0x7738, 0x7438, 0x7838, 0x7938, 0x7A38, 0x6A2A, 0x7C38, 0x7B38, 0x3F1D,
    0x2E20, 0x6612, 0x7C12, 0x2D5A, 0x7D38, 0x3F10, 0x4C20, 0x7E38, 0x434C, 0x2139, 0x6117, 0x2239,
    0x6F20, 0x2339, 0x2439, 0x3A15, 0x2539, 0x2639, 0x2739, 0x5722, 0x4D18, 0x612C, 0x3C2B, 0x6A1D,
    0x2839, 0x7020, 0x3D4E, 0x6228, 0x6A1C, 0x4D1A, 0x2939, 0x4722, 0x272A, 0x7122, 0x2C39, 0x2A39,
    0x2D39, 0x2B39, 0x2E39, 0x312A, 0x3710, 0x5E29, 0x6328, 0x2F39, 0x3239, 0x351E, 0x3B15, 0x3039,
    0x3739, 0x361E, 0x3139, 0x4427, 0x5E2D, 0x3339, 0x3439, 0x3839, 0x6A25, 0x3539, 0x3319, 0x5E20,
    0x4639, 0x3428, 0x7222, 0x2E5A, 0x6428, 0x2D3A, 0x7A2A, 0x7124, 0x752B, 0x3B39, 0x2112, 0x6A23,
    0x4439, 0x3423, 0x3E39, 0x4539, 0x4039, 0x4739, 0x4339, 0x4239, 0x6F27, 0x3C39, 0x7D12, 0x3A39,
    0x7115, 0x7322, 0x3639, 0x3939, 0x3419, 0x5B20, 0x371E, 0x4139, 0x5227, 0x7215, 0x4813, 0x6713,
    0x211F, 0x4939, 0x4E39, 0x4A39, 0x7D17, 0x4F39, 0x221B, 0x6919, 0x261D, 0x3D39, 0x7D1B, 0x4C39,
    0x581B, 0x4D39, 0x4410, 0x4839, 0x2924, 0x7315, 0x3416, 0x4B39, 0x2710, 0x431A, 0x361F, 0x7224,
    0x5428, 0x5139, 0x5E21, 0x2A22, 0x2B1B, 0x5239, 0x5439, 0x5039, 0x612A, 0x3D24, 0x5C21, 0x7B2A,
    0x4E1C, 0x6039, 0x5F39, 0x781F, 0x7E17, 0x5939, 0x391E, 0x6826, 0x3127, 0x5739, 0x5D21, 0x781C,
    0x5C39, 0x381E, 0x5639, 0x5B39, 0x5327, 0x5539, 0x2117, 0x5D13, 0x5D39, 0x2B2E, 0x4E1A, 0x3523,
    0x5A39, 0x5C20, 0x3519, 0x641F, 0x6611, 0x3C21, 0x5839, 0x4515, 0x4717, 0x4F24, 0x5E39, 0x5F21,
    0x6139, 0x6339, 0x3722, 0x6939, 0x6439, 0x6639, 0x4129, 0x7324, 0x6739, 0x2C2D, 0x482D, 0x3914,
    0x2E10, 0x6539, 0x6239, 0x7814, 0x6711, 0x2F5A, 0x6839, 0x492D, 0x6C39, 0x3B22, 0x7339, 0x6D39,
    0x2454, 0x7139, 0x5339, 0x6E39, 0x7239, 0x4228, 0x6B25, 0x6B39, 0x6F39, 0x4817, 0x711A, 0x5D20,
    0x7739, 0x2625, 0x305A, 0x7439, 0x602B, 0x7539, 0x7639, 0x4E2C, 0x2220, 0x6217, 0x7D39, 0x351B,
    0x7A39, 0x7939, 0x3227, 0x315A, 0x3526, 0x3125, 0x7B39, 0x7C39, 0x6F29, 0x4527, 0x231B, 0x7120,
    0x502B, 0x7839, 0x253A, 0x7E39, 0x4A2D, 0x273A, 0x233A, 0x243A, 0x6021, 0x325A, 0x223A, 0x3F39,
    0x263A, 0x213A, 0x2B3A, 0x2C3A, 0x2725, 0x2E3A, 0x241B, 0x293A, 0x3C15, 0x2F3A, 0x283A, 0x333A,
    0x323A, 0x313A, 0x343A, 0x363A, 0x711E, 0x353A, 0x393A, 0x373A, 0x383A, 0x7039, 0x3B3A, 0x3A3A,
    0x4913, 0x3C3A, 0x303A, 0x591B, 0x3D3A, 0x3E3A, 0x403A, 0x3F3A, 0x413A, 0x7E12, 0x3619, 0x7C2A,
    0x2F20, 0x4E18, 0x433A, 0x463A, 0x335A, 0x5229, 0x5F15, 0x453A, 0x443A, 0x5427, 0x473A, 0x3516,
    0x493A, 0x483A, 0x3A14, 0x361B, 0x5826, 0x4917, 0x741F, 0x4A3A, 0x3020, 0x2825, 0x5F29, 0x4B3A,
    0x4C3A, 0x4D3A, 0x382A, 0x5D35, 0x4620, 0x4C29, 0x581A, 0x6528, 0x4328, 0x4D25, 0x412E, 0x4F3A,
    0x501C, 0x503A, 0x3610, 0x5416, 0x4D20, 0x6029, 0x513A, 0x421B, 0x4723, 0x5B1B, 0x371F, 0x523A,
    0x7D2A, 0x7711, 0x5C1B, 0x553A, 0x533A, 0x563A, 0x392E, 0x543A, 0x7B20, 0x573A, 0x3222, 0x583A,
    0x7A14, 0x5A3A, 0x593A, 0x5B3A, 0x5C3A, 0x7B14, 0x7C26, 0x3623, 0x6C15, 0x5D1B, 0x6121, 0x5C1D,
    0x3010, 0x5D3A, 0x2212, 0x613A, 0x345A, 0x3719, 0x603A, 0x2B1A, 0x3A1E, 0x375A, 0x5F3A, 0x3B1E,
    0x402C, 0x2A1A, 0x5710, 0x4E20, 0x355A, 0x663A, 0x395A, 0x3120, 0x4711, 0x3A5A, 0x551D, 0x662B,
    0x721A, 0x3C1E, 0x385A, 0x2720, 0x2859, 0x653A, 0x633A, 0x643A, 0x365A, 0x6B23, 0x263B, 0x6A3A,
    0x7E1B, 0x3819, 0x683A, 0x693A, 0x381F, 0x673A, 0x2F1B, 0x3C5A, 0x3D5A, 0x6C3A, 0x6B3A, 0x703A,
    0x713A, 0x6D3A, 0x3B5A, 0x2213, 0x6E3A, 0x6F3A, 0x5528, 0x6129, 0x4A17, 0x723A, 0x3F5A, 0x3220,
    0x3D1E, 0x5223, 0x4716, 0x733A, 0x773A, 0x4B12, 0x743A, 0x763A, 0x753A, 0x6B1D, 0x4823, 0x4510,
    0x783A, 0x405A, 0x793A, 0x415A, 0x2A24, 0x712E, 0x431B, 0x6B2A, 0x425A, 0x3D2B, 0x223B, 0x7B3A,
    0x7E3A, 0x7D3A, 0x435A, 0x7A3A, 0x213B, 0x5E26, 0x7C3A, 0x233B, 0x6C1D, 0x243B, 0x4B2D, 0x7827,
    0x253B, 0x273B, 0x283B, 0x293B, 0x4A16, 0x4811, 0x3919, 0x2A3B, 0x2B3B, 0x711D, 0x6221, 0x445A,
    0x2B59, 0x5832, 0x3E21, 0x3D21, 0x5822, 0x471A, 0x7230, 0x6E17, 0x2D2D, 0x7E2A, 0x7E29, 0x455A,
    0x2C3B, 0x731A, 0x3F24, 0x2D3B, 0x2F2F, 0x3E2B, 0x2B24, 0x2E3B, 0x7C14, 0x2F3B, 0x303B, 0x5A2C,
    0x242C, 0x762B, 0x5C2B, 0x251B, 0x323B, 0x6B1C, 0x512B, 0x343B, 0x373B, 0x363B, 0x7914, 0x6015,
    0x333B, 0x353B, 0x383B, 0x791F, 0x7B2D, 0x4910, 0x601A, 0x3C22, 0x5D1C, 0x731E, 0x3B3B, 0x4E25,
    0x393B, 0x2B22, 0x3A3B, 0x721E, 0x5D2C, 0x3C3B, 0x3D3B, 0x682D, 0x475A, 0x423B, 0x3A19, 0x5527,
    0x3F3B, 0x6C25, 0x5E3A, 0x623A, 0x4F15, 0x4727, 0x413B, 0x3E1E, 0x4428, 0x473B, 0x7A28, 0x3E3B,
    0x443B, 0x433B, 0x4F20, 0x6D2B, 0x532E, 0x672B, 0x4C12, 0x5E1B, 0x482F, 0x463B, 0x751F, 0x453B,
    0x403B, 0x4F18, 0x4C3B, 0x4A3B, 0x4D12, 0x483B, 0x4E3B, 0x543B, 0x485A, 0x4A5A, 0x4822, 0x412A,
    0x563B, 0x2229, 0x553B, 0x7027, 0x3F2B, 0x3B14, 0x7720, 0x401D, 0x5324, 0x2E2D, 0x513B, 0x503B,
    0x523B, 0x4F3B, 0x573B, 0x4D3B, 0x4B3B, 0x533B, 0x493B, 0x6C23, 0x782C, 0x461C, 0x741A, 0x3A1A,
    0x6F2B, 0x4113, 0x4B5A, 0x4E24, 0x4A26, 0x4911, 0x7220, 0x3420, 0x2A17, 0x593B, 0x3B19, 0x7C13,
    0x5B3B, 0x7413, 0x613B, 0x5E3B, 0x7320, 0x4B13, 0x2C1A, 0x4A13, 0x4F1A, 0x5C3B, 0x6517, 0x4B17,
    0x6D25, 0x4C5A, 0x5A3B, 0x4610, 0x5D3B, 0x5F3B, 0x4D16, 0x2C17, 0x495A, 0x3C14, 0x4B15, 0x623B,
    0x791A, 0x712B, 0x371B, 0x633B, 0x583B, 0x6F3B, 0x3312, 0x643B, 0x753B, 0x653B, 0x422E, 0x6C3B,
    0x5F27, 0x743B, 0x673B, 0x3410, 0x693B, 0x3C19, 0x6B3B, 0x6A3B, 0x663B, 0x713B, 0x3F1E, 0x6D34,
    0x6818, 0x7C2D, 0x683B, 0x7424, 0x2313, 0x2D1A, 0x603B, 0x703B, 0x6113, 0x6E3B, 0x723B, 0x6D3B,
    0x7E14, 0x323C, 0x2959, 0x492C, 0x773B, 0x7D14, 0x7E3B, 0x4D5A, 0x402B, 0x213C, 0x233C, 0x273C,
    0x793B, 0x2A23, 0x6F25, 0x2B3C, 0x7C3B, 0x283C, 0x223C, 0x391F, 0x2C3C, 0x3320, 0x2A3C, 0x3D14,
    0x502F, 0x763B, 0x263C, 0x5810, 0x783B, 0x3A2C, 0x7D3B, 0x221F, 0x4724, 0x733B, 0x253C, 0x7A1F,
    0x2F3C, 0x7113, 0x2118, 0x313C, 0x7A3B, 0x303C, 0x293C, 0x7B3B, 0x2D3C, 0x2E3C, 0x3F3C, 0x4E26,
    0x243C, 0x3B3C, 0x3D3C, 0x5824, 0x4C2D, 0x7629, 0x383C, 0x4A22, 0x3E3C, 0x3F21, 0x353C, 0x423C,
    0x413C, 0x6F26, 0x403C, 0x6A26, 0x4F5A, 0x443C, 0x373C, 0x4816, 0x3A3C, 0x5D1D, 0x6027, 0x3C3C,
    0x4B16, 0x343C, 0x363C, 0x333C, 0x302F, 0x5A13, 0x393C, 0x433C, 0x3513, 0x671A, 0x5D11, 0x543C,
    0x312F, 0x573C, 0x515A, 0x3A1F, 0x563C, 0x553C, 0x523C, 0x463C, 0x633C, 0x453C, 0x583C, 0x503C,
    0x4B3C, 0x483C, 0x493C, 0x513C, 0x6A2B, 0x4E3C, 0x3D19, 0x4824, 0x6421, 0x4C3C, 0x473C, 0x4A3C,
    0x4D2D, 0x2254, 0x4F3C, 0x593C, 0x525A, 0x613C, 0x5A3C, 0x673C, 0x653C, 0x603C, 0x5F3C, 0x5024,
    0x6521, 0x5D3C, 0x5B3C, 0x623C, 0x683C, 0x7528, 0x6E3C, 0x693C, 0x6C3C, 0x663C, 0x7423, 0x3829,
    0x5C3C, 0x643C, 0x401E, 0x4F2C, 0x783C, 0x6B3C, 0x2218, 0x2312, 0x5F13, 0x533C, 0x535A, 0x411E,
    0x703C, 0x773C, 0x791C, 0x7213, 0x2E23, 0x6D3C, 0x555A, 0x723C, 0x763C, 0x3616, 0x4C15, 0x743C,
    0x2115, 0x4B26, 0x733C, 0x753C, 0x545A, 0x6F3C, 0x565A, 0x713C, 0x575A, 0x6013, 0x4923, 0x7C3C,
    0x7A3C, 0x6918, 0x793C, 0x213D, 0x3029, 0x7B3C, 0x7D3C, 0x7E3C, 0x2C3D, 0x283D, 0x6E25, 0x273D,
    0x263D, 0x233D, 0x6A3C, 0x253D, 0x243D, 0x2A3D, 0x262F, 0x2D3D, 0x7B16, 0x293D, 0x2B3D, 0x585A,
    0x595A, 0x2728, 0x2E3D, 0x323D, 0x2F3D, 0x732D, 0x303D, 0x5E3C, 0x333D, 0x343D, 0x3511, 0x363D,
    0x6717, 0x211C, 0x5516, 0x2412, 0x5F2D, 0x383D, 0x373D, 0x3A3D, 0x3D15, 0x5616, 0x3E14, 0x3D3D,
    0x3C3D, 0x3E3D, 0x4E12, 0x3723, 0x3F3D, 0x3F14, 0x413D, 0x403D, 0x423D, 0x433D, 0x443D, 0x5F1B,
    0x3520, 0x211A, 0x7029, 0x622A, 0x442F, 0x751B, 0x501A, 0x722E, 0x453D, 0x463D, 0x601B, 0x473D,
    0x483D, 0x4A3D, 0x493D, 0x582B, 0x5E1D, 0x6C1C, 0x441B, 0x4B3D, 0x4D3D, 0x231F, 0x4C3D, 0x4E3D,
    0x4F3D, 0x503D, 0x513D, 0x523D, 0x543D, 0x533D, 0x553D, 0x2512, 0x4A23, 0x563D, 0x261B, 0x4C13,
    0x573D, 0x4225, 0x4C34, 0x2315, 0x583D, 0x593D, 0x6C2A, 0x682B, 0x4726, 0x5A3D, 0x6628, 0x5A5A,
    0x7B28, 0x532C, 0x5B3D, 0x5D3D, 0x5C3D, 0x5F3D, 0x5E3D, 0x613D, 0x611B, 0x312C, 0x623D, 0x633D,
    0x2415, 0x643D, 0x663D, 0x653D, 0x651F, 0x3929, 0x4A11, 0x4528, 0x5B5A, 0x7524, 0x411D, 0x6115,
    0x4628, 0x2E1C, 0x683D, 0x4014, 0x7811, 0x5C5A, 0x7226, 0x673D, 0x3E19, 0x5323, 0x693D, 0x713D,
    0x6A3D, 0x5E5A, 0x4122, 0x6215, 0x723D, 0x6817, 0x2515, 0x703D, 0x6E3D, 0x6B3D, 0x602D, 0x5D5A,
    0x4024, 0x5926, 0x6C3D, 0x743D, 0x733D, 0x2317, 0x2D12, 0x3B1A, 0x6D3D, 0x6F3D, 0x572B, 0x7422,
    0x772B, 0x7C3D, 0x7D3D, 0x4F12, 0x282A, 0x7D2C, 0x213E, 0x231C, 0x421E, 0x783D, 0x7E3D, 0x6811,
    0x3716, 0x753D, 0x7A3D, 0x7420, 0x7127, 0x6728, 0x773D, 0x212B, 0x793D, 0x243E, 0x5F5A, 0x223E,
    0x7B3D, 0x222B, 0x4827, 0x6315, 0x2525, 0x6D23, 0x253E, 0x233E, 0x5922, 0x763D, 0x4B11, 0x605A,
    0x4E2D, 0x303E, 0x2F3E, 0x7620, 0x2C3E, 0x6C2D, 0x3626, 0x263E, 0x4524, 0x4C11, 0x3F19, 0x293E,
    0x271D, 0x2E3E, 0x2D3E, 0x283E, 0x2B3E, 0x6813, 0x2A3E, 0x4927, 0x2E2E, 0x741E, 0x7520, 0x363E,
    0x343E, 0x4D29, 0x313E, 0x333E, 0x3A11, 0x4019, 0x322F, 0x3D13, 0x6229, 0x625A, 0x612D, 0x2413,
    0x3B1F, 0x353E, 0x3A3E, 0x615A, 0x431E, 0x302D, 0x373E, 0x323E, 0x383E, 0x635A, 0x5E2E, 0x393E,
    0x4226, 0x645A, 0x3613, 0x5511, 0x3E3E, 0x413E, 0x432E, 0x642D, 0x483E, 0x423E, 0x3F3E, 0x542E,
    0x453E, 0x655A, 0x4A1D, 0x473E, 0x4C3E, 0x7125, 0x4A3E, 0x443E, 0x3823, 0x4B3E, 0x403E, 0x463E,
    0x4D3E, 0x7C10, 0x433E, 0x4E3E, 0x3C1F, 0x675A, 0x5F1D, 0x252A, 0x2E1A, 0x665A, 0x3B3E, 0x493E,
    0x3A25, 0x685A, 0x3620, 0x6913, 0x511A, 0x441E, 0x3D3E, 0x421D, 0x4C17, 0x3C3E, 0x523E, 0x6D1D,
    0x3A18, 0x613E, 0x5B3E, 0x7415, 0x4F25, 0x563E, 0x5F3E, 0x2F10, 0x3211, 0x6B5A, 0x3912, 0x583E,
    0x2C22, 0x4F3E, 0x513E, 0x4119, 0x623E, 0x695A, 0x5D3E, 0x6C5A, 0x553E, 0x5C3E, 0x2B2C, 0x5A3E,
    0x5E3E, 0x5018, 0x451E, 0x3923, 0x6A5A, 0x543E, 0x2F2D, 0x573E, 0x503E, 0x7225, 0x533E, 0x593E,
    0x512F, 0x3E1C, 0x7E2B, 0x633E, 0x2E28, 0x6F3E, 0x3B18, 0x601D, 0x653E, 0x2F2E, 0x4219, 0x723E,
    0x6E10, 0x703E, 0x643E, 0x6A3E, 0x6C3E, 0x4F2D, 0x673E, 0x2E25, 0x693E, 0x6D5A, 0x713E, 0x6B3E,
    0x472C, 0x663E, 0x221C, 0x7E3E, 0x6A13, 0x683E, 0x6D3E, 0x6E3E, 0x6C22, 0x5A22, 0x763E, 0x7C3E,
    0x7A3E, 0x2925, 0x233F, 0x773E, 0x783E, 0x603E, 0x7915, 0x3A29, 0x3F1C, 0x7719, 0x332F, 0x743E,
    0x223F, 0x6911, 0x6621, 0x7927, 0x4114, 0x7A2E, 0x212C, 0x5224, 0x7B3E, 0x7D3E, 0x3221, 0x213F,
    0x793E, 0x733E, 0x753E, 0x6917, 0x2F3F, 0x2A3F, 0x7820, 0x6313, 0x611D, 0x333F, 0x2C3F, 0x2C24,
    0x293F, 0x5924, 0x4C3F, 0x263F, 0x253F, 0x2E3F, 0x283F, 0x273F, 0x2D3F, 0x2120, 0x243F, 0x6E5A,
    0x303F, 0x313F, 0x4214, 0x363F, 0x353F, 0x373F, 0x3A3F, 0x4325, 0x343F, 0x6F5A, 0x383F, 0x6317,
    0x7922, 0x323F, 0x3B27, 0x393F, 0x3E3F, 0x3C3F, 0x3F3F, 0x423F, 0x3B3F, 0x6A19, 0x2827, 0x7325,
    0x742D, 0x3D3F, 0x413F, 0x7522, 0x403F, 0x2B3F, 0x705A, 0x694F, 0x453F, 0x493F, 0x473F, 0x715A,
    0x725A, 0x433F, 0x443F, 0x483F, 0x463F, 0x4E29, 0x4E3F, 0x4B3F, 0x4A3F, 0x4D3F, 0x5426, 0x4F3F,
    0x7523, 0x6D22, 0x735A, 0x2520, 0x503F, 0x523F, 0x513F, 0x4314, 0x533F, 0x6726, 0x543F, 0x5012,
    0x7425, 0x2513, 0x6415, 0x5E1C, 0x521A, 0x745A, 0x272F, 0x661F, 0x6A11, 0x563F, 0x553F, 0x755A,
    0x593F, 0x3A23, 0x5C3F, 0x573F, 0x5B3F, 0x5A3F, 0x4025, 0x5910, 0x2759, 0x752E, 0x5E3F, 0x2811,
    0x603F, 0x5F3F, 0x5D3F, 0x583F, 0x232B, 0x623F, 0x775A, 0x613F, 0x765A, 0x6B11, 0x643F, 0x322A,
    0x633F, 0x352C, 0x471E, 0x3321, 0x461E, 0x795A, 0x7A5A, 0x7B2E, 0x6A3F, 0x7920, 0x663F, 0x6B3F,
    0x6C11, 0x785A, 0x693F, 0x6127, 0x653F, 0x683F, 0x481E, 0x5128, 0x6C3F, 0x511C, 0x7A20, 0x6F3F,
    0x673F, 0x2717, 0x6D3F, 0x502D, 0x703F, 0x2654, 0x4F1D, 0x713F, 0x723F, 0x2E27, 0x743F, 0x753F,
    0x7C5A, 0x3327, 0x7525, 0x773F, 0x793F, 0x552E, 0x763F, 0x783F, 0x6D11, 0x733F, 0x5B33, 0x7A3F,
    0x6721, 0x381B, 0x7C3F, 0x7B3F, 0x241F, 0x5932, 0x7D3F, 0x2140, 0x6E3F, 0x7E3F, 0x7D5A, 0x2240,
    0x7A27, 0x2340, 0x2440, 0x2540, 0x2640, 0x5E24, 0x2840, 0x2740, 0x2940, 0x2A40, 0x5F1C, 0x6329,
    0x6C2C, 0x2B40, 0x2C40, 0x5621, 0x241C, 0x2D40, 0x2E40, 0x2F40, 0x522A, 0x4728, 0x3040, 0x5727,
    0x2D24, 0x3140, 0x6712, 0x6D15, 0x462C, 0x362C, 0x3412, 0x342F, 0x522B, 0x2A2A, 0x3720, 0x3240,
    0x4326, 0x2318, 0x3340, 0x541A, 0x3540, 0x3440, 0x3640, 0x3740, 0x3840, 0x3E15, 0x3940, 0x3A40,
    0x2418, 0x4828, 0x7E5A, 0x3C40, 0x751E, 0x3B40, 0x215B, 0x3816, 0x3D40, 0x3F40, 0x3E40, 0x4040,
    0x5118, 0x4140, 0x6916, 0x4021, 0x7D19, 0x4340, 0x4440, 0x4240, 0x6D1C, 0x4826, 0x3916, 0x4640,
    0x2C23, 0x4540, 0x352F, 0x6227, 0x4940, 0x4B40, 0x4840, 0x542C, 0x4A40, 0x4C40, 0x442E, 0x225B,
    0x5040, 0x4F40, 0x7623, 0x2D27, 0x2518, 0x4E40, 0x4D40, 0x312D, 0x322D, 0x5140, 0x6E11, 0x7619,
    0x621B, 0x5240, 0x5340, 0x5540, 0x431D, 0x5740, 0x5640, 0x5840, 0x4D13, 0x5A40, 0x245B, 0x5940,
    0x5C40, 0x5B40, 0x3C18, 0x282E, 0x4C16, 0x2612, 0x6A16, 0x6114, 0x682E, 0x5E40, 0x6040, 0x255B,
    0x6140, 0x5112, 0x5D40, 0x265B, 0x391B, 0x4124, 0x5F40, 0x295B, 0x275B, 0x6440, 0x6E1C, 0x285B,
    0x6240, 0x3E17, 0x4928, 0x6340, 0x7E40, 0x2B5B, 0x6940, 0x3D18, 0x6515, 0x6640, 0x7D2D, 0x2A5B,
    0x302E, 0x7622, 0x6840, 0x2C5B, 0x2E5B, 0x2D5B, 0x2F5B, 0x6A40, 0x562E, 0x5716, 0x7C28, 0x4A27,
    0x6B40, 0x6D40, 0x7040, 0x6C40, 0x6F40, 0x6A18, 0x4D11, 0x7140, 0x701F, 0x6E40, 0x5C2E, 0x305B,
    0x7440, 0x6A39, 0x7240, 0x7540, 0x6740, 0x7340, 0x3C1A, 0x7640, 0x7740, 0x7E2D, 0x315B, 0x7840,
    0x7940, 0x325B, 0x6540, 0x7A40, 0x4414, 0x251C, 0x7B40, 0x7C40, 0x7D40, 0x3B11, 0x2141, 0x3B29,
    0x2241, 0x2414, 0x2341, 0x2441, 0x2541, 0x2741, 0x2841, 0x2641, 0x5329, 0x2A41, 0x2941, 0x335B,
    0x2C41, 0x2B41, 0x2D41, 0x2E41, 0x3041, 0x2F41, 0x7919, 0x3241, 0x3141, 0x4514, 0x531F, 0x3C25,
    0x3341, 0x3820, 0x3A1B, 0x7911, 0x3441, 0x512D, 0x632A, 0x3541, 0x6C59, 0x4425, 0x332D, 0x4319,
    0x3D1F, 0x4B23, 0x3432, 0x2E24, 0x6812, 0x3641, 0x3741, 0x3C41, 0x3A41, 0x3941, 0x423A, 0x2613,
    0x3841, 0x5A10, 0x2A28, 0x4A28, 0x312E, 0x3D41, 0x3B41, 0x5C23, 0x2620, 0x2B28, 0x2D29, 0x3F41,
    0x2C2E, 0x4D17, 0x4041, 0x3E41, 0x5628, 0x4141, 0x4241, 0x345B, 0x5B10, 0x761E, 0x4741, 0x4441,
    0x6D26, 0x4341, 0x2615, 0x4A41, 0x4541, 0x4641, 0x4941, 0x4841, 0x2529, 0x4221, 0x4121, 0x3F15,
    0x4B41, 0x4C41, 0x4D41, 0x4F41, 0x4E41, 0x5611, 0x5741, 0x6828, 0x5141, 0x5341, 0x5541, 0x3E1F,
    0x5641, 0x5441, 0x401C, 0x5041, 0x5241, 0x4229, 0x491E, 0x5941, 0x5841, 0x5A41, 0x261C, 0x2F1A,
    0x7725, 0x5B41, 0x4B24, 0x5D41, 0x212E, 0x5C41, 0x6921, 0x6241, 0x6441, 0x6541, 0x5423, 0x6341,
    0x6041, 0x5E41, 0x5F41, 0x6141, 0x6841, 0x6641, 0x6741, 0x6941, 0x6B41, 0x6C41, 0x6D41, 0x6E41,
    0x6A41, 0x7041, 0x6F41, 0x7141, 0x452E, 0x7441, 0x7241, 0x7341, 0x6214, 0x7E2C, 0x4A2A, 0x7641,
    0x7541, 0x7741, 0x7841, 0x7C41, 0x7941, 0x7A41, 0x7B41, 0x7D41, 0x7E41, 0x2142, 0x2242, 0x2342,
    0x2F28, 0x5025, 0x2442, 0x7227, 0x3429, 0x2542, 0x355B, 0x2642, 0x2A25, 0x2713, 0x4419, 0x2742,
    0x2842, 0x2942, 0x291B, 0x2B42, 0x2A42, 0x2C42, 0x2D42, 0x385B, 0x365B, 0x375B, 0x395B, 0x6928,
    0x2E42, 0x2F42, 0x6953, 0x3042, 0x3142, 0x3242, 0x2E1B, 0x3342, 0x5627, 0x5F2B, 0x4E11, 0x5711,
    0x3442, 0x3642, 0x3542, 0x7025, 0x3920, 0x393D, 0x3742, 0x412C, 0x3842, 0x4614, 0x5728, 0x3942,
    0x3A42, 0x3B42, 0x5C2C, 0x552C, 0x3E24, 0x6A21, 0x3D42, 0x621D, 0x4A1E, 0x4042, 0x3F42, 0x3E42,
    0x7D28, 0x4714, 0x2918, 0x4642, 0x4342, 0x3F1F, 0x322C, 0x4242, 0x4442, 0x4542, 0x4142, 0x4742,
    0x4842, 0x2F24, 0x6314, 0x6523, 0x3B5B, 0x4942, 0x4A42, 0x4D42, 0x671F, 0x4426, 0x4E42, 0x532B,
    0x4B42, 0x4C42, 0x5142, 0x5042, 0x4F42, 0x5342, 0x5242, 0x5442, 0x5642, 0x5542, 0x4D2A, 0x561D,
    0x462E, 0x5742, 0x3726, 0x5842, 0x5942, 0x5D42, 0x5B42, 0x5C42, 0x5A42, 0x5E42, 0x5F42, 0x6042,
    0x6142, 0x372C, 0x6242, 0x702C, 0x6342, 0x4E23, 0x6A27, 0x6B16, 0x3B23, 0x6442, 0x3A16, 0x5020,
    0x6542, 0x3D1A, 0x6642, 0x6742, 0x2618, 0x551A, 0x6942, 0x3D5B, 0x5625, 0x561A, 0x4E15, 0x242B,
    0x4B27, 0x6A42, 0x6842, 0x6B42, 0x3E5B, 0x4B1E, 0x3F5B, 0x322E, 0x4519, 0x2718, 0x2328, 0x6D42,
    0x405B, 0x6F42, 0x6B18, 0x6E42, 0x7624, 0x7142, 0x3713, 0x6C42, 0x6A28, 0x3011, 0x6C1A, 0x522F,
    0x7042, 0x7242, 0x4B2A, 0x5920, 0x7442, 0x7542, 0x7342, 0x4E13, 0x7B42, 0x7A42, 0x271C, 0x7C42,
    0x7742, 0x7D42, 0x7842, 0x5828, 0x7642, 0x7942, 0x2243, 0x2143, 0x612B, 0x7E42, 0x6B10, 0x2443,
    0x2343, 0x4C1E, 0x2543, 0x4321, 0x2743, 0x2643, 0x2843, 0x5C19, 0x5725, 0x2A43, 0x2943, 0x415B,
    0x281C, 0x692E, 0x521C, 0x2B43, 0x3717, 0x4015, 0x2715, 0x631B, 0x342D, 0x3143, 0x3043, 0x4421,
    0x2D43, 0x2F43, 0x4B1D, 0x401F, 0x2E43, 0x2C43, 0x2A27, 0x4D1E, 0x3C29, 0x571A, 0x7825, 0x3243,
    0x3343, 0x4943, 0x5816, 0x3D2F, 0x3521, 0x3443, 0x5212, 0x7724, 0x212A, 0x455B, 0x475B, 0x3543,
    0x7A15, 0x3643, 0x3843, 0x3943, 0x2927, 0x3A43, 0x3B43, 0x3C43, 0x5916, 0x5312, 0x4526, 0x281D,
    0x641B, 0x3D43, 0x291D, 0x4A12, 0x4329, 0x3E43, 0x6B28, 0x4521, 0x4143, 0x4243, 0x6927, 0x411F,
    0x3F43, 0x6123, 0x4043, 0x4E1E, 0x5C10, 0x2915, 0x4343, 0x7824, 0x4443, 0x4720, 0x2D2C, 0x2329,
    0x4543, 0x4643, 0x5523, 0x472E, 0x4843, 0x4743, 0x6F1C, 0x4A43, 0x7010, 0x4D43, 0x4B43, 0x5412,
    0x4E17, 0x4C43, 0x4619, 0x7219, 0x662A, 0x4E43, 0x542B, 0x5043, 0x5120, 0x4F11, 0x3A12, 0x2C10,
    0x4F43, 0x5143, 0x5243, 0x771E, 0x5343, 0x4F13, 0x5543, 0x6A17, 0x6615, 0x5643, 0x7516, 0x5743,
    0x7C20, 0x4D26, 0x6020, 0x751A, 0x5843, 0x6223, 0x6B21, 0x5A43, 0x5C43, 0x5943, 0x5B43, 0x2217,
    0x5D43, 0x2617, 0x6715, 0x522D, 0x5F43, 0x6043, 0x2E11, 0x6343, 0x5E43, 0x6243, 0x6143, 0x6543,
    0x7613, 0x6643, 0x292E, 0x6743, 0x6843, 0x485B, 0x7434, 0x6A43, 0x6943, 0x6B43, 0x6C43, 0x352E,
    0x6D43, 0x6F50, 0x4F1E, 0x6E43, 0x6F43, 0x571D, 0x3826, 0x7043, 0x495B, 0x2823, 0x4B5B, 0x7143,
    0x3C23, 0x7243, 0x2516, 0x3F31, 0x5D23, 0x331C, 0x4814, 0x7343, 0x2244, 0x7643, 0x6815, 0x7543,
    0x2444, 0x7443, 0x501E, 0x7843, 0x7943, 0x2B25, 0x7A43, 0x5E13, 0x5A1F, 0x6429, 0x7C43, 0x6822,
    0x7743, 0x7B43, 0x7D43, 0x7B1A, 0x2644, 0x2E29, 0x2628, 0x7925, 0x5A16, 0x2544, 0x2344, 0x3528,
    0x7E43, 0x5E23, 0x7B25, 0x7A25, 0x761A, 0x3844, 0x2844, 0x2A44, 0x2D44, 0x2E44, 0x2B44, 0x2C44,
    0x2944, 0x2744, 0x2144, 0x4F2A, 0x5512, 0x3544, 0x3244, 0x3744, 0x3644, 0x7327, 0x272C, 0x3B1B,
    0x3044, 0x3944, 0x3444, 0x3344, 0x2F44, 0x4C5B, 0x3144, 0x4914, 0x3D23, 0x7D20, 0x2228, 0x3E44,
    0x2428, 0x6120, 0x3B44, 0x4F28, 0x3F44, 0x532A, 0x5B23, 0x3A44, 0x3C44, 0x3D44, 0x4044, 0x441C,
    0x4626, 0x4544, 0x4444, 0x4144, 0x4644, 0x4A44, 0x4E44, 0x4B44, 0x4744, 0x4844, 0x4D44, 0x4244,
    0x5532, 0x4944, 0x4344, 0x4C44, 0x5244, 0x4A14, 0x4F44, 0x5044, 0x5144, 0x5444, 0x5344, 0x7628,
    0x5544, 0x7C2E, 0x6D2A, 0x5A44, 0x5744, 0x5644, 0x5220, 0x5944, 0x5B44, 0x5844, 0x5F44, 0x5C44,
    0x5D44, 0x362F, 0x5E44, 0x6044, 0x6144, 0x462A, 0x6244, 0x622C, 0x4E16, 0x2917, 0x6344, 0x342A,
    0x681F, 0x302C, 0x6444, 0x332E, 0x7427, 0x4621, 0x3427, 0x4D1D, 0x4010, 0x6944, 0x6744, 0x6544,
    0x2114, 0x511E, 0x6A44, 0x6844, 0x6644, 0x6E44, 0x6D44, 0x6C44, 0x6B44, 0x6F44, 0x7044, 0x3A20,
    0x7144, 0x7344, 0x7244, 0x5218, 0x3821, 0x7544, 0x7C25, 0x7444, 0x7644, 0x352A, 0x6C21, 0x4719,
    0x7744, 0x482E, 0x7944, 0x7A44, 0x7B44, 0x7C44, 0x651B, 0x7D44, 0x4F17, 0x6A15, 0x2A15, 0x2145,
    0x732C, 0x4819, 0x7E44, 0x2445, 0x662C, 0x3C27, 0x3329, 0x631D, 0x2345, 0x531C, 0x4919, 0x661B,
    0x6915, 0x362A, 0x2245, 0x4721, 0x422B, 0x771A, 0x671B, 0x5D24, 0x2745, 0x5F2E, 0x591A, 0x2845,
    0x421F, 0x2A45, 0x521E, 0x301A, 0x2945, 0x2A1D, 0x3E18, 0x4821, 0x2545, 0x2B45, 0x4E5B, 0x2645,
    0x5017, 0x2E45, 0x3245, 0x6B17, 0x2D45, 0x3645, 0x4F5B, 0x4A19, 0x6D2D, 0x3C10, 0x3345, 0x6B15,
    0x3045, 0x3145, 0x7D25, 0x2F45, 0x2C45, 0x2813, 0x6420, 0x2818, 0x3845, 0x3545, 0x3745, 0x3445,
    0x5117, 0x3322, 0x3945, 0x6E21, 0x4645, 0x515B, 0x4245, 0x3C45, 0x4045, 0x7A1C, 0x5D10, 0x3B45,
    0x4345, 0x4745, 0x4B19, 0x562C, 0x5624, 0x3D45, 0x505B, 0x4545, 0x3A45, 0x3E23, 0x3F45, 0x3D10,
    0x4A2C, 0x3E45, 0x5B16, 0x6C28, 0x6D21, 0x502E, 0x6F1D, 0x6E45, 0x525B, 0x4845, 0x7E20, 0x4445,
    0x4945, 0x4B45, 0x7924, 0x4E45, 0x4A45, 0x542A, 0x4B14, 0x4B2C, 0x5E10, 0x4D45, 0x7D2E, 0x4C45,
    0x6F11, 0x6C26, 0x4F45, 0x5645, 0x5045, 0x5745, 0x5345, 0x7B27, 0x4A1C, 0x5545, 0x5245, 0x5845,
    0x5145, 0x441D, 0x252B, 0x4C1D, 0x5445, 0x6045, 0x5C45, 0x5F45, 0x5D45, 0x6145, 0x5B45, 0x4145,
    0x5320, 0x4B28, 0x5E45, 0x5945, 0x2121, 0x5217, 0x2B1D, 0x535B, 0x251F, 0x3621, 0x6445, 0x6645,
    0x6745, 0x6345, 0x6545, 0x5A45, 0x6245, 0x6A45, 0x6945, 0x7A2B, 0x2B17, 0x6845, 0x6C45, 0x6B45,
    0x6F45, 0x7145, 0x3C1B, 0x6D45, 0x7245, 0x7345, 0x2159, 0x7445, 0x7A45, 0x3B25, 0x7645, 0x7545,
    0x7745, 0x7845, 0x7945, 0x7B45, 0x7C45, 0x4C14, 0x7D45, 0x7E45, 0x2146, 0x545B, 0x2246, 0x2346,
    0x2446, 0x2546, 0x2646, 0x2846, 0x2746, 0x2946, 0x2A46, 0x2B46, 0x2E46, 0x2C46, 0x2D46, 0x611A,
    0x5317, 0x5623, 0x3328, 0x701D, 0x4D27, 0x6D28, 0x2F46, 0x6D38, 0x3046, 0x3246, 0x652D, 0x3146,
    0x3446, 0x3346, 0x532D, 0x3546, 0x7E28, 0x3646, 0x3946, 0x3846, 0x3746, 0x555B, 0x3A46, 0x3217,
    0x2221, 0x4115, 0x3E46, 0x3B46, 0x3C46, 0x3F46, 0x4046, 0x3D46, 0x2911, 0x2712, 0x4246, 0x4346,
    0x4446, 0x622D, 0x2C1D, 0x4646, 0x4546, 0x691F, 0x4746, 0x4846, 0x4946, 0x6514, 0x4D14, 0x4A46,
    0x4B46, 0x5D2B, 0x632D, 0x542D, 0x372F, 0x4D19, 0x4E46, 0x541C, 0x4D46, 0x4F46, 0x291C, 0x5122,
    0x5046, 0x4C19, 0x572C, 0x5146, 0x5246, 0x5346, 0x5446, 0x5546, 0x2A1C, 0x6D2C, 0x5746, 0x3F23,
    0x5646, 0x5946, 0x5846, 0x5A46, 0x3B20, 0x5B46, 0x5C46, 0x392A, 0x5D46, 0x6F21, 0x5E46, 0x5F46,
    0x7E2E, 0x6246, 0x6146, 0x6046, 0x3024, 0x6346, 0x261F, 0x6446, 0x6546, 0x382F, 0x6646, 0x6746,
    0x6946, 0x6846, 0x2528, 0x7926, 0x3E2F, 0x2928, 0x6B46, 0x531E, 0x2A29, 0x6C46, 0x6A46, 0x4E14,
    0x5418, 0x681B, 0x6E28, 0x2A18, 0x432B, 0x6F46, 0x6D46, 0x4E19, 0x4F19, 0x6910, 0x681A, 0x5927,
    0x5F10, 0x7446, 0x4023, 0x5827, 0x5B22, 0x7646, 0x7246, 0x7546, 0x7046, 0x7346, 0x262B, 0x5518,
    0x7D10, 0x7146, 0x7846, 0x7946, 0x3926, 0x3B16, 0x2647, 0x3D27, 0x691B, 0x3C16, 0x4820, 0x462F,
    0x2E2C, 0x7746, 0x5420, 0x5315, 0x7A46, 0x7C46, 0x7B46, 0x7D46, 0x2623, 0x3E27, 0x3124, 0x2347,
    0x2247, 0x7E46, 0x551F, 0x6529, 0x2547, 0x2447, 0x5019, 0x532F, 0x3547, 0x2947, 0x2A47, 0x701C,
    0x2847, 0x7819, 0x2747, 0x2B47, 0x3224, 0x222A, 0x2321, 0x5C22, 0x2F47, 0x3047, 0x2C47, 0x2D47,
    0x2E47, 0x5119, 0x3647, 0x3247, 0x6629, 0x6C2B, 0x2829, 0x3147, 0x3447, 0x3347, 0x442B, 0x3747,
    0x3847, 0x3721, 0x3947, 0x3B47, 0x3F47, 0x3C47, 0x3A47, 0x3F27, 0x3D47, 0x3E47, 0x3212, 0x4547,
    0x4047, 0x4147, 0x4247, 0x2122, 0x4447, 0x4347, 0x4647, 0x4747, 0x4847, 0x431F, 0x6912, 0x4947,
    0x572E, 0x2B1C, 0x2D1D, 0x6A1B, 0x5723, 0x4A47, 0x4B47, 0x3111, 0x4C47, 0x4D47, 0x4E47, 0x4F47,
    0x5047, 0x3D16, 0x2A3A, 0x5147, 0x6520, 0x5247, 0x4B1C, 0x5347, 0x3030, 0x5447, 0x5E2A, 0x5C14,
    0x2421, 0x581D, 0x7129, 0x2E1D, 0x5547, 0x5219, 0x5647, 0x4C28, 0x6447, 0x5847, 0x4922, 0x7527,
    0x3F18, 0x5747, 0x2521, 0x5947, 0x7A24, 0x5B47, 0x5A47, 0x5D47, 0x5C47, 0x5E47, 0x6047, 0x5F47,
    0x4F14, 0x6147, 0x6247, 0x6347, 0x311A, 0x492E, 0x6547, 0x271F, 0x7011, 0x6647, 0x6747, 0x6847,
    0x7210, 0x6947, 0x6A47, 0x6729, 0x471C, 0x6C47, 0x2913, 0x3210, 0x6B47, 0x6E47, 0x4E27, 0x441F,
    0x5612, 0x272B, 0x5D17, 0x5C16, 0x6D47, 0x6A12, 0x2314, 0x7111, 0x7247, 0x6A2E, 0x5D22, 0x4429,
    0x7E47, 0x5712, 0x7C47, 0x7A47, 0x7147, 0x6F47, 0x7047, 0x631C, 0x6C16, 0x7723, 0x5126, 0x5111,
    0x7447, 0x7347, 0x7947, 0x7547, 0x7847, 0x575B, 0x502C, 0x7747, 0x5812, 0x7D13, 0x7B47, 0x7D47,
    0x5417, 0x2348, 0x2C48, 0x2D48, 0x2B10, 0x3448, 0x7110, 0x2B48, 0x2A48, 0x2548, 0x2448, 0x2248,
    0x2148, 0x6323, 0x7B22, 0x2748, 0x2648, 0x2948, 0x7021, 0x5517, 0x4111, 0x2848, 0x5319, 0x7121,
    0x585B, 0x3A48, 0x3B48, 0x5912, 0x2E12, 0x3848, 0x595B, 0x2E48, 0x3648, 0x3D48, 0x3748, 0x3548,
    0x7647, 0x3348, 0x2F48, 0x5014, 0x3148, 0x3C48, 0x3248, 0x3E48, 0x3048, 0x7C27, 0x692D, 0x3948,
    0x4F48, 0x4748, 0x7B1F, 0x5A5B, 0x4615, 0x5D16, 0x4248, 0x5B12, 0x541E, 0x4548, 0x5A1A, 0x5125,
    0x4A48, 0x6E2A, 0x4148, 0x5A12, 0x5618, 0x2929, 0x4B48, 0x3F48, 0x5B5B, 0x4848, 0x5248, 0x4348,
    0x4448, 0x3A26, 0x4948, 0x4648, 0x282B, 0x4C48, 0x6010, 0x4048, 0x4E48, 0x4D48, 0x6B27, 0x5448,
    0x5F48, 0x7E13, 0x6248, 0x5048, 0x5548, 0x6E2D, 0x5E48, 0x5C5B, 0x552D, 0x2A2E, 0x7823, 0x6B13,
    0x7229, 0x6448, 0x2126, 0x3110, 0x5D48, 0x5948, 0x7221, 0x5348, 0x5B48, 0x6048, 0x2C27, 0x2A10,
    0x5848, 0x6148, 0x7829, 0x5C48, 0x5748, 0x551E, 0x2F1D, 0x2C1C, 0x582C, 0x4729, 0x6748, 0x7048,
    0x5A48, 0x7713, 0x5D5B, 0x781E, 0x6548, 0x6A48, 0x7321, 0x6648, 0x6D48, 0x5F23, 0x6E48, 0x562D,
    0x6348, 0x3813, 0x6948, 0x6C48, 0x2C2C, 0x6F48, 0x6848, 0x6B48, 0x2559, 0x292B, 0x212F, 0x7348,
    0x7A48, 0x7248, 0x431C, 0x5148, 0x4E2A, 0x222C, 0x7948, 0x7848, 0x7448, 0x7548, 0x3611, 0x7748,
    0x7148, 0x5524, 0x7648, 0x7E10, 0x2222, 0x432A, 0x7B48, 0x2149, 0x5928, 0x7E48, 0x561E, 0x2249,
    0x2349, 0x3E16, 0x5E5B, 0x2449, 0x7929, 0x7D48, 0x5F5B, 0x5648, 0x7C48, 0x4F2F, 0x2226, 0x7329,
    0x605B, 0x2B49, 0x3149, 0x3249, 0x2549, 0x7627, 0x2F49, 0x2749, 0x2949, 0x3349, 0x2849, 0x2C49,
    0x7211, 0x6526, 0x2D49, 0x3049, 0x2649, 0x2621, 0x2A49, 0x271B, 0x451F, 0x3017, 0x742C, 0x2E49,
    0x721D, 0x625B, 0x3749, 0x3549, 0x4E2F, 0x3449, 0x752D, 0x3649, 0x3849, 0x3949, 0x3C49, 0x3A49,
    0x2326, 0x3B49, 0x4D28, 0x792C, 0x731D, 0x3D49, 0x4249, 0x7421, 0x4149, 0x491C, 0x4349, 0x4921,
    0x3E49, 0x4049, 0x3F49, 0x313D, 0x223D, 0x4549, 0x4449, 0x762D, 0x3C42, 0x4649, 0x4749, 0x4849,
    0x5718, 0x5415, 0x4A49, 0x5D31, 0x7515, 0x3A2E, 0x7316, 0x4B49, 0x4C49, 0x6E23, 0x4D49, 0x7A26,
    0x3A10, 0x6312, 0x5249, 0x5349, 0x4E49, 0x3D1B, 0x4F49, 0x4227, 0x5049, 0x5149, 0x5B49, 0x5549,
    0x5849, 0x5449, 0x5649, 0x5749, 0x581C, 0x5949, 0x4123, 0x5617, 0x5A49, 0x5C49, 0x3F13, 0x6149,
    0x5D49, 0x6049, 0x3A28, 0x5E49, 0x5F49, 0x4829, 0x5A28, 0x6249, 0x7D22, 0x6C49, 0x6849, 0x6B12,
    0x6649, 0x2A2B, 0x6749, 0x6449, 0x6549, 0x6A49, 0x6D49, 0x6B49, 0x6949, 0x6349, 0x5823, 0x7449,
    0x2A2C, 0x7249, 0x7349, 0x6E49, 0x7049, 0x7149, 0x6F49, 0x6620, 0x392F, 0x7849, 0x7949, 0x214A,
    0x2A1F, 0x7B49, 0x7E49, 0x7649, 0x7549, 0x224A, 0x5C12, 0x7C49, 0x234A, 0x7D49, 0x7A49, 0x3324,
    0x7749, 0x244A, 0x274A, 0x3B2D, 0x264A, 0x254A, 0x2E4A, 0x284A, 0x304A, 0x662D, 0x334A, 0x2A4A,
    0x2B4A, 0x2F4A, 0x324A, 0x314A, 0x294A, 0x2C4A, 0x3D4A, 0x364A, 0x344A, 0x354A, 0x3A4A, 0x3B4A,
    0x2A13, 0x4215, 0x394A, 0x6827, 0x655B, 0x384A, 0x3C4A, 0x374A, 0x3E4A, 0x404A, 0x3F4A, 0x424A,
    0x414A, 0x4213, 0x464A, 0x434A, 0x444A, 0x454A, 0x474A, 0x6C17, 0x494A, 0x484A, 0x301D, 0x5419,
    0x273E, 0x4A4A, 0x511D, 0x3913, 0x4B4A, 0x5211, 0x571E, 0x4C4A, 0x5519, 0x4D4A, 0x6110, 0x3D29,
    0x4E4A, 0x6A1F, 0x554A, 0x524A, 0x6F23, 0x534A, 0x504A, 0x5E16, 0x4F4A, 0x564A, 0x3617, 0x5E22,
    0x5C4A, 0x584A, 0x3522, 0x574A, 0x5A4A, 0x514A, 0x5B4A, 0x5D4A, 0x6F28, 0x594A, 0x5E4A, 0x604A,
    0x5318, 0x544A, 0x4110, 0x5F4A, 0x5B1A, 0x762E, 0x614A, 0x624A, 0x7521, 0x222E, 0x634A, 0x352D,
    0x644A, 0x654A, 0x642A, 0x664A, 0x401A, 0x232E, 0x6B4A, 0x6C4A, 0x581E, 0x6A4A, 0x665B, 0x672D,
    0x674A, 0x694A, 0x3D20, 0x7E1F, 0x684A, 0x6D4A, 0x232A, 0x6F4A, 0x6E4A, 0x6C13, 0x2B2B, 0x704A,
    0x2259, 0x7C4A, 0x724A, 0x734A, 0x744A, 0x754A, 0x794A, 0x7A4A, 0x784A, 0x764A, 0x714A, 0x774A,
    0x7B4A, 0x3750, 0x2812, 0x7E4A, 0x5F16, 0x7D4A, 0x224B, 0x214B, 0x244B, 0x234B, 0x254B, 0x311D,
    0x264B, 0x274B, 0x284B, 0x3E20, 0x572D, 0x294B, 0x242A, 0x4627, 0x2A4B, 0x2B4B, 0x2B18, 0x2C15,
    0x2C4B, 0x6B1B, 0x4127, 0x2D4B, 0x5013, 0x2E4B, 0x304B, 0x772D, 0x2F4B, 0x461F, 0x314B, 0x324B,
    0x334B, 0x5114, 0x344B, 0x354B, 0x364B, 0x374B, 0x5113, 0x384B, 0x394B, 0x3A4B, 0x7212, 0x281F,
    0x3B4B, 0x3C4B, 0x3D4B, 0x4018, 0x7B24, 0x3E4B, 0x5717, 0x561F, 0x414B, 0x2426, 0x404B, 0x675B,
    0x3117, 0x3F4B, 0x7722, 0x2D15, 0x424B, 0x434B, 0x591E, 0x6D17, 0x444B, 0x2C2B, 0x5F20, 0x7615,
    0x752C, 0x4A21, 0x454B, 0x685B, 0x471F, 0x7023, 0x5A1E, 0x464B, 0x494B, 0x4A4B, 0x3E1A, 0x4222,
    0x484B, 0x5B1E, 0x3E29, 0x474B, 0x6C1B, 0x5311, 0x4E4B, 0x5817, 0x6E1B, 0x6D1B, 0x4D2F, 0x4D4B,
    0x4C4B, 0x2721, 0x4D15, 0x432F, 0x3A13, 0x5C1E, 0x695B, 0x4B4B, 0x504B, 0x514B, 0x4F4B, 0x5818,
    0x402D, 0x6F1B, 0x2727, 0x544B, 0x4020, 0x4223, 0x362D, 0x574B, 0x6C18, 0x3F20, 0x534B, 0x584B,
    0x6D18, 0x554B, 0x564B, 0x6A5B, 0x524B, 0x6220, 0x4926, 0x2F23, 0x5D12, 0x7028, 0x4315, 0x6B5B,
    0x3424, 0x5B4B, 0x594B, 0x4C23, 0x4120, 0x5D4B, 0x5A4B, 0x5B1F, 0x4A2E, 0x402F, 0x5C4B, 0x674B,
    0x3524, 0x664B, 0x6C5B, 0x634B, 0x6B4B, 0x644B, 0x604B, 0x7C24, 0x5F4B, 0x5214, 0x212D, 0x701B,
    0x614B, 0x5E4B, 0x6E5B, 0x654B, 0x741D, 0x4118, 0x7A22, 0x452B, 0x5A11, 0x6210, 0x2526, 0x694B,
    0x684B, 0x6626, 0x6D4B, 0x624B, 0x6C4B, 0x6E4B, 0x2C18, 0x6A4B, 0x5619, 0x551C, 0x6F4B, 0x582D,
    0x724B, 0x754B, 0x734B, 0x3529, 0x704B, 0x6016, 0x744B, 0x764B, 0x7A4B, 0x774B, 0x794B, 0x784B,
    0x6F5B, 0x7B4B, 0x311C, 0x7D4B, 0x7C4B, 0x6829, 0x214C, 0x5917, 0x7E4B, 0x224C, 0x234C, 0x4415,
    0x4146, 0x791E, 0x244C, 0x6E18, 0x254C, 0x705B, 0x264C, 0x3E1B, 0x4E3A, 0x274C, 0x284C, 0x321D,
    0x294C, 0x2A4C, 0x2B4C, 0x2C4C, 0x2D4C, 0x2B23, 0x2E4C, 0x304C, 0x2F4C, 0x2626, 0x314C, 0x2D2B,
    0x324C, 0x334C, 0x344C, 0x354C, 0x5A26, 0x5D1E, 0x364C, 0x6B19, 0x2E30, 0x374C, 0x384C, 0x3F29,
    0x394C, 0x414C, 0x3A4C, 0x3C4C, 0x3B4C, 0x3D4C, 0x462B, 0x3E4C, 0x3F4C, 0x404C, 0x424C, 0x2D13,
    0x6724, 0x6929, 0x621A, 0x5719, 0x4F29, 0x5F12, 0x4E28, 0x454C, 0x5314, 0x5520, 0x444C, 0x494C,
    0x7923, 0x632C, 0x474C, 0x484C, 0x2E15, 0x4A4C, 0x6327, 0x5F22, 0x7128, 0x3D25, 0x464C, 0x472B,
    0x6C12, 0x4C4C, 0x282F, 0x4224, 0x452F, 0x711B, 0x4B4C, 0x3122, 0x5C4C, 0x4D4C, 0x7826, 0x5029,
    0x4F4C, 0x3F1B, 0x721B, 0x5E1E, 0x6527, 0x2D18, 0x4E4C, 0x2821, 0x6A29, 0x411C, 0x5225, 0x715B,
    0x725B, 0x514C, 0x524C, 0x5819, 0x504C, 0x534C, 0x544C, 0x564C, 0x2322, 0x554C, 0x6614, 0x584C,
    0x574C, 0x594C, 0x735B, 0x5B4C, 0x5D4C, 0x5E4C, 0x5620, 0x4F1C, 0x5F4C, 0x5213, 0x604C, 0x7621,
    0x614C, 0x624C, 0x6B29, 0x745B, 0x2F15, 0x634C, 0x3624, 0x5B11, 0x644C, 0x711C, 0x761F, 0x2D22,
    0x674C, 0x664C, 0x654C, 0x6D4C, 0x6B4C, 0x684C, 0x6A4C, 0x694C, 0x6C4C, 0x7715, 0x704C, 0x5720,
    0x714C, 0x5918, 0x6E4C, 0x6F4C, 0x292F, 0x3724, 0x2921, 0x724C, 0x754C, 0x734C, 0x744C, 0x592D,
    0x2726, 0x784C, 0x764C, 0x774C, 0x794C, 0x294D, 0x7C4C, 0x7D4C, 0x7B4C, 0x7A4C, 0x7D24, 0x214D,
    0x254D, 0x224D, 0x7E4C, 0x234D, 0x244D, 0x2B4D, 0x264D, 0x5820, 0x284D, 0x2A4D, 0x274D, 0x2D4D,
    0x331D, 0x2C4D, 0x2E4D, 0x2F4D, 0x324D, 0x314D, 0x304D, 0x344D, 0x334D, 0x762C, 0x364D, 0x354D,
    0x374D, 0x384D, 0x3A4D, 0x394D, 0x481F, 0x3B4D, 0x6D16, 0x3C4D, 0x3E4D, 0x3F4D, 0x404D, 0x3D4D,
    0x414D, 0x561C, 0x424D, 0x3015, 0x3317, 0x765B, 0x2E18, 0x434D, 0x7026, 0x3E25, 0x444D, 0x474D,
    0x341C, 0x464D, 0x454D, 0x5A17, 0x484D, 0x5313, 0x4A4D, 0x5C1A, 0x494D, 0x524D, 0x4C4D, 0x4E4D,
    0x652A, 0x4B4D, 0x4D4D, 0x514D, 0x4F4D, 0x3115, 0x504D, 0x534D, 0x5A27, 0x582E, 0x341D, 0x544D,
    0x222D, 0x564D, 0x554D, 0x594D, 0x412D, 0x584D, 0x6D13, 0x574D, 0x5C4D, 0x5B4D, 0x5A4D, 0x3225,
    0x5D4D, 0x5E4D, 0x5F4D, 0x6C19, 0x2517, 0x604D, 0x614D, 0x624D, 0x491F, 0x634D, 0x2D1C, 0x644D,
    0x654D, 0x2132, 0x7E31, 0x664D, 0x7045, 0x674D, 0x2423, 0x2B1F, 0x4027, 0x684D, 0x552A, 0x5424,
    0x7E19, 0x2923, 0x2A11, 0x782B, 0x571F, 0x5E17, 0x6116, 0x562A, 0x694D, 0x6B4D, 0x6A4D, 0x6012,
    0x6E4D, 0x6C4D, 0x7727, 0x3325, 0x6D4D, 0x521D, 0x6F4D, 0x422C, 0x7E4D, 0x714D, 0x724D, 0x4924,
    0x6022, 0x7721, 0x2826, 0x704D, 0x5515, 0x794D, 0x764D, 0x254E, 0x2926, 0x6023, 0x734D, 0x7E24,
    0x5325, 0x744D, 0x784D, 0x601F, 0x6727, 0x4C24, 0x4220, 0x774D, 0x2E22, 0x2422, 0x754D, 0x2910,
    0x222F, 0x7A4D, 0x6122, 0x351D, 0x4A1F, 0x7C4D, 0x7B4D, 0x6F10, 0x7D4D, 0x2F29, 0x274E, 0x5B26,
    0x6B1F, 0x5923, 0x7816, 0x264E, 0x372D, 0x3F11, 0x572A, 0x6112, 0x214E, 0x224E, 0x234E, 0x244E,
    0x3B26, 0x2323, 0x6310, 0x284E, 0x294E, 0x5A2D, 0x3D22, 0x2A4E, 0x7311, 0x4C21, 0x2F18, 0x2354,
    0x795B, 0x2B4E, 0x2C25, 0x7821, 0x571C, 0x2C4E, 0x2F4E, 0x651D, 0x2D4E, 0x2B21, 0x2A21, 0x6410,
    0x4B2E, 0x314E, 0x7228, 0x334E, 0x324E, 0x304E, 0x6443, 0x5414, 0x7626, 0x354E, 0x344E, 0x364E,
    0x382D, 0x6126, 0x2E2B, 0x374E, 0x591C, 0x384E, 0x394E, 0x3A4E, 0x2125, 0x6A10, 0x5919, 0x3A2F,
    0x3E4E, 0x7A5B, 0x3417, 0x3B4E, 0x3C4E, 0x7429, 0x5413, 0x392D, 0x3F16, 0x5425, 0x3F4E, 0x404E,
    0x7C5B, 0x414E, 0x7D5B, 0x2225, 0x434E, 0x424E, 0x5326, 0x444E, 0x361D, 0x601C, 0x5B27, 0x7123,
    0x721C, 0x6C1F, 0x454E, 0x464E, 0x5D1F, 0x474E, 0x484E, 0x494E, 0x6F2D, 0x371D, 0x4B4E, 0x4A4E,
    0x5A19, 0x7319, 0x401B, 0x4E4E, 0x661D, 0x4D4E, 0x4C4E, 0x6922, 0x6F18, 0x4320, 0x3028, 0x391D,
    0x4F4E, 0x5F1E, 0x524E, 0x504E, 0x514E, 0x544E, 0x534E, 0x7A1E, 0x554E, 0x564E, 0x574E, 0x5028,
    0x531A, 0x611C, 0x584E, 0x594E, 0x242E, 0x451D, 0x6E2C, 0x4C2E, 0x5A4E, 0x6216, 0x5B4E, 0x215C,
    0x2325, 0x7E5B, 0x5E4E, 0x7813, 0x4B1F, 0x225C, 0x5C4E, 0x5D4E, 0x6024, 0x255C, 0x265C, 0x552B,
    0x7C16, 0x235C, 0x245C, 0x604E, 0x614E, 0x5F4E, 0x634E, 0x275C, 0x295C, 0x5F26, 0x4313, 0x285C,
    0x674E, 0x644E, 0x664E, 0x624E, 0x4F4F, 0x654E, 0x6B2E, 0x5A18, 0x305C, 0x2A5C, 0x2C5C, 0x6F4E,
    0x2B5C, 0x3425, 0x6A4E, 0x6D4E, 0x6B4E, 0x704E, 0x2D5C, 0x714E, 0x2F5C, 0x694E, 0x2E5C, 0x764E,
    0x7411, 0x684E, 0x2D28, 0x6C4E, 0x601E, 0x315C, 0x5B19, 0x335C, 0x345C, 0x482B, 0x6416, 0x461D,
    0x3C26, 0x2459, 0x2D21, 0x744E, 0x6E4E, 0x734E, 0x432C, 0x3824, 0x754E, 0x724E, 0x325C, 0x2C21,
    0x794E, 0x784E, 0x774E, 0x385C, 0x2F2B, 0x3C5C, 0x3A5C, 0x365C, 0x375C, 0x3B5C, 0x7B1D, 0x355C,
    0x7A4E, 0x5F2A, 0x5411, 0x4629, 0x7223, 0x7815, 0x2A59, 0x7C4E, 0x3F5C, 0x5D19, 0x425C, 0x445C,
    0x2C1B, 0x7B4E, 0x6D1F, 0x6E1F, 0x214F, 0x234F, 0x435C, 0x415C, 0x7B1E, 0x3E5C, 0x224F, 0x244F,
    0x3D5C, 0x5316, 0x4529, 0x621C, 0x232F, 0x7E4E, 0x781A, 0x3F2F, 0x264F, 0x254F, 0x274F, 0x7D4E,
    0x2359, 0x6926, 0x5525, 0x5724, 0x2C4F, 0x465C, 0x4323, 0x284F, 0x294F, 0x2D17, 0x2B4F, 0x455C,
    0x3018, 0x2A4F, 0x611E, 0x7913, 0x304F, 0x3F1A, 0x7921, 0x4A24, 0x475C, 0x3B13, 0x2E4F, 0x2F4F,
    0x4324, 0x2D4F, 0x314F, 0x374F, 0x485C, 0x3A4F, 0x394F, 0x2D25, 0x324F, 0x334F, 0x364F, 0x384F,
    0x495C, 0x4016, 0x3B4F, 0x354F, 0x344F, 0x4A5C, 0x3F4F, 0x404F, 0x414F, 0x3E4F, 0x3D4F, 0x621E,
    0x2A26, 0x3C4F, 0x454F, 0x434F, 0x4B5C, 0x444F, 0x424F, 0x7822, 0x464F, 0x474F, 0x494F, 0x4C5C,
    0x4D5C, 0x5514, 0x484F, 0x7A2C, 0x544F, 0x4A4F, 0x4D4F, 0x4B4F, 0x4C4F, 0x4E4F, 0x504F, 0x514F,
    0x524F, 0x554F, 0x534F, 0x564F, 0x584F, 0x574F, 0x3924, 0x672C, 0x594F, 0x2E21, 0x5A4F, 0x442A,
    0x5B4F, 0x2B13, 0x3C11, 0x5714, 0x4E5C, 0x5614, 0x5C4F, 0x5D4F, 0x5E4F, 0x5F4F, 0x604F, 0x5814,
    0x5513, 0x5E19, 0x3628, 0x624F, 0x614F, 0x634F, 0x5C11, 0x664F, 0x654F, 0x644F, 0x674F, 0x6A4F,
    0x4710, 0x684F, 0x6C4F, 0x6B4F, 0x6E4F, 0x6D4F, 0x6F4F, 0x2E26, 0x704F, 0x714F, 0x734F, 0x724F,
    0x6C29, 0x744F, 0x754F, 0x651A, 0x764F, 0x774F, 0x492B, 0x4B21, 0x2410, 0x4B22, 0x784F, 0x6D29,
    0x7B4F, 0x794F, 0x5F19, 0x7A4F, 0x4218, 0x452A, 0x7D4F, 0x2150, 0x7E4F, 0x2250, 0x2111, 0x581F,
    0x7C1D, 0x5914, 0x2350, 0x6627, 0x2550, 0x2211, 0x2450, 0x4424, 0x4D2E, 0x2B26, 0x7C4F, 0x262E,
    0x3118, 0x5B2D, 0x7916, 0x342E, 0x2817, 0x6222, 0x2147, 0x2650, 0x2C13, 0x6F1F, 0x5613, 0x2850,
    0x2950, 0x2750, 0x6417, 0x5D1A, 0x631E, 0x515C, 0x2311, 0x592E, 0x2B50, 0x2E4E, 0x2A50, 0x525C,
    0x2E50, 0x2C50, 0x2D50, 0x2F50, 0x3050, 0x6C2E, 0x3150, 0x3250, 0x4920, 0x3B28, 0x7D1F, 0x6714,
    0x3A2D, 0x6D12, 0x381D, 0x5B18, 0x3550, 0x3450, 0x731B, 0x3650, 0x3350, 0x281B, 0x3A50, 0x2D4A,
    0x5632, 0x771F, 0x3850, 0x252E, 0x7126, 0x2B11, 0x6320, 0x361C, 0x372A, 0x4011, 0x6D2E, 0x6B2D,
    0x3B50, 0x4525, 0x7B1C, 0x3C50, 0x3D50, 0x4C1F, 0x3E50, 0x6E2E, 0x3950, 0x4050, 0x4250, 0x4150,
    0x3F50, 0x4350, 0x4450, 0x7A21, 0x6212, 0x4550, 0x382C, 0x4650, 0x4750, 0x2A2F, 0x535C, 0x313B,
    0x4850, 0x545C, 0x4950, 0x4A50, 0x4E50, 0x555C, 0x4B50, 0x4C50, 0x4D50, 0x4F50, 0x565C, 0x575C,
    0x585C, 0x4420, 0x595C, 0x772C, 0x4520, 0x5050, 0x7328, 0x5150, 0x5353, 0x4C2C, 0x5250, 0x5350,
    0x5450, 0x5713, 0x5650, 0x5750, 0x591F, 0x2417, 0x5850, 0x5C50, 0x5A50, 0x5B50, 0x7313, 0x5950,
    0x5D50, 0x5E50, 0x4810, 0x5F50, 0x6050, 0x641E, 0x6150, 0x4715, 0x6450, 0x6350, 0x6250, 0x714B,
    0x5C2A, 0x6550, 0x6650, 0x6750, 0x6850, 0x6950, 0x6A50, 0x5A14, 0x6B50, 0x6C50, 0x2327, 0x6E50,
    0x3B12, 0x7150, 0x7050, 0x2411, 0x4116, 0x472A, 0x3A24, 0x221A, 0x6019, 0x671D, 0x5C1F, 0x7350,
    0x7250, 0x422D, 0x6814, 0x5228, 0x5C26, 0x7C1F, 0x4E2E, 0x7450, 0x7650, 0x7550, 0x4B2B, 0x2C26,
    0x5011, 0x7750, 0x5B17, 0x5129, 0x6A2D, 0x7850, 0x7950, 0x7B50, 0x6A22, 0x5B13, 0x5C13, 0x7A50,
    0x6914, 0x3218, 0x5A5C, 0x6A14, 0x3F25, 0x602E, 0x5B5C, 0x5C18, 0x7C50, 0x7D50, 0x7E50, 0x2151,
    0x2351, 0x2251, 0x7729, 0x2451, 0x2551, 0x2651, 0x2751, 0x2951, 0x2851, 0x2A51, 0x7428, 0x4C46,
    0x291F, 0x3215, 0x2B51, 0x2C51, 0x2C32, 0x3B3D, 0x5328, 0x7B10, 0x3B10, 0x741B, 0x302B, 0x7E1E,
    0x2D51, 0x5F2C, 0x2E51, 0x5C2D, 0x4211, 0x411B, 0x2F51, 0x6E12, 0x3051, 0x3151, 0x3351, 0x3451,
    0x3651, 0x3251, 0x3551, 0x5E5C, 0x5B14, 0x3751, 0x3851, 0x3951, 0x3A51, 0x3B51, 0x3D51, 0x3C51,
    0x3F51, 0x4251, 0x3E51, 0x4051, 0x4151, 0x4351, 0x4216, 0x731C, 0x4451, 0x4551, 0x6119, 0x605C,
    0x4651, 0x3E13, 0x4F27, 0x4751, 0x4851, 0x5A23, 0x6B26, 0x4951, 0x7D27, 0x4C22, 0x5811, 0x6E16,
    0x6F16, 0x7323, 0x4E51, 0x7016, 0x6F12, 0x4D51, 0x4B51, 0x4C51, 0x4A51, 0x5851, 0x4F51, 0x5051,
    0x5151, 0x5251, 0x5451, 0x5351, 0x591D, 0x5551, 0x5751, 0x3315, 0x5651, 0x7B21, 0x3318, 0x5951,
    0x4D22, 0x5A51, 0x2D26, 0x5B51, 0x6051, 0x5E51, 0x5D51, 0x5F51, 0x5C51, 0x6251, 0x615C, 0x6151,
    0x6451, 0x4316, 0x6351, 0x6551, 0x6651, 0x6851, 0x6751, 0x6951, 0x6B51, 0x6A51, 0x7C19, 0x6C51,
    0x6D51, 0x3C13, 0x6E51, 0x6F51, 0x711F, 0x7051, 0x7151, 0x7251, 0x7351, 0x6219, 0x625C, 0x635C,
    0x7451, 0x7551, 0x7651, 0x7751, 0x7851, 0x3128, 0x7A51, 0x2629, 0x7B51, 0x7951, 0x7D51, 0x7C51,
    0x7E51, 0x2152, 0x2252, 0x2352, 0x2452, 0x2552, 0x2652, 0x2752, 0x2852, 0x2952, 0x2A52, 0x2B52,
    0x2C52, 0x2D52, 0x2E52, 0x353D, 0x2F52, 0x7844, 0x3415, 0x2113, 0x321A, 0x3152, 0x3052, 0x252C,
    0x3352, 0x3452, 0x3252, 0x3552, 0x622B, 0x3652, 0x7B15, 0x252F, 0x655C, 0x3752, 0x645C, 0x3952,
    0x3E10, 0x665C, 0x3A52, 0x2B2A, 0x3852, 0x3B52, 0x3C52, 0x3D52, 0x3E52, 0x3F52, 0x6E2B, 0x2D1B,
    0x7A1A, 0x2F21, 0x675C, 0x4052, 0x4352, 0x685C, 0x4152, 0x4452, 0x7118, 0x4252, 0x4552, 0x4652,
    0x4752, 0x4B52, 0x2A1B, 0x6422, 0x4C52, 0x4952, 0x4852, 0x4A52, 0x5F17, 0x5052, 0x4F52, 0x4E52,
    0x4D52, 0x695C, 0x5A52, 0x5652, 0x5752, 0x5352, 0x5952, 0x5552, 0x6213, 0x4C2F, 0x5852, 0x5452,
    0x5252, 0x5152, 0x5C52, 0x5F52, 0x5E52, 0x5D52, 0x4929, 0x5B52, 0x7310, 0x6052, 0x6252, 0x6F13,
    0x3310, 0x3711, 0x6452, 0x6352, 0x6152, 0x2D23, 0x702B, 0x5A2E, 0x6552, 0x6652, 0x6752, 0x6852,
    0x6952, 0x3B24, 0x6A52, 0x3728, 0x6F52, 0x6B52, 0x6C52, 0x312B, 0x442C, 0x5026, 0x7052, 0x7152,
    0x3E26, 0x6E52, 0x6D52, 0x2A12, 0x7952, 0x7852, 0x7511, 0x7652, 0x7552, 0x7352, 0x7B13, 0x7252,
    0x321C, 0x7452, 0x6319, 0x7C52, 0x7B52, 0x7A52, 0x7752, 0x7D52, 0x7E52, 0x2553, 0x2453, 0x2653,
    0x2D11, 0x2153, 0x2253, 0x7419, 0x392C, 0x2353, 0x6B5C, 0x322B, 0x2B53, 0x6A5C, 0x2753, 0x2C53,
    0x2953, 0x2853, 0x5C17, 0x2D53, 0x2E53, 0x2F53, 0x2A53, 0x2912, 0x3053, 0x6124, 0x3453, 0x3553,
    0x3353, 0x3253, 0x3853, 0x3153, 0x3653, 0x3753, 0x3A53, 0x3953, 0x3C53, 0x3D53, 0x3E53, 0x492F,
    0x3B53, 0x6B22, 0x6D1A, 0x3F53, 0x6D5C, 0x4053, 0x4153, 0x4253, 0x4353, 0x3418, 0x4453, 0x4553,
    0x2F1C, 0x4653, 0x4753, 0x4853, 0x4953, 0x4C53, 0x4A53, 0x3C2F, 0x4B53, 0x6F2E, 0x4D53, 0x5B2E,
    0x4E53, 0x7E27, 0x4F53, 0x5153, 0x5253, 0x5053, 0x6D19, 0x4D2C, 0x632B, 0x7736, 0x603D, 0x7B2B,
    0x2B12, 0x5453, 0x5015, 0x5553, 0x5653, 0x5753, 0x6E5C, 0x7519, 0x5853, 0x5440, 0x5B2C, 0x6322,
    0x5953, 0x5B53, 0x5A53, 0x5C53, 0x5D53, 0x5E53, 0x5F53, 0x6053, 0x6153, 0x6253, 0x6353, 0x6453,
    0x6553, 0x6653, 0x6753, 0x6853, 0x2425, 0x5D18, 0x6A53, 0x4D21, 0x6B53, 0x6C53, 0x2129, 0x6D53,
    0x6E53, 0x3743, 0x5A4C, 0x6D50, 0x6F53, 0x7053, 0x7253, 0x7353, 0x7453, 0x702E, 0x7153, 0x7553,
    0x7653, 0x7853, 0x7753, 0x7A53, 0x7B53, 0x7953, 0x362E, 0x7C53, 0x7D53, 0x5443, 0x7E53, 0x465A,
    0x4F5C, 0x5459, 0x5F59, 0x6059, 0x7559, 0x3E5A, 0x4E5A, 0x505A, 0x7B5A, 0x235B, 0x3A5B, 0x425B,
    0x435B, 0x445B, 0x465B, 0x4A5B, 0x4D5B, 0x565B, 0x615B, 0x635B, 0x645B, 0x6D5B, 0x755B, 0x775B,
    0x785B, 0x7B5B, 0x395C, 0x405C, 0x505C, 0x5C5C, 0x5D5C, 0x5F5C, 0x6C5C, 0x2A01, 0x7E5C, 0x7401,
    0x7001, 0x7301, 0x7501, 0x7D5C, 0x4A01, 0x4B01, 0x7601, 0x5C01, 0x2401, 0x5D01, 0x2501, 0x3F01,
    0x3003, 0x3103, 0x3203, 0x3303, 0x3403, 0x3503, 0x3603, 0x3703, 0x3803, 0x3903, 0x2701, 0x2801,
    0x6301, 0x6101, 0x6401, 0x2901, 0x7701, 0x4103, 0x4203, 0x4303, 0x4403, 0x4503, 0x4603, 0x4703,
    0x4803, 0x4903, 0x4A03, 0x4B03, 0x4C03, 0x4D03, 0x4E03, 0x4F03, 0x5003, 0x5103, 0x5203, 0x5303,
    0x5403, 0x5503, 0x5603, 0x5703, 0x5803, 0x5903, 0x5A03, 0x4E01, 0x4001, 0x4F01, 0x3001, 0x3201,
    0x2E01, 0x6103, 0x6203, 0x6303, 0x6403, 0x6503, 0x6603, 0x6703, 0x6803, 0x6903, 0x6A03, 0x6B03,
    0x6C03, 0x6D03, 0x6E03, 0x6F03, 0x7003, 0x7103, 0x7203, 0x7303, 0x7403, 0x7503, 0x7603, 0x7703,
    0x7803, 0x7903, 0x7A03, 0x5001, 0x4301, 0x5101, 0x4101, 0x7101, 0x7201, 0x4C02, 0x3101, 0x7C5C,
    0x6F01,
};
