/* gen_data.py が生成。手で編集しない */
typedef struct { unsigned short code; unsigned char width; } GInfo;
enum { BASE_N = 1389, RUBY_N = 71 };
static const GInfo base_info[BASE_N] = {
  {0x0020, 12},
  {0x0021, 12},
  {0x0022, 12},
  {0x0023, 12},
  {0x0024, 12},
  {0x0025, 12},
  {0x0026, 12},
  {0x0027, 12},
  {0x0028, 12},
  {0x0029, 12},
  {0x002A, 12},
  {0x002B, 12},
  {0x002C, 12},
  {0x002D, 12},
  {0x002E, 12},
  {0x002F, 12},
  {0x0030, 12},
  {0x0031, 12},
  {0x0032, 12},
  {0x0033, 12},
  {0x0034, 12},
  {0x0035, 12},
  {0x0036, 12},
  {0x0037, 12},
  {0x0038, 12},
  {0x0039, 12},
  {0x003A, 12},
  {0x003B, 12},
  {0x003C, 12},
  {0x003D, 12},
  {0x003E, 12},
  {0x003F, 12},
  {0x0040, 12},
  {0x0041, 12},
  {0x0042, 12},
  {0x0043, 12},
  {0x0044, 12},
  {0x0045, 12},
  {0x0046, 12},
  {0x0047, 12},
  {0x0048, 12},
  {0x0049, 12},
  {0x004A, 12},
  {0x004B, 12},
  {0x004C, 12},
  {0x004D, 12},
  {0x004E, 12},
  {0x004F, 12},
  {0x0050, 12},
  {0x0051, 12},
  {0x0052, 12},
  {0x0053, 12},
  {0x0054, 12},
  {0x0055, 12},
  {0x0056, 12},
  {0x0057, 12},
  {0x0058, 12},
  {0x0059, 12},
  {0x005A, 12},
  {0x005B, 12},
  {0x005C, 12},
  {0x005D, 12},
  {0x005E, 12},
  {0x005F, 12},
  {0x0060, 12},
  {0x0061, 12},
  {0x0062, 12},
  {0x0063, 12},
  {0x0064, 12},
  {0x0065, 12},
  {0x0066, 12},
  {0x0067, 12},
  {0x0068, 12},
  {0x0069, 12},
  {0x006A, 12},
  {0x006B, 12},
  {0x006C, 12},
  {0x006D, 12},
  {0x006E, 12},
  {0x006F, 12},
  {0x0070, 12},
  {0x0071, 12},
  {0x0072, 12},
  {0x0073, 12},
  {0x0074, 12},
  {0x0075, 12},
  {0x0076, 12},
  {0x0077, 12},
  {0x0078, 12},
  {0x0079, 12},
  {0x007A, 12},
  {0x007B, 12},
  {0x007C, 12},
  {0x007D, 12},
  {0x00D7, 24},
  {0x2014, 24},
  {0x2026, 24},
  {0x203B, 24},
  {0x2500, 24},
  {0x3000, 24},
  {0x3001, 24},
  {0x3002, 24},
  {0x3005, 24},
  {0x3008, 24},
  {0x3009, 24},
  {0x300C, 24},
  {0x300D, 24},
  {0x301C, 24},
  {0x3041, 24},
  {0x3042, 24},
  {0x3043, 24},
  {0x3044, 24},
  {0x3045, 24},
  {0x3046, 24},
  {0x3047, 24},
  {0x3048, 24},
  {0x3049, 24},
  {0x304A, 24},
  {0x304B, 24},
  {0x304C, 24},
  {0x304D, 24},
  {0x304E, 24},
  {0x304F, 24},
  {0x3050, 24},
  {0x3051, 24},
  {0x3052, 24},
  {0x3053, 24},
  {0x3054, 24},
  {0x3055, 24},
  {0x3056, 24},
  {0x3057, 24},
  {0x3058, 24},
  {0x3059, 24},
  {0x305A, 24},
  {0x305B, 24},
  {0x305C, 24},
  {0x305D, 24},
  {0x305E, 24},
  {0x305F, 24},
  {0x3060, 24},
  {0x3061, 24},
  {0x3062, 24},
  {0x3063, 24},
  {0x3064, 24},
  {0x3065, 24},
  {0x3066, 24},
  {0x3067, 24},
  {0x3068, 24},
  {0x3069, 24},
  {0x306A, 24},
  {0x306B, 24},
  {0x306C, 24},
  {0x306D, 24},
  {0x306E, 24},
  {0x306F, 24},
  {0x3070, 24},
  {0x3071, 24},
  {0x3072, 24},
  {0x3073, 24},
  {0x3074, 24},
  {0x3075, 24},
  {0x3076, 24},
  {0x3077, 24},
  {0x3078, 24},
  {0x3079, 24},
  {0x307A, 24},
  {0x307B, 24},
  {0x307C, 24},
  {0x307D, 24},
  {0x307E, 24},
  {0x307F, 24},
  {0x3080, 24},
  {0x3081, 24},
  {0x3082, 24},
  {0x3083, 24},
  {0x3084, 24},
  {0x3085, 24},
  {0x3086, 24},
  {0x3087, 24},
  {0x3088, 24},
  {0x3089, 24},
  {0x308A, 24},
  {0x308B, 24},
  {0x308C, 24},
  {0x308D, 24},
  {0x308E, 24},
  {0x308F, 24},
  {0x3090, 24},
  {0x3091, 24},
  {0x3092, 24},
  {0x3093, 24},
  {0x30A1, 24},
  {0x30A2, 24},
  {0x30A3, 24},
  {0x30A4, 24},
  {0x30A6, 24},
  {0x30A7, 24},
  {0x30A8, 24},
  {0x30A9, 24},
  {0x30AA, 24},
  {0x30AB, 24},
  {0x30AC, 24},
  {0x30AD, 24},
  {0x30AF, 24},
  {0x30B0, 24},
  {0x30B1, 24},
  {0x30B2, 24},
  {0x30B3, 24},
  {0x30B4, 24},
  {0x30B5, 24},
  {0x30B7, 24},
  {0x30B8, 24},
  {0x30B9, 24},
  {0x30BA, 24},
  {0x30BB, 24},
  {0x30BD, 24},
  {0x30BE, 24},
  {0x30BF, 24},
  {0x30C0, 24},
  {0x30C1, 24},
  {0x30C3, 24},
  {0x30C4, 24},
  {0x30C6, 24},
  {0x30C7, 24},
  {0x30C8, 24},
  {0x30C9, 24},
  {0x30CA, 24},
  {0x30CB, 24},
  {0x30CE, 24},
  {0x30D0, 24},
  {0x30D1, 24},
  {0x30D3, 24},
  {0x30D4, 24},
  {0x30D5, 24},
  {0x30D6, 24},
  {0x30D7, 24},
  {0x30D8, 24},
  {0x30D9, 24},
  {0x30DA, 24},
  {0x30DC, 24},
  {0x30DD, 24},
  {0x30DE, 24},
  {0x30DF, 24},
  {0x30E0, 24},
  {0x30E1, 24},
  {0x30E2, 24},
  {0x30E3, 24},
  {0x30E4, 24},
  {0x30E5, 24},
  {0x30E6, 24},
  {0x30E7, 24},
  {0x30E9, 24},
  {0x30EA, 24},
  {0x30EB, 24},
  {0x30EC, 24},
  {0x30ED, 24},
  {0x30F3, 24},
  {0x30FB, 24},
  {0x30FC, 24},
  {0x4E00, 24},
  {0x4E01, 24},
  {0x4E03, 24},
  {0x4E07, 24},
  {0x4E08, 24},
  {0x4E09, 24},
  {0x4E0A, 24},
  {0x4E0B, 24},
  {0x4E0D, 24},
  {0x4E0E, 24},
  {0x4E16, 24},
  {0x4E21, 24},
  {0x4E26, 24},
  {0x4E2D, 24},
  {0x4E3B, 24},
  {0x4E57, 24},
  {0x4E5D, 24},
  {0x4E5E, 24},
  {0x4E71, 24},
  {0x4E7E, 24},
  {0x4E86, 24},
  {0x4E8B, 24},
  {0x4E8C, 24},
  {0x4E94, 24},
  {0x4E95, 24},
  {0x4EA1, 24},
  {0x4EBA, 24},
  {0x4ECA, 24},
  {0x4ECB, 24},
  {0x4ED5, 24},
  {0x4ED6, 24},
  {0x4ED8, 24},
  {0x4EE3, 24},
  {0x4EE5, 24},
  {0x4EF0, 24},
  {0x4EF2, 24},
  {0x4F0F, 24},
  {0x4F11, 24},
  {0x4F1A, 24},
  {0x4F1D, 24},
  {0x4F34, 24},
  {0x4F38, 24},
  {0x4F4D, 24},
  {0x4F4E, 24},
  {0x4F4F, 24},
  {0x4F53, 24},
  {0x4F55, 24},
  {0x4F59, 24},
  {0x4F5C, 24},
  {0x4F7F, 24},
  {0x4F8B, 24},
  {0x4FA1, 24},
  {0x4FB5, 24},
  {0x4FBF, 24},
  {0x4FC2, 24},
  {0x4FDD, 24},
  {0x4FE1, 24},
  {0x4FEE, 24},
  {0x500D, 24},
  {0x5012, 24},
  {0x5024, 24},
  {0x5049, 24},
  {0x5065, 24},
  {0x5074, 24},
  {0x508D, 24},
  {0x5091, 24},
  {0x5099, 24},
  {0x50B2, 24},
  {0x50B7, 24},
  {0x50CF, 24},
  {0x50DA, 24},
  {0x5100, 24},
  {0x5104, 24},
  {0x5143, 24},
  {0x5146, 24},
  {0x5148, 24},
  {0x5149, 24},
  {0x5165, 24},
  {0x5168, 24},
  {0x516B, 24},
  {0x516D, 24},
  {0x5177, 24},
  {0x5185, 24},
  {0x5186, 24},
  {0x518A, 24},
  {0x518D, 24},
  {0x5192, 24},
  {0x5197, 24},
  {0x5199, 24},
  {0x51A5, 24},
  {0x51B7, 24},
  {0x51E1, 24},
  {0x51E6, 24},
  {0x51FA, 24},
  {0x5200, 24},
  {0x5203, 24},
  {0x5206, 24},
  {0x5207, 24},
  {0x521D, 24},
  {0x5224, 24},
  {0x5225, 24},
  {0x5229, 24},
  {0x5236, 24},
  {0x523A, 24},
  {0x523B, 24},
  {0x524A, 24},
  {0x524D, 24},
  {0x5263, 24},
  {0x5264, 24},
  {0x5265, 24},
  {0x5270, 24},
  {0x5272, 24},
  {0x5275, 24},
  {0x5287, 24},
  {0x529B, 24},
  {0x529F, 24},
  {0x52A0, 24},
  {0x52A9, 24},
  {0x52B9, 24},
  {0x52BE, 24},
  {0x52C7, 24},
  {0x52D5, 24},
  {0x52DD, 24},
  {0x52E2, 24},
  {0x52E7, 24},
  {0x5302, 24},
  {0x5305, 24},
  {0x5316, 24},
  {0x5317, 24},
  {0x5319, 24},
  {0x5339, 24},
  {0x533B, 24},
  {0x5341, 24},
  {0x5343, 24},
  {0x534A, 24},
  {0x5353, 24},
  {0x5357, 24},
  {0x5358, 24},
  {0x535A, 24},
  {0x5370, 24},
  {0x5371, 24},
  {0x5375, 24},
  {0x537F, 24},
  {0x539F, 24},
  {0x53B3, 24},
  {0x53BB, 24},
  {0x53C9, 24},
  {0x53CA, 24},
  {0x53CB, 24},
  {0x53CD, 24},
  {0x53CE, 24},
  {0x53D6, 24},
  {0x53D7, 24},
  {0x53E3, 24},
  {0x53E4, 24},
  {0x53E9, 24},
  {0x53EB, 24},
  {0x53ED, 24},
  {0x53F0, 24},
  {0x53F3, 24},
  {0x53F6, 24},
  {0x53F7, 24},
  {0x5408, 24},
  {0x5409, 24},
  {0x540A, 24},
  {0x540C, 24},
  {0x540D, 24},
  {0x5410, 24},
  {0x5411, 24},
  {0x541B, 24},
  {0x5426, 24},
  {0x542B, 24},
  {0x5438, 24},
  {0x5439, 24},
  {0x544A, 24},
  {0x545F, 24},
  {0x5468, 24},
  {0x546A, 24},
  {0x5473, 24},
  {0x547C, 24},
  {0x547D, 24},
  {0x54C0, 24},
  {0x54C1, 24},
  {0x5510, 24},
  {0x5531, 24},
  {0x553E, 24},
  {0x5546, 24},
  {0x554F, 24},
  {0x5587, 24},
  {0x5589, 24},
  {0x558B, 24},
  {0x5598, 24},
  {0x55A9, 24},
  {0x55B6, 24},
  {0x55C5, 24},
  {0x5606, 24},
  {0x5632, 24},
  {0x5634, 24},
  {0x5668, 24},
  {0x5674, 24},
  {0x56DB, 24},
  {0x56DE, 24},
  {0x56E3, 24},
  {0x56F2, 24},
  {0x56F3, 24},
  {0x56FA, 24},
  {0x56FD, 24},
  {0x571F, 24},
  {0x5727, 24},
  {0x5728, 24},
  {0x5730, 24},
  {0x5751, 24},
  {0x5782, 24},
  {0x578B, 24},
  {0x57C3, 24},
  {0x57CB, 24},
  {0x57CE, 24},
  {0x5802, 24},
  {0x5834, 24},
  {0x584A, 24},
  {0x5857, 24},
  {0x585A, 24},
  {0x585E, 24},
  {0x5869, 24},
  {0x5875, 24},
  {0x5893, 24},
  {0x58C1, 24},
  {0x58C7, 24},
  {0x58CA, 24},
  {0x58EB, 24},
  {0x58EE, 24},
  {0x58F0, 24},
  {0x58FA, 24},
  {0x5909, 24},
  {0x5915, 24},
  {0x5916, 24},
  {0x591A, 24},
  {0x5922, 24},
  {0x5927, 24},
  {0x5929, 24},
  {0x592A, 24},
  {0x592B, 24},
  {0x592E, 24},
  {0x5931, 24},
  {0x5947, 24},
  {0x594F, 24},
  {0x5965, 24},
  {0x596A, 24},
  {0x5974, 24},
  {0x597D, 24},
  {0x5999, 24},
  {0x59CB, 24},
  {0x59FF, 24},
  {0x5A01, 24},
  {0x5ACC, 24},
  {0x5B09, 24},
  {0x5B50, 24},
  {0x5B57, 24},
  {0x5B58, 24},
  {0x5B66, 24},
  {0x5B75, 24},
  {0x5B87, 24},
  {0x5B88, 24},
  {0x5B89, 24},
  {0x5B8C, 24},
  {0x5B98, 24},
  {0x5B99, 24},
  {0x5B9A, 24},
  {0x5B9D, 24},
  {0x5B9F, 24},
  {0x5BA4, 24},
  {0x5BAE, 24},
  {0x5BB3, 24},
  {0x5BB6, 24},
  {0x5BB9, 24},
  {0x5BBF, 24},
  {0x5BC4, 24},
  {0x5BC6, 24},
  {0x5BDF, 24},
  {0x5BF8, 24},
  {0x5BFE, 24},
  {0x5C04, 24},
  {0x5C06, 24},
  {0x5C0F, 24},
  {0x5C11, 24},
  {0x5C16, 24},
  {0x5C3B, 24},
  {0x5C3D, 24},
  {0x5C45, 24},
  {0x5C48, 24},
  {0x5C4A, 24},
  {0x5C4B, 24},
  {0x5C5E, 24},
  {0x5C71, 24},
  {0x5CA9, 24},
  {0x5CB8, 24},
  {0x5CE1, 24},
  {0x5D16, 24},
  {0x5D17, 24},
  {0x5D29, 24},
  {0x5D4C, 24},
  {0x5D50, 24},
  {0x5DDD, 24},
  {0x5DDE, 24},
  {0x5DE1, 24},
  {0x5DE3, 24},
  {0x5DE5, 24},
  {0x5DE6, 24},
  {0x5DE7, 24},
  {0x5DE8, 24},
  {0x5DEE, 24},
  {0x5DF1, 24},
  {0x5DFB, 24},
  {0x5E03, 24},
  {0x5E06, 24},
  {0x5E1D, 24},
  {0x5E2B, 24},
  {0x5E2F, 24},
  {0x5E30, 24},
  {0x5E33, 24},
  {0x5E38, 24},
  {0x5E45, 24},
  {0x5E55, 24},
  {0x5E73, 24},
  {0x5E74, 24},
  {0x5E78, 24},
  {0x5E7E, 24},
  {0x5E83, 24},
  {0x5E8A, 24},
  {0x5E95, 24},
  {0x5E9C, 24},
  {0x5EA6, 24},
  {0x5EA7, 24},
  {0x5EAB, 24},
  {0x5EB7, 24},
  {0x5EC3, 24},
  {0x5ECA, 24},
  {0x5EF6, 24},
  {0x5EFA, 24},
  {0x5F01, 24},
  {0x5F0F, 24},
  {0x5F15, 24},
  {0x5F31, 24},
  {0x5F35, 24},
  {0x5F37, 24},
  {0x5F3E, 24},
  {0x5F53, 24},
  {0x5F62, 24},
  {0x5F66, 24},
  {0x5F69, 24},
  {0x5F6B, 24},
  {0x5F71, 24},
  {0x5F79, 24},
  {0x5F7C, 24},
  {0x5F85, 24},
  {0x5F8C, 24},
  {0x5F93, 24},
  {0x5F97, 24},
  {0x5FA1, 24},
  {0x5FA9, 24},
  {0x5FB4, 24},
  {0x5FC3, 24},
  {0x5FC5, 24},
  {0x5FCC, 24},
  {0x5FCD, 24},
  {0x5FD7, 24},
  {0x5FD8, 24},
  {0x5FDC, 24},
  {0x5FEB, 24},
  {0x5FF5, 24},
  {0x6012, 24},
  {0x6016, 24},
  {0x601D, 24},
  {0x6025, 24},
  {0x602A, 24},
  {0x602F, 24},
  {0x6050, 24},
  {0x6065, 24},
  {0x606F, 24},
  {0x6075, 24},
  {0x6094, 24},
  {0x609F, 24},
  {0x60AA, 24},
  {0x60B2, 24},
  {0x60B6, 24},
  {0x60C5, 24},
  {0x60D1, 24},
  {0x60DC, 24},
  {0x60F3, 24},
  {0x610F, 24},
  {0x6115, 24},
  {0x611A, 24},
  {0x611B, 24},
  {0x611F, 24},
  {0x6147, 24},
  {0x6148, 24},
  {0x614B, 24},
  {0x614C, 24},
  {0x614E, 24},
  {0x6162, 24},
  {0x6163, 24},
  {0x61C3, 24},
  {0x61D0, 24},
  {0x6210, 24},
  {0x6211, 24},
  {0x6212, 24},
  {0x6226, 24},
  {0x6238, 24},
  {0x623B, 24},
  {0x623F, 24},
  {0x6240, 24},
  {0x6249, 24},
  {0x624B, 24},
  {0x624D, 24},
  {0x6253, 24},
  {0x6255, 24},
  {0x6271, 24},
  {0x627F, 24},
  {0x6280, 24},
  {0x6291, 24},
  {0x6295, 24},
  {0x6298, 24},
  {0x629C, 24},
  {0x62B1, 24},
  {0x62BC, 24},
  {0x62CD, 24},
  {0x62D7, 24},
  {0x62D9, 24},
  {0x62DB, 24},
  {0x62E0, 24},
  {0x62F3, 24},
  {0x62F6, 24},
  {0x62FE, 24},
  {0x6301, 24},
  {0x6307, 24},
  {0x6311, 24},
  {0x631F, 24},
  {0x6328, 24},
  {0x632F, 24},
  {0x633D, 24},
  {0x6349, 24},
  {0x6355, 24},
  {0x6367, 24},
  {0x6368, 24},
  {0x636E, 24},
  {0x637B, 24},
  {0x6383, 24},
  {0x6398, 24},
  {0x639B, 24},
  {0x63A0, 24},
  {0x63A2, 24},
  {0x63A5, 24},
  {0x63B4, 24},
  {0x63BB, 24},
  {0x63C9, 24},
  {0x63CF, 24},
  {0x63D0, 24},
  {0x63DA, 24},
  {0x63DB, 24},
  {0x63E1, 24},
  {0x63EE, 24},
  {0x63FA, 24},
  {0x640D, 24},
  {0x643A, 24},
  {0x6458, 24},
  {0x6483, 24},
  {0x64AB, 24},
  {0x64E6, 24},
  {0x652F, 24},
  {0x6539, 24},
  {0x653B, 24},
  {0x653E, 24},
  {0x6557, 24},
  {0x6559, 24},
  {0x6562, 24},
  {0x6563, 24},
  {0x656C, 24},
  {0x6570, 24},
  {0x6574, 24},
  {0x6575, 24},
  {0x6577, 24},
  {0x6587, 24},
  {0x6599, 24},
  {0x659C, 24},
  {0x65A7, 24},
  {0x65AC, 24},
  {0x65AD, 24},
  {0x65B0, 24},
  {0x65B9, 24},
  {0x65BD, 24},
  {0x65C5, 24},
  {0x65E5, 24},
  {0x65E9, 24},
  {0x660E, 24},
  {0x6614, 24},
  {0x6620, 24},
  {0x663C, 24},
  {0x6642, 24},
  {0x666E, 24},
  {0x6674, 24},
  {0x6676, 24},
  {0x6696, 24},
  {0x6697, 24},
  {0x66B4, 24},
  {0x66F2, 24},
  {0x66F8, 24},
  {0x66FF, 24},
  {0x6700, 24},
  {0x6708, 24},
  {0x6709, 24},
  {0x671B, 24},
  {0x671F, 24},
  {0x6728, 24},
  {0x672B, 24},
  {0x672C, 24},
  {0x672D, 24},
  {0x673A, 24},
  {0x673D, 24},
  {0x6750, 24},
  {0x6756, 24},
  {0x675F, 24},
  {0x6765, 24},
  {0x676D, 24},
  {0x676F, 24},
  {0x6771, 24},
  {0x677E, 24},
  {0x677F, 24},
  {0x6797, 24},
  {0x679A, 24},
  {0x679C, 24},
  {0x679D, 24},
  {0x67A0, 24},
  {0x67AF, 24},
  {0x67B6, 24},
  {0x67C4, 24},
  {0x67D3, 24},
  {0x67F1, 24},
  {0x6804, 24},
  {0x6839, 24},
  {0x683C, 24},
  {0x6848, 24},
  {0x68A8, 24},
  {0x68AF, 24},
  {0x68B0, 24},
  {0x68D2, 24},
  {0x68DA, 24},
  {0x68EE, 24},
  {0x68FA, 24},
  {0x6912, 24},
  {0x696D, 24},
  {0x697D, 24},
  {0x69CB, 24},
  {0x69CD, 24},
  {0x69D8, 24},
  {0x6A19, 24},
  {0x6A29, 24},
  {0x6A2A, 24},
  {0x6A4B, 24},
  {0x6A5F, 24},
  {0x6B20, 24},
  {0x6B21, 24},
  {0x6B32, 24},
  {0x6B4C, 24},
  {0x6B62, 24},
  {0x6B63, 24},
  {0x6B66, 24},
  {0x6B69, 24},
  {0x6B6F, 24},
  {0x6B7B, 24},
  {0x6B8B, 24},
  {0x6BB5, 24},
  {0x6BBA, 24},
  {0x6BBF, 24},
  {0x6BCD, 24},
  {0x6BD4, 24},
  {0x6BEF, 24},
  {0x6C0F, 24},
  {0x6C11, 24},
  {0x6C17, 24},
  {0x6C34, 24},
  {0x6C38, 24},
  {0x6C42, 24},
  {0x6C5A, 24},
  {0x6C5D, 24},
  {0x6C60, 24},
  {0x6C72, 24},
  {0x6C7A, 24},
  {0x6C88, 24},
  {0x6CB9, 24},
  {0x6CBB, 24},
  {0x6CBF, 24},
  {0x6CD5, 24},
  {0x6CE2, 24},
  {0x6CE3, 24},
  {0x6CE5, 24},
  {0x6CE8, 24},
  {0x6CF3, 24},
  {0x6D0B, 24},
  {0x6D1E, 24},
  {0x6D41, 24},
  {0x6D45, 24},
  {0x6D5C, 24},
  {0x6D6E, 24},
  {0x6D77, 24},
  {0x6D88, 24},
  {0x6D8E, 24},
  {0x6DF1, 24},
  {0x6DF7, 24},
  {0x6E07, 24},
  {0x6E0B, 24},
  {0x6E21, 24},
  {0x6E26, 24},
  {0x6E3E, 24},
  {0x6E56, 24},
  {0x6E67, 24},
  {0x6E7F, 24},
  {0x6E80, 24},
  {0x6E9C, 24},
  {0x6EB6, 24},
  {0x6EBA, 24},
  {0x6EC5, 24},
  {0x6ED1, 24},
  {0x6ED3, 24},
  {0x6EDD, 24},
  {0x6EF4, 24},
  {0x6F01, 24},
  {0x6F02, 24},
  {0x6F0F, 24},
  {0x6F14, 24},
  {0x6F15, 24},
  {0x6F54, 24},
  {0x6F5C, 24},
  {0x6F64, 24},
  {0x6F70, 24},
  {0x6F84, 24},
  {0x6FC0, 24},
  {0x6FC1, 24},
  {0x6FC3, 24},
  {0x706B, 24},
  {0x706F, 24},
  {0x7070, 24},
  {0x7089, 24},
  {0x708E, 24},
  {0x70AD, 24},
  {0x70B9, 24},
  {0x70BA, 24},
  {0x70C8, 24},
  {0x7121, 24},
  {0x7136, 24},
  {0x713C, 24},
  {0x7159, 24},
  {0x7167, 24},
  {0x716E, 24},
  {0x719F, 24},
  {0x71B1, 24},
  {0x71C3, 24},
  {0x71D0, 24},
  {0x71E5, 24},
  {0x71ED, 24},
  {0x7206, 24},
  {0x7236, 24},
  {0x7247, 24},
  {0x7259, 24},
  {0x7269, 24},
  {0x7279, 24},
  {0x72C2, 24},
  {0x72D9, 24},
  {0x72E1, 24},
  {0x72EC, 24},
  {0x72ED, 24},
  {0x732E, 24},
  {0x7344, 24},
  {0x7372, 24},
  {0x7389, 24},
  {0x738B, 24},
  {0x73E0, 24},
  {0x73ED, 24},
  {0x73FE, 24},
  {0x7403, 24},
  {0x7406, 24},
  {0x7460, 24},
  {0x7483, 24},
  {0x74A7, 24},
  {0x74F6, 24},
  {0x7518, 24},
  {0x751F, 24},
  {0x7528, 24},
  {0x7531, 24},
  {0x7532, 24},
  {0x7533, 24},
  {0x7537, 24},
  {0x753B, 24},
  {0x754C, 24},
  {0x7559, 24},
  {0x7565, 24},
  {0x756A, 24},
  {0x7573, 24},
  {0x75B2, 24},
  {0x75DB, 24},
  {0x75E9, 24},
  {0x75FA, 24},
  {0x7652, 24},
  {0x767A, 24},
  {0x767B, 24},
  {0x767D, 24},
  {0x767E, 24},
  {0x7684, 24},
  {0x7686, 24},
  {0x76AE, 24},
  {0x76CA, 24},
  {0x76D7, 24},
  {0x76E3, 24},
  {0x76E4, 24},
  {0x76EE, 24},
  {0x76F4, 24},
  {0x76F8, 24},
  {0x770B, 24},
  {0x771F, 24},
  {0x7720, 24},
  {0x773A, 24},
  {0x7740, 24},
  {0x7763, 24},
  {0x77AC, 24},
  {0x77AD, 24},
  {0x77E5, 24},
  {0x77ED, 24},
  {0x77F3, 24},
  {0x7802, 24},
  {0x7814, 24},
  {0x7815, 24},
  {0x7834, 24},
  {0x786C, 24},
  {0x7891, 24},
  {0x78BA, 24},
  {0x78E8, 24},
  {0x793A, 24},
  {0x793C, 24},
  {0x793E, 24},
  {0x7948, 24},
  {0x7953, 24},
  {0x795D, 24},
  {0x795E, 24},
  {0x796D, 24},
  {0x7977, 24},
  {0x7981, 24},
  {0x798F, 24},
  {0x79C1, 24},
  {0x79D1, 24},
  {0x79D2, 24},
  {0x79D8, 24},
  {0x79F0, 24},
  {0x79FB, 24},
  {0x7A3C, 24},
  {0x7A4D, 24},
  {0x7A4F, 24},
  {0x7A74, 24},
  {0x7A7A, 24},
  {0x7A81, 24},
  {0x7A93, 24},
  {0x7A9F, 24},
  {0x7AAE, 24},
  {0x7ACB, 24},
  {0x7AEF, 24},
  {0x7B0F, 24},
  {0x7B11, 24},
  {0x7B2C, 24},
  {0x7B49, 24},
  {0x7B4B, 24},
  {0x7B52, 24},
  {0x7B54, 24},
  {0x7BA1, 24},
  {0x7BB1, 24},
  {0x7BC0, 24},
  {0x7BC4, 24},
  {0x7C21, 24},
  {0x7C60, 24},
  {0x7C73, 24},
  {0x7C89, 24},
  {0x7C8B, 24},
  {0x7C98, 24},
  {0x7CBE, 24},
  {0x7CCA, 24},
  {0x7D04, 24},
  {0x7D05, 24},
  {0x7D0D, 24},
  {0x7D14, 24},
  {0x7D19, 24},
  {0x7D1B, 24},
  {0x7D20, 24},
  {0x7D22, 24},
  {0x7D30, 24},
  {0x7D33, 24},
  {0x7D39, 24},
  {0x7D42, 24},
  {0x7D44, 24},
  {0x7D50, 24},
  {0x7D68, 24},
  {0x7D75, 24},
  {0x7D76, 24},
  {0x7D9A, 24},
  {0x7DCA, 24},
  {0x7DD1, 24},
  {0x7DD2, 24},
  {0x7DDA, 24},
  {0x7DE0, 24},
  {0x7DF4, 24},
  {0x7E01, 24},
  {0x7E04, 24},
  {0x7E1B, 24},
  {0x7E1F, 24},
  {0x7E26, 24},
  {0x7E2E, 24},
  {0x7E3E, 24},
  {0x7E41, 24},
  {0x7E4A, 24},
  {0x7E4B, 24},
  {0x7E54, 24},
  {0x7E70, 24},
  {0x7F6A, 24},
  {0x7F6E, 24},
  {0x7F75, 24},
  {0x7F8A, 24},
  {0x7F8E, 24},
  {0x7FA4, 24},
  {0x7FA9, 24},
  {0x7FBD, 24},
  {0x7FD2, 24},
  {0x7FE0, 24},
  {0x7FE1, 24},
  {0x7FFC, 24},
  {0x8003, 24},
  {0x8005, 24},
  {0x8010, 24},
  {0x8033, 24},
  {0x8056, 24},
  {0x805E, 24},
  {0x807E, 24},
  {0x8089, 24},
  {0x808B, 24},
  {0x80A9, 24},
  {0x80B2, 24},
  {0x80BA, 24},
  {0x80C6, 24},
  {0x80CC, 24},
  {0x80E1, 24},
  {0x80F8, 24},
  {0x80FD, 24},
  {0x8105, 24},
  {0x8106, 24},
  {0x8107, 24},
  {0x8108, 24},
  {0x811A, 24},
  {0x811B, 24},
  {0x8155, 24},
  {0x8170, 24},
  {0x8179, 24},
  {0x817F, 24},
  {0x819D, 24},
  {0x81A8, 24},
  {0x81CD, 24},
  {0x81D3, 24},
  {0x81E8, 24},
  {0x81EA, 24},
  {0x81ED, 24},
  {0x81F4, 24},
  {0x8208, 24},
  {0x820C, 24},
  {0x821F, 24},
  {0x8235, 24},
  {0x8239, 24},
  {0x826F, 24},
  {0x8272, 24},
  {0x829D, 24},
  {0x82B1, 24},
  {0x82B8, 24},
  {0x82DB, 24},
  {0x82E6, 24},
  {0x8302, 24},
  {0x8336, 24},
  {0x8349, 24},
  {0x8352, 24},
  {0x8377, 24},
  {0x843D, 24},
  {0x8449, 24},
  {0x846C, 24},
  {0x8490, 24},
  {0x84B8, 24},
  {0x84CB, 24},
  {0x8584, 24},
  {0x8599, 24},
  {0x866B, 24},
  {0x8679, 24},
  {0x86C7, 24},
  {0x86EE, 24},
  {0x874B, 24},
  {0x8759, 24},
  {0x8760, 24},
  {0x8776, 24},
  {0x8840, 24},
  {0x884C, 24},
  {0x8853, 24},
  {0x8863, 24},
  {0x8868, 24},
  {0x8870, 24},
  {0x888B, 24},
  {0x88C1, 24},
  {0x88C2, 24},
  {0x88C5, 24},
  {0x88CF, 24},
  {0x88D5, 24},
  {0x8907, 24},
  {0x8910, 24},
  {0x8912, 24},
  {0x8972, 24},
  {0x897F, 24},
  {0x8981, 24},
  {0x8986, 24},
  {0x898B, 24},
  {0x8996, 24},
  {0x8997, 24},
  {0x899A, 24},
  {0x89AA, 24},
  {0x89B3, 24},
  {0x89D2, 24},
  {0x89E3, 24},
  {0x89E6, 24},
  {0x8A00, 24},
  {0x8A18, 24},
  {0x8A1B, 24},
  {0x8A2D, 24},
  {0x8A31, 24},
  {0x8A33, 24},
  {0x8A3A, 24},
  {0x8A3C, 24},
  {0x8A55, 24},
  {0x8A5E, 24},
  {0x8A66, 24},
  {0x8A70, 24},
  {0x8A71, 24},
  {0x8A73, 24},
  {0x8A98, 24},
  {0x8A9E, 24},
  {0x8AA4, 24},
  {0x8AAC, 24},
  {0x8AAD, 24},
  {0x8AB0, 24},
  {0x8ABF, 24},
  {0x8AC7, 24},
  {0x8AE6, 24},
  {0x8AFE, 24},
  {0x8B0E, 24},
  {0x8B1B, 24},
  {0x8B58, 24},
  {0x8B66, 24},
  {0x8C37, 24},
  {0x8C5A, 24},
  {0x8C61, 24},
  {0x8CA0, 24},
  {0x8CA8, 24},
  {0x8CAB, 24},
  {0x8CAF, 24},
  {0x8CB7, 24},
  {0x8CBC, 24},
  {0x8CCA, 24},
  {0x8CDC, 24},
  {0x8CE2, 24},
  {0x8CEA, 24},
  {0x8CFC, 24},
  {0x8D08, 24},
  {0x8D64, 24},
  {0x8D70, 24},
  {0x8D77, 24},
  {0x8D85, 24},
  {0x8D8A, 24},
  {0x8DB3, 24},
  {0x8DE1, 24},
  {0x8DEF, 24},
  {0x8DF3, 24},
  {0x8E0A, 24},
  {0x8E0F, 24},
  {0x8E74, 24},
  {0x8E8D, 24},
  {0x8EAB, 24},
  {0x8ECB, 24},
  {0x8EE2, 24},
  {0x8EFD, 24},
  {0x8F2A, 24},
  {0x8F5F, 24},
  {0x8F9B, 24},
  {0x8FB1, 24},
  {0x8FBC, 24},
  {0x8FC5, 24},
  {0x8FD1, 24},
  {0x8FD4, 24},
  {0x8FF0, 24},
  {0x8FF7, 24},
  {0x8FFD, 24},
  {0x9000, 24},
  {0x9001, 24},
  {0x9003, 24},
  {0x9014, 24},
  {0x9019, 24},
  {0x901A, 24},
  {0x901F, 24},
  {0x9020, 24},
  {0x9023, 24},
  {0x9032, 24},
  {0x9038, 24},
  {0x9042, 24},
  {0x9045, 24},
  {0x904A, 24},
  {0x904B, 24},
  {0x904E, 24},
  {0x9053, 24},
  {0x9054, 24},
  {0x9055, 24},
  {0x9060, 24},
  {0x9063, 24},
  {0x906D, 24},
  {0x9078, 24},
  {0x907A, 24},
  {0x907F, 24},
  {0x90E8, 24},
  {0x90ED, 24},
  {0x90F5, 24},
  {0x9154, 24},
  {0x919C, 24},
  {0x91C9, 24},
  {0x91CC, 24},
  {0x91CD, 24},
  {0x91CE, 24},
  {0x91D1, 24},
  {0x91D8, 24},
  {0x9234, 24},
  {0x9244, 24},
  {0x9271, 24},
  {0x9280, 24},
  {0x92ED, 24},
  {0x9306, 24},
  {0x9320, 24},
  {0x9332, 24},
  {0x936E, 24},
  {0x9375, 24},
  {0x9396, 24},
  {0x93A7, 24},
  {0x93E1, 24},
  {0x9577, 24},
  {0x9580, 24},
  {0x9582, 24},
  {0x9583, 24},
  {0x9589, 24},
  {0x958B, 24},
  {0x9593, 24},
  {0x95A2, 24},
  {0x95C7, 24},
  {0x95D8, 24},
  {0x963B, 24},
  {0x964D, 24},
  {0x9650, 24},
  {0x9664, 24},
  {0x9665, 24},
  {0x9678, 24},
  {0x967A, 24},
  {0x967D, 24},
  {0x9685, 24},
  {0x968E, 24},
  {0x9699, 24},
  {0x969B, 24},
  {0x969C, 24},
  {0x96A0, 24},
  {0x96A3, 24},
  {0x96B7, 24},
  {0x96C6, 24},
  {0x96E2, 24},
  {0x96E3, 24},
  {0x96FB, 24},
  {0x9707, 24},
  {0x970A, 24},
  {0x9727, 24},
  {0x9752, 24},
  {0x9759, 24},
  {0x9762, 24},
  {0x9769, 24},
  {0x97F3, 24},
  {0x97FF, 24},
  {0x9806, 24},
  {0x982D, 24},
  {0x9837, 24},
  {0x984C, 24},
  {0x984D, 24},
  {0x984E, 24},
  {0x9854, 24},
  {0x9858, 24},
  {0x985E, 24},
  {0x9867, 24},
  {0x98A8, 24},
  {0x98DB, 24},
  {0x98DF, 24},
  {0x98E2, 24},
  {0x98EF, 24},
  {0x98F2, 24},
  {0x98FD, 24},
  {0x98FE, 24},
  {0x9996, 24},
  {0x99AC, 24},
  {0x99C4, 24},
  {0x99C6, 24},
  {0x9A12, 24},
  {0x9A5A, 24},
  {0x9AA8, 24},
  {0x9AB8, 24},
  {0x9ACF, 24},
  {0x9AD1, 24},
  {0x9AD8, 24},
  {0x9B42, 24},
  {0x9B54, 24},
  {0x9CE5, 24},
  {0x9CF4, 24},
  {0x9E7F, 24},
  {0x9E97, 24},
  {0x9EBB, 24},
  {0x9EC4, 24},
  {0x9ED2, 24},
  {0x9F3B, 24},
  {0xFF01, 24},
  {0xFF08, 24},
  {0xFF09, 24},
  {0xFF1A, 24},
  {0xFF1E, 24},
  {0xFF1F, 24},
};
static const unsigned base_rows[BASE_N][24] = {
  {0x000000,0x000000,0x000000,0x000000,0x000000,0x000000,0x000000,0x000000,0x000000,0x000000,0x000000,0x000000,0x000000,0x000000,0x000000,0x000000,0x000000,0x000000,0x000000,0x000000,0x000000,0x000000,0x000000,0x000000},
  {0x000000,0x000000,0x000060,0x000060,0x000060,0x000060,0x000060,0x000060,0x000060,0x000060,0x000060,0x000060,0x000060,0x000060,0x000060,0x000000,0x000000,0x000000,0x000060,0x0000F0,0x000060,0x000000,0x000000,0x000000},
  {0x000000,0x000108,0x00039C,0x00039C,0x000318,0x000108,0x000084,0x000042,0x000000,0x000000,0x000000,0x000000,0x000000,0x000000,0x000000,0x000000,0x000000,0x000000,0x000000,0x000000,0x000000,0x000000,0x000000,0x000000},
  {0x000000,0x000000,0x000000,0x000198,0x000198,0x000198,0x000198,0x000798,0x0007F8,0x0001FE,0x00019E,0x000198,0x000198,0x000798,0x0007F8,0x0001FE,0x00019E,0x000198,0x000198,0x000198,0x000198,0x000000,0x000000,0x000000},
  {0x000000,0x000020,0x000020,0x000020,0x0001F8,0x00032C,0x000326,0x000026,0x000026,0x00002C,0x00007C,0x0001F0,0x0003A0,0x000620,0x000620,0x000620,0x000620,0x000326,0x0001AE,0x000078,0x000020,0x000020,0x000020,0x000000},
  {0x000000,0x000000,0x000000,0x000000,0x00061C,0x000326,0x000326,0x0001B2,0x0001B2,0x0000DC,0x0000C0,0x000060,0x000060,0x000030,0x0003B0,0x0004D8,0x0004D8,0x00064C,0x00064C,0x000386,0x000000,0x000000,0x000000,0x000000},
  {0x000000,0x000000,0x000000,0x000038,0x000044,0x0000C6,0x0000C6,0x0000C6,0x0000CC,0x00006C,0x000038,0x000798,0x00021C,0x000236,0x000232,0x000163,0x000163,0x0000C3,0x0000C3,0x0009B6,0x00071C,0x000000,0x000000,0x000000},
  {0x000000,0x000020,0x000070,0x000070,0x000060,0x000020,0x000010,0x000008,0x000000,0x000000,0x000000,0x000000,0x000000,0x000000,0x000000,0x000000,0x000000,0x000000,0x000000,0x000000,0x000000,0x000000,0x000000,0x000000},
  {0x000000,0x000200,0x000100,0x000080,0x0000C0,0x000040,0x000060,0x000060,0x000060,0x000030,0x000030,0x000030,0x000030,0x000030,0x000020,0x000060,0x000060,0x000040,0x0000C0,0x000080,0x000100,0x000200,0x000000,0x000000},
  {0x000000,0x000004,0x000008,0x000010,0x000030,0x000020,0x000060,0x000060,0x000060,0x0000C0,0x0000C0,0x0000C0,0x0000C0,0x0000C0,0x000040,0x000060,0x000060,0x000020,0x000030,0x000010,0x000008,0x000004,0x000000,0x000000},
  {0x000000,0x000000,0x000000,0x000000,0x000000,0x000060,0x000060,0x000060,0x000666,0x00076E,0x00036C,0x0000F0,0x0000F0,0x00036C,0x00076E,0x000666,0x000060,0x000060,0x000060,0x000000,0x000000,0x000000,0x000000,0x000000},
  {0x000000,0x000000,0x000000,0x000000,0x000000,0x000000,0x000000,0x000060,0x000060,0x000060,0x000060,0x0007FE,0x0007FE,0x000060,0x000060,0x000060,0x000060,0x000000,0x000000,0x000000,0x000000,0x000000,0x000000,0x000000},
  {0x000000,0x000000,0x000000,0x000000,0x000000,0x000000,0x000000,0x000000,0x000000,0x000000,0x000000,0x000000,0x000000,0x000000,0x000000,0x000000,0x000010,0x000038,0x000038,0x000030,0x000010,0x000008,0x000004,0x000000},
  {0x000000,0x000000,0x000000,0x000000,0x000000,0x000000,0x000000,0x000000,0x000000,0x000000,0x000000,0x0003FC,0x0003FC,0x000000,0x000000,0x000000,0x000000,0x000000,0x000000,0x000000,0x000000,0x000000,0x000000,0x000000},
  {0x000000,0x000000,0x000000,0x000000,0x000000,0x000000,0x000000,0x000000,0x000000,0x000000,0x000000,0x000000,0x000000,0x000000,0x000000,0x000000,0x000000,0x000008,0x00001C,0x00001C,0x000008,0x000000,0x000000,0x000000},
  {0x000000,0x000400,0x000400,0x000200,0x000200,0x000100,0x000100,0x000080,0x000080,0x000080,0x000040,0x000040,0x000020,0x000020,0x000010,0x000010,0x000008,0x000008,0x000008,0x000004,0x000004,0x000002,0x000002,0x000000},
  {0x000000,0x000000,0x000000,0x0000F0,0x00030C,0x000204,0x000606,0x000606,0x000606,0x000606,0x000606,0x000606,0x000606,0x000606,0x000606,0x000606,0x000606,0x000606,0x000204,0x00030C,0x0000F0,0x000000,0x000000,0x000000},
  {0x000000,0x000000,0x000000,0x000040,0x000060,0x000070,0x00007C,0x000060,0x000060,0x000060,0x000060,0x000060,0x000060,0x000060,0x000060,0x000060,0x000060,0x000060,0x000060,0x000060,0x0001F8,0x000000,0x000000,0x000000},
  {0x000000,0x000000,0x000000,0x0000F0,0x00030C,0x000204,0x000606,0x000606,0x000600,0x000300,0x000300,0x000180,0x0000E0,0x000030,0x000018,0x000008,0x000004,0x000404,0x000402,0x0007FE,0x0007FE,0x000000,0x000000,0x000000},
  {0x000000,0x000000,0x000000,0x0000F0,0x00030C,0x000204,0x000606,0x000606,0x000600,0x000200,0x000100,0x0000F8,0x000300,0x000600,0x000600,0x000600,0x000606,0x000606,0x000206,0x00030C,0x0000F8,0x000000,0x000000,0x000000},
  {0x000000,0x000000,0x000000,0x0001C0,0x0001C0,0x0001A0,0x0001A0,0x000190,0x000190,0x000190,0x000188,0x000188,0x000184,0x000184,0x000182,0x000182,0x0007FE,0x000180,0x000180,0x000180,0x0003C0,0x000000,0x000000,0x000000},
  {0x000000,0x000000,0x000000,0x0003FC,0x0003FC,0x000004,0x000004,0x000004,0x000004,0x0000F4,0x00030C,0x000204,0x000600,0x000600,0x000600,0x000606,0x000606,0x000606,0x000204,0x00030C,0x0000F0,0x000000,0x000000,0x000000},
  {0x000000,0x000000,0x000000,0x0000F0,0x00030C,0x000604,0x000606,0x000006,0x000006,0x000006,0x0000F6,0x00030E,0x000206,0x000606,0x000606,0x000606,0x000606,0x000606,0x000204,0x00030C,0x0000F0,0x000000,0x000000,0x000000},
  {0x000000,0x000000,0x000000,0x0007FE,0x0007FE,0x000202,0x000202,0x000100,0x000100,0x000080,0x000080,0x0000C0,0x000040,0x000040,0x000060,0x000060,0x000020,0x000030,0x000030,0x000030,0x000030,0x000000,0x000000,0x000000},
  {0x000000,0x000000,0x000000,0x0000F0,0x00030C,0x000204,0x000606,0x000606,0x000606,0x000204,0x00030C,0x0001F8,0x000108,0x000204,0x000606,0x000606,0x000606,0x000606,0x000204,0x00030C,0x0000F0,0x000000,0x000000,0x000000},
  {0x000000,0x000000,0x000000,0x0000F0,0x00030C,0x000204,0x000606,0x000606,0x000606,0x000606,0x000606,0x000604,0x00070C,0x0006F0,0x000600,0x000600,0x000600,0x000606,0x000206,0x00030C,0x0000F0,0x000000,0x000000,0x000000},
  {0x000000,0x000000,0x000000,0x000000,0x000000,0x000020,0x000070,0x000070,0x000020,0x000000,0x000000,0x000000,0x000000,0x000000,0x000000,0x000020,0x000070,0x000070,0x000020,0x000000,0x000000,0x000000,0x000000,0x000000},
  {0x000000,0x000000,0x000000,0x000000,0x000000,0x000020,0x000070,0x000070,0x000020,0x000000,0x000000,0x000000,0x000000,0x000000,0x000020,0x000070,0x000070,0x000060,0x000020,0x000010,0x000008,0x000000,0x000000,0x000000},
  {0x000000,0x000000,0x000000,0x000200,0x000300,0x000180,0x0000C0,0x000060,0x000030,0x000018,0x00000C,0x000006,0x000006,0x00000C,0x000018,0x000030,0x000060,0x0000C0,0x000180,0x000300,0x000200,0x000000,0x000000,0x000000},
  {0x000000,0x000000,0x000000,0x000000,0x000000,0x000000,0x000000,0x000000,0x0007FE,0x0007FE,0x000000,0x000000,0x000000,0x000000,0x0007FE,0x0007FE,0x000000,0x000000,0x000000,0x000000,0x000000,0x000000,0x000000,0x000000},
  {0x000000,0x000000,0x000000,0x000002,0x000006,0x00000C,0x000018,0x000030,0x000060,0x0000C0,0x000180,0x000300,0x000300,0x000180,0x0000C0,0x000060,0x000030,0x000018,0x00000C,0x000006,0x000002,0x000000,0x000000,0x000000},
  {0x000000,0x000000,0x000000,0x0000F0,0x00030C,0x000204,0x000606,0x000606,0x000600,0x000600,0x000300,0x000380,0x0000E0,0x000020,0x000020,0x000000,0x000000,0x000020,0x000070,0x000070,0x000020,0x000000,0x000000,0x000000},
  {0x000000,0x000000,0x000000,0x000070,0x00018C,0x000306,0x000306,0x0006C3,0x0006F3,0x0006DB,0x0006DB,0x0006DB,0x0006DB,0x0006DB,0x0006DB,0x0003D3,0x000073,0x000406,0x000206,0x00018C,0x0000F0,0x000000,0x000000,0x000000},
  {0x000000,0x000000,0x000000,0x000060,0x000060,0x000060,0x000060,0x0000D0,0x0000D0,0x0000D0,0x0000D0,0x000188,0x000188,0x000188,0x0001F8,0x000188,0x000304,0x000304,0x000304,0x000304,0x00079E,0x000000,0x000000,0x000000},
  {0x000000,0x000000,0x000000,0x0000FE,0x00010C,0x00030C,0x00030C,0x00030C,0x00030C,0x00018C,0x0000FC,0x00010C,0x00030C,0x00060C,0x00060C,0x00060C,0x00060C,0x00060C,0x00020C,0x00030C,0x0000FE,0x000000,0x000000,0x000000},
  {0x000000,0x000000,0x000000,0x0004E0,0x000718,0x00060C,0x00040C,0x000406,0x000006,0x000006,0x000006,0x000006,0x000006,0x000006,0x000006,0x000406,0x000406,0x00020C,0x00020C,0x000198,0x0000E0,0x000000,0x000000,0x000000},
  {0x000000,0x000000,0x000000,0x00007F,0x000186,0x000306,0x000306,0x000606,0x000606,0x000606,0x000606,0x000606,0x000606,0x000606,0x000606,0x000606,0x000606,0x000306,0x000306,0x000186,0x00007F,0x000000,0x000000,0x000000},
  {0x000000,0x000000,0x000000,0x0003FE,0x00020C,0x00020C,0x00040C,0x00000C,0x00010C,0x00010C,0x0001FC,0x00010C,0x00010C,0x00000C,0x00000C,0x00000C,0x00000C,0x00040C,0x00020C,0x00020C,0x0003FE,0x000000,0x000000,0x000000},
  {0x000000,0x000000,0x000000,0x0003FE,0x00020C,0x00020C,0x00040C,0x00000C,0x00010C,0x00010C,0x0001FC,0x00010C,0x00010C,0x00000C,0x00000C,0x00000C,0x00000C,0x00000C,0x00000C,0x00000C,0x00003E,0x000000,0x000000,0x000000},
  {0x000000,0x000000,0x000000,0x0004F0,0x000718,0x00060C,0x00040C,0x000406,0x000006,0x000006,0x000006,0x000FE6,0x000606,0x000606,0x000606,0x000606,0x000606,0x00060C,0x00070C,0x0004D8,0x000470,0x000000,0x000000,0x000000},
  {0x000000,0x000000,0x000000,0x000F0F,0x000606,0x000606,0x000606,0x000606,0x000606,0x000606,0x0007FE,0x000606,0x000606,0x000606,0x000606,0x000606,0x000606,0x000606,0x000606,0x000606,0x000F0F,0x000000,0x000000,0x000000},
  {0x000000,0x000000,0x000000,0x0001F8,0x000060,0x000060,0x000060,0x000060,0x000060,0x000060,0x000060,0x000060,0x000060,0x000060,0x000060,0x000060,0x000060,0x000060,0x000060,0x000060,0x0001F8,0x000000,0x000000,0x000000},
  {0x000000,0x000000,0x000000,0x0003E0,0x000180,0x000180,0x000180,0x000180,0x000180,0x000180,0x000180,0x000180,0x000180,0x000180,0x000180,0x000180,0x000180,0x000180,0x00018C,0x00018E,0x000186,0x0000C4,0x000078,0x000000},
  {0x000000,0x000000,0x000000,0x00070F,0x000206,0x000106,0x000106,0x000086,0x000046,0x000046,0x000026,0x000076,0x00006E,0x0000C6,0x0000C6,0x0000C6,0x000186,0x000186,0x000306,0x000306,0x00078F,0x000000,0x000000,0x000000},
  {0x000000,0x000000,0x000000,0x00003E,0x00000C,0x00000C,0x00000C,0x00000C,0x00000C,0x00000C,0x00000C,0x00000C,0x00000C,0x00000C,0x00000C,0x00000C,0x00000C,0x00040C,0x00020C,0x00020C,0x0003FE,0x000000,0x000000,0x000000},
  {0x000000,0x000000,0x000000,0x000E03,0x000606,0x000706,0x000706,0x00070E,0x00068E,0x00068E,0x00069A,0x00065A,0x00065A,0x00065A,0x000632,0x000632,0x000632,0x000622,0x000602,0x000602,0x000F07,0x000000,0x000000,0x000000},
  {0x000000,0x000000,0x000000,0x000E07,0x000406,0x00040E,0x00040A,0x00041A,0x00041A,0x000432,0x000432,0x000462,0x000462,0x0004C2,0x0004C2,0x000582,0x000582,0x000502,0x000702,0x000602,0x000607,0x000000,0x000000,0x000000},
  {0x000000,0x000000,0x000000,0x0000F0,0x000108,0x00030C,0x000204,0x000606,0x000606,0x000606,0x000606,0x000606,0x000606,0x000606,0x000606,0x000606,0x000606,0x000204,0x00030C,0x000108,0x0000F0,0x000000,0x000000,0x000000},
  {0x000000,0x000000,0x000000,0x0000FE,0x00030C,0x00020C,0x00060C,0x00060C,0x00060C,0x00060C,0x00020C,0x00030C,0x0000FC,0x00000C,0x00000C,0x00000C,0x00000C,0x00000C,0x00000C,0x00000C,0x00001E,0x000000,0x000000,0x000000},
  {0x000000,0x000000,0x000000,0x0000F0,0x000108,0x00030C,0x000204,0x000606,0x000606,0x000606,0x000606,0x000606,0x000606,0x000606,0x000606,0x000606,0x000606,0x000274,0x00034C,0x000188,0x0000F0,0x000700,0x000600,0x000000},
  {0x000000,0x000000,0x000000,0x0000FF,0x000186,0x000306,0x000306,0x000306,0x000306,0x000186,0x00007E,0x0000C6,0x000186,0x000186,0x000186,0x000306,0x000306,0x000306,0x000306,0x000306,0x00078F,0x000000,0x000000,0x000000},
  {0x000000,0x000000,0x000000,0x000270,0x00028C,0x000304,0x000206,0x000206,0x000006,0x00001C,0x000078,0x0001E0,0x000380,0x000300,0x000600,0x000600,0x000602,0x000602,0x000306,0x00018E,0x000072,0x000000,0x000000,0x000000},
  {0x000000,0x000000,0x000000,0x0007FE,0x000462,0x000462,0x000861,0x000060,0x000060,0x000060,0x000060,0x000060,0x000060,0x000060,0x000060,0x000060,0x000060,0x000060,0x000060,0x000060,0x0000F0,0x000000,0x000000,0x000000},
  {0x000000,0x000000,0x000000,0x000E0F,0x000406,0x000406,0x000406,0x000406,0x000406,0x000406,0x000406,0x000406,0x000406,0x000406,0x000406,0x000406,0x000406,0x000406,0x00020C,0x00031C,0x0000F0,0x000000,0x000000,0x000000},
  {0x000000,0x000000,0x000000,0x00070F,0x000206,0x000206,0x000206,0x00010C,0x00010C,0x00010C,0x00010C,0x000098,0x000098,0x000098,0x000050,0x000070,0x000070,0x000070,0x000020,0x000020,0x000020,0x000000,0x000000,0x000000},
  {0x000000,0x000000,0x000000,0x000EEF,0x000466,0x000466,0x000466,0x000466,0x000466,0x0002C6,0x0002CC,0x0002CC,0x0002CC,0x0002CC,0x0002EC,0x000198,0x000198,0x000198,0x000198,0x000198,0x000198,0x000000,0x000000,0x000000},
  {0x000000,0x000000,0x000000,0x00070F,0x000206,0x000106,0x00010C,0x00008C,0x000098,0x000058,0x000070,0x000030,0x000060,0x000070,0x0000D0,0x0000C8,0x000188,0x000184,0x000304,0x000302,0x000787,0x000000,0x000000,0x000000},
  {0x000000,0x000000,0x000000,0x000E0F,0x000406,0x00040C,0x00020C,0x00020C,0x000118,0x000118,0x0000B0,0x0000B0,0x000060,0x000060,0x000060,0x000060,0x000060,0x000060,0x000060,0x000060,0x0000F0,0x000000,0x000000,0x000000},
  {0x000000,0x000000,0x000000,0x0007FC,0x000604,0x000302,0x000300,0x000180,0x000180,0x0000C0,0x0000C0,0x000060,0x000060,0x000030,0x000030,0x000018,0x000018,0x00080C,0x00040C,0x000406,0x0007FE,0x000000,0x000000,0x000000},
  {0x000000,0x0007F8,0x000018,0x000018,0x000018,0x000018,0x000018,0x000018,0x000018,0x000018,0x000018,0x000018,0x000018,0x000018,0x000018,0x000018,0x000018,0x000018,0x000018,0x000018,0x000018,0x0007F8,0x000000,0x000000},
  {0x000000,0x000000,0x000000,0x000E0F,0x000406,0x00020C,0x00020C,0x000118,0x000118,0x0000B0,0x0007FE,0x000060,0x000060,0x000060,0x0007FE,0x000060,0x000060,0x000060,0x000060,0x000060,0x0000F0,0x000000,0x000000,0x000000},
  {0x000000,0x0001FE,0x000180,0x000180,0x000180,0x000180,0x000180,0x000180,0x000180,0x000180,0x000180,0x000180,0x000180,0x000180,0x000180,0x000180,0x000180,0x000180,0x000180,0x000180,0x000180,0x0001FE,0x000000,0x000000},
  {0x000020,0x000070,0x0000D8,0x00018C,0x000202,0x000401,0x000000,0x000000,0x000000,0x000000,0x000000,0x000000,0x000000,0x000000,0x000000,0x000000,0x000000,0x000000,0x000000,0x000000,0x000000,0x000000,0x000000,0x000000},
  {0x000000,0x000000,0x000000,0x000000,0x000000,0x000000,0x000000,0x000000,0x000000,0x000000,0x000000,0x000000,0x000000,0x000000,0x000000,0x000000,0x000000,0x000000,0x000000,0x000000,0x000000,0x000000,0x0007FE,0x000000},
  {0x000000,0x000040,0x0000E0,0x0000E0,0x000060,0x000040,0x000080,0x000100,0x000000,0x000000,0x000000,0x000000,0x000000,0x000000,0x000000,0x000000,0x000000,0x000000,0x000000,0x000000,0x000000,0x000000,0x000000,0x000000},
  {0x000000,0x000000,0x000000,0x000000,0x000000,0x000000,0x000000,0x000000,0x000000,0x0001F0,0x00031C,0x00030C,0x000300,0x000300,0x0003F0,0x00030C,0x000306,0x000306,0x000386,0x000B66,0x00061C,0x000000,0x000000,0x000000},
  {0x000000,0x000004,0x000007,0x000006,0x000006,0x000006,0x000006,0x000006,0x000006,0x0000E6,0x00031E,0x00060E,0x000606,0x000606,0x000606,0x000606,0x000606,0x000606,0x00020E,0x000316,0x0000E2,0x000000,0x000000,0x000000},
  {0x000000,0x000000,0x000000,0x000000,0x000000,0x000000,0x000000,0x000000,0x000000,0x0000F0,0x00038C,0x000304,0x000006,0x000006,0x000006,0x000006,0x000006,0x000406,0x00020C,0x00019C,0x0000F0,0x000000,0x000000,0x000000},
  {0x000000,0x000200,0x000380,0x000300,0x000300,0x000300,0x000300,0x000300,0x000300,0x000370,0x00038C,0x000304,0x000306,0x000306,0x000306,0x000306,0x000306,0x000306,0x000304,0x00038C,0x000770,0x000000,0x000000,0x000000},
  {0x000000,0x000000,0x000000,0x000000,0x000000,0x000000,0x000000,0x000000,0x000000,0x0000F0,0x00030C,0x000204,0x000606,0x000606,0x0007FE,0x000006,0x000006,0x000406,0x00020C,0x00019C,0x0000F0,0x000000,0x000000,0x000000},
  {0x000000,0x0001E0,0x000310,0x000318,0x000018,0x000018,0x000018,0x000018,0x000018,0x0001FE,0x000018,0x000018,0x000018,0x000018,0x000018,0x000018,0x000018,0x000018,0x000018,0x000018,0x00003C,0x000000,0x000000,0x000000},
  {0x000000,0x000000,0x000000,0x000000,0x000000,0x000000,0x000000,0x000000,0x000600,0x000770,0x00018C,0x000306,0x000306,0x000306,0x00018C,0x000074,0x000006,0x0001FC,0x0003F4,0x000606,0x000606,0x00030C,0x0000F8,0x000000},
  {0x000000,0x000004,0x000007,0x000006,0x000006,0x000006,0x000006,0x000006,0x000006,0x0000F6,0x00018E,0x000106,0x000306,0x000306,0x000306,0x000306,0x000306,0x000306,0x000306,0x000306,0x00078F,0x000000,0x000000,0x000000},
  {0x000000,0x000000,0x000000,0x000060,0x000060,0x000000,0x000000,0x000000,0x000000,0x000040,0x000070,0x000060,0x000060,0x000060,0x000060,0x000060,0x000060,0x000060,0x000060,0x000060,0x0000F0,0x000000,0x000000,0x000000},
  {0x000000,0x000000,0x000000,0x000180,0x000180,0x000000,0x000000,0x000000,0x000000,0x000100,0x0001C0,0x000180,0x000180,0x000180,0x000180,0x000180,0x000180,0x000180,0x000180,0x000186,0x000186,0x000186,0x0000C4,0x000038},
  {0x000000,0x000004,0x000007,0x000006,0x000006,0x000006,0x000006,0x000006,0x000006,0x000386,0x000106,0x000086,0x000046,0x000026,0x000036,0x00006E,0x0000C6,0x0000C6,0x000186,0x000306,0x00078F,0x000000,0x000000,0x000000},
  {0x000000,0x000040,0x000070,0x000060,0x000060,0x000060,0x000060,0x000060,0x000060,0x000060,0x000060,0x000060,0x000060,0x000060,0x000060,0x000060,0x000060,0x000060,0x000060,0x000060,0x0000F0,0x000000,0x000000,0x000000},
  {0x000000,0x000000,0x000000,0x000000,0x000000,0x000000,0x000000,0x000000,0x000000,0x000334,0x0007FF,0x000666,0x000666,0x000666,0x000666,0x000666,0x000666,0x000666,0x000666,0x000666,0x000EEF,0x000000,0x000000,0x000000},
  {0x000000,0x000000,0x000000,0x000000,0x000000,0x000000,0x000000,0x000000,0x000000,0x0000F4,0x00018F,0x000106,0x000306,0x000306,0x000306,0x000306,0x000306,0x000306,0x000306,0x000306,0x00078F,0x000000,0x000000,0x000000},
  {0x000000,0x000000,0x000000,0x000000,0x000000,0x000000,0x000000,0x000000,0x000000,0x0000F0,0x00030C,0x000204,0x000606,0x000606,0x000606,0x000606,0x000606,0x000606,0x000204,0x00030C,0x0000F0,0x000000,0x000000,0x000000},
  {0x000000,0x000000,0x000000,0x000000,0x000000,0x000000,0x000000,0x000000,0x000000,0x0000E4,0x000397,0x00030E,0x000606,0x000606,0x000606,0x000606,0x000606,0x000606,0x00030E,0x000396,0x0000E6,0x000006,0x00000F,0x000000},
  {0x000000,0x000000,0x000000,0x000000,0x000000,0x000000,0x000000,0x000000,0x000000,0x000270,0x00039C,0x00030C,0x000306,0x000306,0x000306,0x000306,0x000306,0x000306,0x00030C,0x00039C,0x000370,0x000300,0x000700,0x000000},
  {0x000000,0x000000,0x000000,0x000000,0x000000,0x000000,0x000000,0x000000,0x000000,0x000310,0x00079C,0x000658,0x000038,0x000018,0x000018,0x000018,0x000018,0x000018,0x000018,0x000018,0x00003C,0x000000,0x000000,0x000000},
  {0x000000,0x000000,0x000000,0x000000,0x000000,0x000000,0x000000,0x000000,0x000000,0x0000F0,0x000388,0x00030C,0x00000C,0x00001C,0x0000F8,0x0003E0,0x000700,0x000600,0x00060C,0x00021C,0x0001F0,0x000000,0x000000,0x000000},
  {0x000000,0x000000,0x000000,0x000020,0x000030,0x000030,0x000030,0x000030,0x000030,0x0003FC,0x000030,0x000030,0x000030,0x000030,0x000030,0x000030,0x000030,0x000430,0x000430,0x000330,0x0001E0,0x000000,0x000000,0x000000},
  {0x000000,0x000000,0x000000,0x000000,0x000000,0x000000,0x000000,0x000000,0x000000,0x000204,0x000387,0x000306,0x000306,0x000306,0x000306,0x000306,0x000306,0x000306,0x000386,0x00034C,0x000738,0x000000,0x000000,0x000000},
  {0x000000,0x000000,0x000000,0x000000,0x000000,0x000000,0x000000,0x000000,0x000000,0x00070F,0x000206,0x000206,0x00010C,0x00010C,0x00010C,0x000098,0x000098,0x000070,0x000070,0x000020,0x000020,0x000000,0x000000,0x000000},
  {0x000000,0x000000,0x000000,0x000000,0x000000,0x000000,0x000000,0x000000,0x000000,0x000777,0x000266,0x000266,0x000266,0x0002D6,0x0002D6,0x0002D6,0x00018C,0x00018C,0x00018C,0x00018C,0x00018C,0x000000,0x000000,0x000000},
  {0x000000,0x000000,0x000000,0x000000,0x000000,0x000000,0x000000,0x000000,0x000000,0x00071E,0x00020C,0x000118,0x000098,0x0000B0,0x000060,0x000060,0x0000D0,0x000190,0x000188,0x000304,0x00078E,0x000000,0x000000,0x000000},
  {0x000000,0x000000,0x000000,0x000000,0x000000,0x000000,0x000000,0x000000,0x000000,0x00070F,0x000206,0x00020C,0x00010C,0x000118,0x000098,0x0000B0,0x000070,0x000060,0x000020,0x000020,0x000010,0x000013,0x00000B,0x000006},
  {0x000000,0x000000,0x000000,0x000000,0x000000,0x000000,0x000000,0x000000,0x000000,0x0007FC,0x000304,0x000182,0x0000C0,0x0000C0,0x000060,0x000030,0x000030,0x000418,0x00020C,0x00020C,0x0003FE,0x000000,0x000000,0x000000},
  {0x000000,0x000780,0x000040,0x000040,0x000060,0x000060,0x000060,0x000060,0x000060,0x000030,0x000010,0x00000E,0x000010,0x000030,0x000060,0x000060,0x000060,0x000060,0x000060,0x000040,0x000040,0x000780,0x000000,0x000000},
  {0x000000,0x000060,0x000060,0x000060,0x000060,0x000060,0x000060,0x000060,0x000060,0x000060,0x000060,0x000060,0x000060,0x000060,0x000060,0x000060,0x000060,0x000060,0x000060,0x000060,0x000060,0x000060,0x000060,0x000000},
  {0x000000,0x00001E,0x000020,0x000020,0x000060,0x000060,0x000060,0x000060,0x000060,0x0000C0,0x000080,0x000700,0x000080,0x0000C0,0x000060,0x000060,0x000060,0x000060,0x000060,0x000020,0x000020,0x00001E,0x000000,0x000000},
  {0x000000,0x000000,0x000000,0x000000,0x080010,0x040020,0x020040,0x010080,0x008100,0x004200,0x002400,0x001800,0x001800,0x002400,0x004200,0x008100,0x010080,0x020040,0x040020,0x080010,0x000000,0x000000,0x000000,0x000000},
  {0x000000,0x000000,0x000000,0x000000,0x000000,0x000000,0x000000,0x000000,0x000000,0x000000,0x000000,0xFFFFFF,0x000000,0x000000,0x000000,0x000000,0x000000,0x000000,0x000000,0x000000,0x000000,0x000000,0x000000,0x000000},
  {0x000000,0x000000,0x000000,0x000000,0x000000,0x000000,0x000000,0x000000,0x000000,0x000000,0x381C0E,0x381C0E,0x381C0E,0x000000,0x000000,0x000000,0x000000,0x000000,0x000000,0x000000,0x000000,0x000000,0x000000,0x000000},
  {0x000000,0x000000,0x100004,0x081C08,0x041C10,0x021C20,0x010040,0x008080,0x004100,0x002200,0x0E1438,0x0E0838,0x0E1438,0x002200,0x004100,0x008080,0x010040,0x021C20,0x041C10,0x081C08,0x100004,0x000000,0x000000,0x000000},
  {0x000000,0x000000,0x000000,0x000000,0x000000,0x000000,0x000000,0x000000,0x000000,0x000000,0x000000,0xFFFFFF,0x000000,0x000000,0x000000,0x000000,0x000000,0x000000,0x000000,0x000000,0x000000,0x000000,0x000000,0x000000},
  {0x000000,0x000000,0x000000,0x000000,0x000000,0x000000,0x000000,0x000000,0x000000,0x000000,0x000000,0x000000,0x000000,0x000000,0x000000,0x000000,0x000000,0x000000,0x000000,0x000000,0x000000,0x000000,0x000000,0x000000},
  {0x000000,0x000000,0x000000,0x000000,0x000000,0x000000,0x000000,0x000000,0x000000,0x000000,0x000000,0x000000,0x000000,0x000000,0x000000,0x000000,0x000000,0x000000,0x000008,0x000030,0x000060,0x0000C0,0x0001C0,0x000180},
  {0x000000,0x000000,0x000000,0x000000,0x000000,0x000000,0x000000,0x000000,0x000000,0x000000,0x000000,0x000000,0x000000,0x000000,0x000000,0x000000,0x000000,0x000000,0x000060,0x000090,0x000108,0x000108,0x000090,0x000060},
  {0x000000,0x000000,0x000000,0x000200,0x000E00,0x000600,0x060600,0x0FFE00,0x060300,0x030300,0x018180,0x008180,0x0042C0,0x002440,0x001820,0x003010,0x006008,0x00E000,0x01C000,0x018000,0x000000,0x000000,0x000000,0x000000},
  {0x080000,0x080000,0x040000,0x020000,0x010000,0x010000,0x008000,0x004000,0x004000,0x002000,0x001000,0x000800,0x000800,0x001000,0x002000,0x004000,0x004000,0x008000,0x010000,0x010000,0x020000,0x040000,0x080000,0x080000},
  {0x000010,0x000010,0x000020,0x000040,0x000080,0x000080,0x000100,0x000200,0x000200,0x000400,0x000800,0x001000,0x001000,0x000800,0x000400,0x000200,0x000200,0x000100,0x000080,0x000080,0x000040,0x000020,0x000010,0x000010},
  {0x07E000,0x002000,0x002000,0x002000,0x002000,0x002000,0x002000,0x002000,0x002000,0x002000,0x002000,0x002000,0x002000,0x002000,0x002000,0x002000,0x002000,0x000000,0x000000,0x000000,0x000000,0x000000,0x000000,0x000000},
  {0x000000,0x000000,0x000000,0x000000,0x000000,0x000000,0x000000,0x000400,0x000400,0x000400,0x000400,0x000400,0x000400,0x000400,0x000400,0x000400,0x000400,0x000400,0x000400,0x000400,0x000400,0x000400,0x000400,0x0007E0},
  {0x000000,0x000000,0x000000,0x000000,0x000000,0x000000,0x000000,0x000000,0x000000,0x0001F8,0x000706,0x001C01,0x807800,0x61E000,0x1F8000,0x000000,0x000000,0x000000,0x000000,0x000000,0x000000,0x000000,0x000000,0x000000},
  {0x000000,0x000000,0x000000,0x000000,0x000000,0x000600,0x000C00,0x000C00,0x00E400,0x007E20,0x0007C0,0x001280,0x001200,0x01FE00,0x071300,0x041A80,0x0C0AC0,0x0C0A60,0x0C0620,0x0C0730,0x0605A0,0x030460,0x00E000,0x000000},
  {0x000300,0x000E00,0x000600,0x00C600,0x01F608,0x003FF0,0x000340,0x002300,0x006300,0x006100,0x01FD00,0x063380,0x0C1140,0x181920,0x180910,0x300508,0x300308,0x30030C,0x180304,0x18068C,0x0C0668,0x060638,0x030008,0x00C000},
  {0x000000,0x000000,0x000000,0x000000,0x000000,0x000000,0x000000,0x000000,0x000000,0x000010,0x00C020,0x010060,0x020060,0x060060,0x040020,0x0C0420,0x0D8220,0x0E0260,0x0C0140,0x0001C0,0x0001C0,0x000180,0x000000,0x000000},
  {0x000000,0x000000,0x000000,0x000004,0x000008,0x018008,0x020008,0x040018,0x0C0018,0x180018,0x180018,0x300018,0x3E0018,0x380418,0x300218,0x000230,0x000130,0x0001B0,0x0000E0,0x0001E0,0x0000C0,0x000000,0x000000,0x000000},
  {0x000000,0x000000,0x000000,0x000000,0x000000,0x000400,0x000800,0x007800,0x007000,0x000000,0x000000,0x007880,0x00CF80,0x018700,0x018200,0x018000,0x018000,0x018000,0x00C000,0x00C000,0x006000,0x002000,0x001800,0x000000},
  {0x000200,0x003C00,0x007800,0x002000,0x000000,0x000000,0x000000,0x007800,0x008F20,0x0183E0,0x0301C0,0x030080,0x030000,0x030000,0x030000,0x030000,0x018000,0x018000,0x01C000,0x00C000,0x006000,0x003000,0x001800,0x000600},
  {0x000000,0x000000,0x000000,0x000000,0x000000,0x000800,0x001000,0x007000,0x00E000,0x000000,0x006000,0x00D880,0x00E700,0x007300,0x001800,0x000800,0x000C00,0x000600,0x000B00,0x001180,0x0031C0,0x0FE0C0,0x07C000,0x000000},
  {0x000200,0x003C00,0x007800,0x002000,0x000000,0x000000,0x007000,0x00EC20,0x00F7C0,0x0031C0,0x001880,0x000C00,0x000600,0x000200,0x000300,0x000180,0x0006C0,0x000860,0x001830,0x001838,0x00301C,0x3FF01C,0x1FE000,0x000000},
  {0x000000,0x000000,0x000000,0x000000,0x000000,0x000000,0x000080,0x000300,0x000700,0x078900,0x0C1D00,0x0C0F10,0x0201E0,0x000160,0x01F100,0x030D00,0x060300,0x060180,0x0601C0,0x060970,0x031160,0x00E180,0x000180,0x000000},
  {0x000000,0x0000C0,0x000180,0x060380,0x180180,0x300980,0x701D80,0x7C0F82,0x4001FC,0x0001B8,0x000190,0x07E080,0x1C3880,0x180680,0x300180,0x3000C0,0x3000B0,0x30089E,0x18108C,0x1C60D8,0x0780E0,0x0001C0,0x0000C0,0x000000},
  {0x000180,0x000700,0x000700,0x000300,0x000300,0x000100,0x001F00,0x032180,0x0C61E2,0x1840BE,0x30409C,0x7060C8,0x606040,0xF86060,0xE06020,0xC03030,0x0030B0,0x003118,0x001B18,0x001E0C,0x000E0E,0x000606,0x000000,0x000000},
  {0x0000C0,0x100380,0x600380,0xC20180,0xCC0180,0x180080,0x180F80,0x0190C0,0x0630F1,0x0C205F,0x18204E,0x383064,0x303020,0x7C3030,0x703010,0x601818,0x001858,0x00188C,0x000D8C,0x000F06,0x000707,0x000303,0x000000,0x000000},
  {0x000E00,0x001C00,0x009800,0x031800,0x019000,0x00F020,0x023FC0,0x0E6F80,0x074000,0x03C040,0x00FF80,0x010E00,0x030000,0x060000,0x060000,0x0DFF00,0x0F0080,0x0C0040,0x000040,0x000080,0x000180,0x000700,0x00FE00,0x00F800},
  {0x080700,0x300E00,0x614C00,0x668C00,0x0CC800,0x0C7810,0x001FE0,0x0337C0,0x03A000,0x01E020,0x007FC0,0x008700,0x018000,0x030000,0x030000,0x06FF80,0x078040,0x060020,0x000020,0x000040,0x0000C0,0x000380,0x007F00,0x007C00},
  {0x001800,0x007000,0x007000,0x003800,0x001800,0x000C00,0x000600,0x000300,0x000180,0x0000C0,0x000020,0x000020,0x000040,0x000180,0x000300,0x000600,0x000C00,0x001800,0x003000,0x007000,0x006000,0x00E000,0x00C000,0x004000},
  {0x001800,0x007000,0x007000,0x003800,0x041800,0x180C00,0x308600,0x330300,0x060180,0x0600C0,0x000020,0x000020,0x000040,0x000180,0x000300,0x000600,0x000C00,0x001800,0x003000,0x007000,0x006000,0x00E000,0x00C000,0x004000},
  {0x000000,0x018018,0x030030,0x070070,0x030070,0x030030,0x030030,0x7B0010,0xFFC218,0x03FC18,0x033008,0x030008,0x03000C,0x030084,0x030044,0x03004C,0x03006C,0x01802C,0x018028,0x018038,0x00C038,0x004030,0x002030,0x001000},
  {0x100000,0x60C00C,0xC58018,0xDB8038,0x318038,0x318018,0x018018,0x3D8008,0x7FE10C,0x01FE0C,0x019804,0x018004,0x018006,0x018042,0x018022,0x018026,0x018036,0x00C016,0x00C014,0x00C01C,0x00601C,0x002018,0x001018,0x000800},
  {0x000000,0x000000,0x000040,0x000080,0x00FF00,0x01FE00,0x003000,0x000800,0x000400,0x000000,0x000000,0x000000,0x000000,0x000000,0x000000,0x000008,0x000008,0x000008,0x000010,0x040060,0x0FFFC0,0x07FF00,0x000000,0x000000},
  {0x100000,0x600000,0xC20040,0xCC0080,0x18FF00,0x19FE00,0x003000,0x000800,0x000400,0x000000,0x000000,0x000000,0x000000,0x000000,0x000000,0x000008,0x000008,0x000008,0x000010,0x040060,0x0FFFC0,0x07FF00,0x000000,0x000000},
  {0x000C00,0x000600,0x000E00,0x009C00,0x039800,0x01F000,0x007C10,0x00CFE0,0x008380,0x018000,0x030000,0x030000,0x077E00,0x07C100,0x060080,0x000040,0x000040,0x000080,0x000080,0x000300,0x001E00,0x01FC00,0x01E000,0x000000},
  {0x080600,0x310300,0x660700,0x6C4E00,0x0DCC00,0x00F800,0x003E08,0x0067F0,0x0041C0,0x00C000,0x018000,0x018000,0x03BF00,0x03E080,0x030040,0x000020,0x000020,0x000040,0x000040,0x000180,0x000F00,0x00FE00,0x00F000,0x000000},
  {0x000060,0x0000C0,0x0001C0,0x0001C0,0x0001C0,0x0000C0,0x0000C0,0x0000C0,0x0000C0,0x0000C0,0x0000C0,0x0000C0,0x0000C0,0x000040,0x000040,0x000040,0x100040,0x080040,0x060040,0x0380C0,0x01E0C0,0x007F80,0x001F00,0x000000},
  {0x000060,0x0000C0,0x0101C0,0x0601C0,0x0C21C0,0x0CC0C0,0x0180C0,0x0180C0,0x0000C0,0x0000C0,0x0000C0,0x0000C0,0x0000C0,0x000040,0x000040,0x000040,0x100040,0x080040,0x060040,0x0380C0,0x01E0C0,0x007F80,0x001F00,0x000000},
  {0x001800,0x007000,0x00E000,0x006000,0x006000,0x002000,0x7FF800,0xFC2FC1,0x00207F,0x00201E,0x003E04,0x007300,0x006100,0x006100,0x006100,0x006300,0x003E00,0x003000,0x003000,0x001000,0x001800,0x000800,0x000400,0x000300},
  {0x081800,0x317000,0x66E000,0x6C6000,0x0C6000,0x002000,0x7FF800,0xF82FC1,0x00207F,0x00201E,0x003E04,0x007300,0x006100,0x006100,0x006100,0x006300,0x003E00,0x003000,0x003000,0x001000,0x001800,0x000800,0x000400,0x000300},
  {0x00C000,0x018000,0x038000,0x018060,0x0180C0,0x0181C0,0x0180C0,0x3980C0,0x7FF8C0,0x018FE0,0x0180FF,0x00C0CE,0x00C0C4,0x00F0C0,0x0060C0,0x0020C0,0x000080,0x000080,0x000180,0x000300,0x03FE00,0x03F800,0x000000,0x000000},
  {0x100000,0x606000,0xC2C000,0xCCC060,0x19C0C0,0x18C1C0,0x00C0C0,0x3CC0C0,0x7FF8C0,0x00CFE0,0x0060FF,0x0060CE,0x0068C4,0x0030C0,0x0030C0,0x0010C0,0x000080,0x000080,0x000180,0x000300,0x03FE00,0x03F800,0x000000,0x000000},
  {0x000000,0x003800,0x006E80,0x00E780,0x007300,0x003800,0x001800,0x000C00,0x0F0400,0x1FF200,0x007D00,0x0023C4,0x0010F8,0x000830,0x000800,0x000400,0x000400,0x000400,0x000C00,0x000C00,0x001800,0x003800,0x007000,0x006000},
  {0x000000,0x003800,0x086E80,0x30E780,0x627300,0x6C3800,0x181800,0x180C00,0x070400,0x0FF200,0x00FD00,0x0023C4,0x0010F8,0x000830,0x000800,0x000400,0x000400,0x000400,0x000C00,0x000C00,0x001800,0x003800,0x007000,0x006000},
  {0x000000,0x000180,0x000300,0x000700,0x000700,0x000300,0x001900,0x03DF84,0x0F03FC,0x1C00B8,0x1C0090,0x0200C0,0x000040,0x000060,0x000060,0x000030,0x000030,0x000818,0x00101C,0x00301C,0x10E008,0x3FC000,0x3F0000,0x000000},
  {0x080000,0x3000C0,0x610180,0x660380,0x0C0380,0x0C0180,0x000C80,0x01EFC2,0x0781FE,0x0E005C,0x0E0048,0x010060,0x000020,0x000030,0x000030,0x000018,0x000018,0x00040C,0x00080E,0x00180E,0x087004,0x1FE000,0x1F8000,0x000000},
  {0x000180,0x000700,0x000300,0x001300,0x003900,0x001F82,0x0003FC,0x000178,0x000190,0x000080,0x0000C0,0x07E0C0,0x0E1840,0x1806C0,0x1801E0,0x180060,0x180060,0x1C0000,0x0C0000,0x060000,0x038000,0x00F000,0x000E00,0x000000},
  {0x000180,0x040700,0x180300,0x309300,0x333900,0x061F82,0x0603FC,0x000178,0x0001A0,0x000080,0x0000C0,0x07E0C0,0x0E1840,0x1806C0,0x1801E0,0x180060,0x180060,0x1C0000,0x0C0000,0x060000,0x038000,0x00F000,0x000E00,0x000000},
  {0x000000,0x000000,0x000000,0x000000,0x000000,0x000000,0x000000,0x000000,0x000000,0x000000,0x000000,0x01F800,0x030700,0x0601C8,0x0600F0,0x060060,0x070000,0x030000,0x018000,0x00C000,0x003000,0x000E00,0x000000,0x000000},
  {0x000000,0x000000,0x000000,0x000000,0x000000,0x000000,0x07F000,0x181F00,0x3003E1,0x6000FE,0x60003C,0x600010,0x600000,0x700000,0x300000,0x380000,0x180000,0x0C0000,0x060000,0x038000,0x007800,0x000000,0x000000,0x000000},
  {0x080000,0x310000,0x660000,0x6C0000,0x0C0000,0x000000,0x03FC00,0x0C0F80,0x1801F1,0x30007E,0x30003C,0x300010,0x300000,0x380000,0x180000,0x1C0000,0x0C0000,0x060000,0x030000,0x01C000,0x003C00,0x000000,0x000000,0x000000},
  {0x000000,0x000000,0x070000,0x0FF000,0x01CE00,0x0063C2,0x0030FE,0x00183C,0x000818,0x000400,0x000400,0x000200,0x000200,0x000200,0x000200,0x000200,0x000600,0x000400,0x000C00,0x001800,0x007000,0x01E000,0x01C000,0x000000},
  {0x000000,0x000000,0x070000,0x0FF000,0x11CE00,0x6063C2,0xC230FE,0xCC183C,0x180818,0x180400,0x000400,0x000200,0x000200,0x000200,0x000200,0x000200,0x000600,0x000400,0x000C00,0x001800,0x007000,0x01E000,0x01C000,0x000000},
  {0x000300,0x000600,0x000E00,0x000E00,0x000600,0x000600,0x000600,0x000600,0x018600,0x03C400,0x01E400,0x007C00,0x001C00,0x000600,0x000300,0x000180,0x000080,0x000040,0x000040,0x000040,0x060080,0x0FFF80,0x03FE00,0x000000},
  {0x020180,0x0C4300,0x198700,0x1B0700,0x030300,0x000300,0x000300,0x000300,0x00C300,0x01E200,0x00F200,0x003E00,0x000E00,0x000300,0x000180,0x0000C0,0x000040,0x000020,0x000020,0x000020,0x030040,0x07FFC0,0x01FF00,0x000000},
  {0x0000C0,0x000380,0x000380,0x000D80,0x038E80,0x0E07E2,0x1C01FC,0x1F00DC,0x008040,0x004060,0x004020,0x004030,0x004030,0x004018,0x00C01C,0x00C00C,0x00C000,0x00FF00,0x03E180,0x0FC080,0x1CC080,0x187F00,0x003C00,0x000000},
  {0x000000,0x000030,0x000060,0x0000E0,0x000060,0x07E060,0x0FF870,0x030430,0x008030,0x000010,0x000018,0x000018,0x000018,0x000098,0x000058,0x000058,0x000458,0x000838,0x007030,0x3FE030,0x1F8070,0x000060,0x000000,0x000000},
  {0x000200,0x000400,0x000C00,0x001C00,0x000C10,0x000410,0x07FC10,0x1C0E10,0x180590,0x3006D0,0x300260,0x300330,0x300138,0x30016C,0x3000C4,0x1800C6,0x1BF1E2,0x1E19A6,0x7C0936,0xE7181C,0xC1F00C,0x000000,0x000000,0x000000},
  {0x000060,0x0000C0,0x0001C0,0x0001C0,0x0000C0,0x0000C0,0x0780C0,0x1C6040,0x181040,0x3008E0,0x3004F2,0x3002DE,0x30016C,0x3000D4,0x300068,0x180068,0x19E054,0x0F306C,0x3C106E,0xFC1076,0xC7E073,0x0380E3,0x000060,0x000020},
  {0x000000,0x000000,0x000000,0x000000,0x03FC00,0x0E0700,0x180DC0,0x301C60,0x300C30,0x700618,0x600618,0x60020C,0x60030C,0x600104,0x600184,0x30008C,0x3000D8,0x180058,0x0C0070,0x040030,0x030000,0x00C000,0x000000,0x000000},
  {0x000000,0x00E00C,0x038018,0x070038,0x030038,0x030018,0x110018,0x3F000C,0x3FE20C,0x01FC0C,0x010004,0x010006,0x010006,0x010022,0x010022,0x030012,0x030016,0x03FC16,0x1F061C,0x7B021C,0x73021C,0x01FC18,0x00F800,0x000000},
  {0x100000,0x60700C,0xC5C018,0xDB8038,0x318038,0x318018,0x088018,0x1F800C,0x1FF10C,0x00FE0C,0x008004,0x008006,0x008006,0x008022,0x008022,0x018012,0x018016,0x01FE16,0x0F831C,0x3D811C,0x39811C,0x00FE18,0x007C00,0x000000},
  {0x000000,0x70700C,0x89C018,0x8B8038,0x898038,0x718018,0x088018,0x1F800C,0x1FF10C,0x00FE0C,0x008004,0x008006,0x008006,0x008022,0x008022,0x018012,0x018016,0x01FE16,0x0F831C,0x3D811C,0x39811C,0x00FE18,0x007C00,0x000000},
  {0x000000,0x000000,0x000000,0x000180,0x0003C4,0x0601F8,0x060090,0x060040,0x060040,0x0A0060,0x0A0020,0x090030,0x190030,0x308030,0x70C018,0x604018,0x606018,0x003018,0x001818,0x000C18,0x000718,0x0003F0,0x0000F0,0x000000},
  {0x000000,0x100000,0x600000,0xC400C0,0xD801E2,0x3300FC,0x330048,0x030020,0x030020,0x050030,0x050010,0x048018,0x0C8018,0x184018,0x38600C,0x30200C,0x30300C,0x00180C,0x000C0C,0x00060C,0x00038C,0x0001F8,0x000078,0x000000},
  {0x000000,0x000000,0x700000,0x8800C0,0x8801E2,0x8B00FC,0x730048,0x030020,0x030020,0x050030,0x050010,0x048018,0x0C8018,0x184018,0x38600C,0x30200C,0x30300C,0x00180C,0x000C0C,0x00060C,0x00038C,0x0001F8,0x000078,0x000000},
  {0x000000,0x000200,0x000400,0x001800,0x007800,0x007C00,0x000600,0x000100,0x000100,0x000300,0x000600,0x000400,0x07FC00,0x1C0A00,0x301900,0x6030C0,0xF83061,0xE03039,0xC0321E,0x003C0E,0x003804,0x001800,0x000000,0x000000},
  {0x000000,0x000200,0x000400,0x081800,0x307800,0x627C00,0x6C0600,0x180100,0x180100,0x000300,0x000600,0x000400,0x07FC00,0x1C0A00,0x301900,0x6030C0,0xF83061,0xE03039,0xC0321E,0x003C0E,0x003804,0x001800,0x000000,0x000000},
  {0x000000,0x000200,0x000400,0x1C1800,0x227800,0x227C00,0x220600,0x1C0100,0x000100,0x000300,0x000600,0x000400,0x07FC00,0x1C0A00,0x301900,0x6030C0,0xF83061,0xE03039,0xC0321E,0x003C0E,0x003804,0x001800,0x000000,0x000000},
  {0x000000,0x000000,0x000000,0x000000,0x000000,0x000380,0x000440,0x000C40,0x001860,0x003020,0x006031,0x00C01A,0x01801E,0x07000C,0x3E000C,0xF80000,0xE00000,0x000000,0x000000,0x000000,0x000000,0x000000,0x000000,0x000000},
  {0x008000,0x030000,0x061000,0x066000,0x00C000,0x00C380,0x000440,0x000C40,0x001860,0x003020,0x006031,0x00C01A,0x01801E,0x07000C,0x3E000C,0xF80000,0xE00000,0x000000,0x000000,0x000000,0x000000,0x000000,0x000000,0x000000},
  {0x000000,0x038000,0x044000,0x044000,0x044000,0x038380,0x000440,0x000C40,0x001860,0x003020,0x006031,0x00C01A,0x01801E,0x07000C,0x3E000C,0xF80000,0xE00000,0x000000,0x000000,0x000000,0x000000,0x000000,0x000000,0x000000},
  {0x000000,0x00000C,0x0E0018,0x1FE038,0x03FE38,0x030018,0x030018,0x1F000C,0x1F810C,0x03FE0C,0x031804,0x030006,0x030006,0x030026,0x030022,0x030012,0x030016,0x07FC14,0x3F021C,0xFB021C,0xC3821C,0x01FC18,0x007818,0x000000},
  {0x000000,0x10000C,0x620018,0xCFE038,0xD9FC38,0x318018,0x318018,0x1F800C,0x1FC10C,0x01FE0C,0x019804,0x018006,0x018006,0x018026,0x018022,0x018012,0x018016,0x03FC14,0x1F821C,0x79821C,0x71821C,0x00FC18,0x007018,0x000000},
  {0x700000,0x88000C,0x8A0018,0x8FE038,0x71FC38,0x018018,0x018018,0x1F800C,0x1FC10C,0x01FE0C,0x019804,0x018006,0x018006,0x018026,0x018022,0x018012,0x018016,0x03FC14,0x1F821C,0x79821C,0x71821C,0x00FC18,0x007018,0x000000},
  {0x000E00,0x001800,0x003800,0x019800,0x03F808,0x01FFF0,0x001FC0,0x005800,0x008800,0x01C820,0x00F820,0x007FC0,0x000F80,0x000800,0x001800,0x001800,0x001800,0x001800,0x003FE0,0x01FC10,0x0F9810,0x0E0FE0,0x000780,0x000000},
  {0x000000,0x000000,0x003000,0x007E20,0x0073E0,0x0039C0,0x001840,0x000800,0x030C00,0x060400,0x0E0600,0x060200,0x063FE0,0x07E1B8,0x1F808C,0x7B0044,0xE18062,0xC18026,0x00C034,0x00C01C,0x006018,0x002000,0x001000,0x000C00},
  {0x000000,0x000060,0x0001C0,0x0003C0,0x060CC0,0x180FC2,0x3000FC,0x3000DC,0x600048,0x780040,0x600050,0x0000F8,0x0000C4,0x0000C4,0x0000CC,0x020078,0x040050,0x040060,0x040020,0x060020,0x03C060,0x01FFC0,0x003F80,0x000000},
  {0x000000,0x000400,0x000800,0x001800,0x001820,0x000820,0x000820,0x03FE20,0x0E0BA0,0x180DE0,0x180460,0x300470,0x300658,0x30024C,0x3003C4,0x300186,0x1803C2,0x180762,0x0C0634,0x06001C,0x03800C,0x007000,0x000000,0x000000},
  {0x000600,0x000C00,0x001C00,0x000C00,0x000C00,0x000620,0x000620,0x000340,0x0013E0,0x002790,0x004710,0x004190,0x0080A0,0x0181E0,0x0107C0,0x030EC0,0x0300C0,0x0300C0,0x0300C0,0x018080,0x01C180,0x00FF00,0x003E00,0x000000},
  {0x000000,0x000000,0x000000,0x000000,0x000000,0x000000,0x000600,0x000800,0x001800,0x001FE0,0x01E630,0x063830,0x0C0E20,0x0C03C0,0x0C01C0,0x063364,0x03C63C,0x000C18,0x000810,0x001800,0x003000,0x003000,0x003000,0x000000},
  {0x000000,0x000800,0x001000,0x002000,0x006000,0x007FC0,0x1F9C20,0x70E030,0xE01830,0xC00E60,0xC00380,0x6021C0,0x38C171,0x0F023E,0x00061C,0x000C00,0x000800,0x001800,0x003000,0x003000,0x006000,0x00E000,0x00C000,0x00C000},
  {0x000000,0x000000,0x000000,0x000000,0x000000,0x000000,0x000000,0x000000,0x003000,0x006860,0x01F8C0,0x0264C0,0x0664C0,0x0C6660,0x0C6560,0x0C6560,0x0C6560,0x0664C0,0x0264C0,0x01A8C0,0x007000,0x001800,0x000800,0x000700},
  {0x000000,0x001800,0x002402,0x006204,0x03F20C,0x0C6D1C,0x18C30C,0x18C10C,0x30C18C,0x30C186,0x30C146,0x30C126,0x30C222,0x30C212,0x186216,0x18641C,0x0E640C,0x07F80C,0x01F008,0x001000,0x001800,0x000800,0x000400,0x000300},
  {0x000000,0x000000,0x000000,0x000000,0x000000,0x000000,0x000600,0x001C00,0x003800,0x001800,0x019800,0x03E800,0x007800,0x000800,0x000800,0x000800,0x000800,0x001800,0x001800,0x00FF80,0x03D8C0,0x031840,0x000F80,0x000000},
  {0x000E00,0x003800,0x003800,0x001800,0x001800,0x001800,0x060800,0x07C800,0x01F800,0x000800,0x000800,0x000800,0x000800,0x001800,0x001800,0x001800,0x001800,0x003FC0,0x01F830,0x0F9808,0x1E1818,0x180FF0,0x0007C0,0x000000},
  {0x000300,0x000C00,0x001800,0x003800,0x003E00,0x000100,0x000080,0x000040,0x000040,0x000040,0x000040,0x000040,0x03F040,0x060C60,0x0C0360,0x0C01E0,0x0C00F0,0x0E0060,0x060000,0x030000,0x018000,0x006000,0x001C00,0x000000},
  {0x000000,0x000060,0x0000C0,0x007CC0,0x00C2C0,0x00C2C0,0x018140,0x018160,0x0180E0,0x0180E0,0x018060,0x018060,0x018060,0x018060,0x018060,0x018040,0x00C000,0x00C000,0x00C000,0x006000,0x006000,0x003000,0x001000,0x000C00},
  {0x000000,0x003000,0x007C40,0x00E7C0,0x007380,0x003900,0x001800,0x000C00,0x000400,0x000600,0x000300,0x00F900,0x030680,0x0601C0,0x0C00E0,0x0C0070,0x0C0030,0x0C0000,0x061E00,0x063300,0x034100,0x01E100,0x007E00,0x000000},
  {0x000060,0x0000C0,0x0001C0,0x0001C0,0x0000C0,0x0180C0,0x0360C0,0x061040,0x0608E0,0x0604F0,0x06025D,0x06014E,0x0600E4,0x0300D8,0x030048,0x030078,0x030054,0x03005C,0x83005A,0x630067,0x3E0063,0x0C0060,0x000060,0x000020},
  {0x000000,0x007040,0x00FCC0,0x00E780,0x003380,0x001900,0x000C00,0x000400,0x000600,0x000100,0x01F900,0x070680,0x0C0140,0x1800E0,0x180070,0x180038,0x180018,0x0C0000,0x0C0000,0x060000,0x038000,0x00E000,0x001E00,0x000000},
  {0x000000,0x000000,0x000000,0x000000,0x000000,0x000300,0x000600,0x000600,0x000600,0x000200,0x000700,0x01C790,0x073160,0x060960,0x0C0580,0x0C0340,0x0C01C0,0x0C0120,0x060170,0x060150,0x030180,0x00E180,0x000180,0x000000},
  {0x0000C0,0x000180,0x000380,0x000380,0x000180,0x000180,0x000080,0x000080,0x0F81C0,0x1861E0,0x3018F2,0x60049C,0x600288,0x600190,0x6000D0,0x6000E0,0x3000F0,0x300058,0x18005C,0x0C00EE,0x0300E6,0x00E0C0,0x0000C0,0x000040},
  {0x000000,0x001800,0x003E20,0x0073C0,0x0039C0,0x001880,0x000C00,0x000C00,0x000400,0x07F200,0x1C0E00,0x180380,0x300140,0x3001A0,0x3000B0,0x3000D8,0x300048,0x18786C,0x19CC24,0x0F043C,0x071C38,0x01F800,0x000000,0x000000},
  {0x001800,0x002E40,0x0073C0,0x007980,0x000D00,0x000400,0x01F200,0x030F00,0x060380,0x0600C0,0x0600E0,0x031E60,0x01B300,0x00E100,0x003E00,0x000200,0x0F0100,0x10C080,0x3030E0,0x601930,0x600F1C,0x7E070E,0x300306,0x000000},
  {0x000300,0x000E00,0x000E00,0x006600,0x00FA08,0x001FF0,0x000370,0x000120,0x020180,0x0C0080,0x1C07C0,0x1F0C70,0x03CC38,0x006C18,0x001C00,0x000E00,0x000D00,0x000480,0x0000C0,0x000040,0x0600C0,0x07FF80,0x03FE00,0x000000},
  {0x000000,0x001800,0x003000,0x003000,0x003800,0x001800,0x001C00,0x000C00,0x000C00,0x000600,0x000200,0x000300,0x000100,0x000080,0x0007C0,0x400C60,0x400C20,0x200C30,0x101818,0x18180C,0x0E180E,0x07F006,0x01E000,0x000000},
  {0x000000,0x000000,0x000000,0x000000,0x000000,0x000000,0x000000,0x000000,0x000000,0x000000,0x01C000,0x03FC20,0x070FE0,0x0385C0,0x00D880,0x003800,0x001800,0x000C00,0x000C00,0x000400,0x000600,0x000200,0x000100,0x000000},
  {0x000000,0x000000,0x000000,0x038000,0x0EF004,0x1C1F0C,0x3E07F8,0x0708F0,0x009820,0x007000,0x003000,0x003000,0x003000,0x003000,0x001800,0x001800,0x001800,0x000800,0x000C00,0x000400,0x000400,0x000200,0x000100,0x000000},
  {0x000000,0x000000,0x000000,0x000000,0x000000,0x000000,0x000000,0x001000,0x007000,0x007000,0x003800,0x001800,0x000C00,0x001E00,0x001B00,0x001980,0x001860,0x001800,0x001800,0x001800,0x001800,0x001800,0x001800,0x000000},
  {0x004000,0x004000,0x01E000,0x00E000,0x006000,0x003000,0x003000,0x001800,0x000C00,0x003E00,0x001B00,0x001980,0x0018C0,0x001860,0x001818,0x001800,0x001800,0x001800,0x001800,0x001800,0x001800,0x001800,0x000800,0x000000},
  {0x000000,0x000E00,0x001C00,0x001800,0x020800,0x070800,0x0FFC30,0x1C1FE0,0x0C01E0,0x060060,0x060060,0x060060,0x030060,0x030060,0x018060,0x018000,0x00C000,0x006000,0x003000,0x001800,0x000800,0x000600,0x000000,0x000000},
  {0x000000,0x000000,0x000000,0x000000,0x000000,0x000000,0x000000,0x000000,0x000000,0x000000,0x00C000,0x01FC40,0x018FC0,0x003980,0x001800,0x001800,0x000800,0x000800,0x03F810,0x078FE0,0x0001C0,0x000000,0x000000,0x000000},
  {0x000000,0x000000,0x000000,0x000000,0x03C000,0x07FC08,0x060FF0,0x0039E0,0x001840,0x001800,0x001800,0x001800,0x001800,0x001800,0x000800,0x080800,0x1F8800,0x3FFF02,0x2003FC,0x000078,0x000010,0x000000,0x000000,0x000000},
  {0x000000,0x000000,0x000000,0x000000,0x000000,0x000000,0x000000,0x001C00,0x003000,0x003000,0x019000,0x03F820,0x031FE0,0x001DC0,0x001680,0x001600,0x001300,0x001180,0x001280,0x001440,0x003820,0x003810,0x001000,0x000000},
  {0x000000,0x003000,0x00E000,0x01C000,0x00C000,0x00C000,0x00C000,0x0FE000,0x1FFE04,0x00DBF8,0x00D8F0,0x00CC20,0x00CC00,0x00C600,0x00C300,0x00C180,0x00C0C0,0x00C460,0x00C830,0x00F00C,0x00F000,0x006000,0x002000,0x000000},
  {0x000000,0x000000,0x000E00,0x001C00,0x001C00,0x000C00,0x010C00,0x03E400,0x073F08,0x0E05F8,0x060670,0x030320,0x030300,0x030180,0x030180,0x0180C0,0x0180C0,0x00C460,0x00C830,0x007818,0x007008,0x003006,0x000000,0x000000},
  {0x000000,0x100000,0x600700,0xC20E00,0xCC0E00,0x180600,0x188600,0x01F200,0x039F84,0x0702FC,0x030338,0x018190,0x018180,0x0180C0,0x0180C0,0x00C060,0x00C060,0x006230,0x006418,0x003C0C,0x003804,0x001803,0x000000,0x000000},
  {0x000000,0x000380,0x000600,0x000E00,0x008600,0x01E400,0x03FC00,0x000E08,0x000F98,0x0019F0,0x1E1860,0x3F9800,0x00F800,0x003E00,0x003784,0x0031F8,0x006078,0x006010,0x006000,0x006000,0x00C000,0x00C000,0x00C000,0x000000},
  {0x000000,0x000600,0x000C00,0x001C00,0x000C00,0x038600,0x07FE00,0x070F00,0x038300,0x018180,0x01C0C0,0x00C040,0x006030,0x006000,0x003000,0x001800,0x001800,0x000C00,0x000600,0x000300,0x000180,0x0000C0,0x000030,0x000000},
  {0x080000,0x300300,0x610600,0x660E00,0x0C0600,0x0DC300,0x03FF00,0x038780,0x01C180,0x00C0C0,0x00E060,0x006020,0x003018,0x003000,0x001800,0x000C00,0x000C00,0x000600,0x000300,0x000180,0x0000C0,0x000060,0x000018,0x000000},
  {0x000000,0x000000,0x000180,0x000300,0x000700,0x000300,0x000300,0x1F8180,0x3FFF80,0x006D80,0x00C0C0,0x00E0C0,0x006060,0x006020,0x003010,0x003008,0x001800,0x001800,0x000C00,0x000400,0x000200,0x000100,0x0000C0,0x000000},
  {0x100000,0x600000,0xC200C0,0xCC0180,0x180380,0x180180,0x000180,0x0FC0C0,0x1FFFC0,0x0036C0,0x006060,0x007060,0x003030,0x003010,0x001808,0x001804,0x000C00,0x000C00,0x000600,0x000200,0x000100,0x000080,0x000060,0x000000},
  {0x000000,0x000000,0x000000,0x000000,0x000000,0x010000,0x03F804,0x061FF8,0x0E03F0,0x060060,0x060000,0x030000,0x030000,0x030000,0x030000,0x018000,0x01F808,0x01CFF0,0x0181E0,0x000040,0x000000,0x000000,0x000000,0x000000},
  {0x000000,0x000000,0x100000,0x620000,0xCC0000,0xD88000,0x19FC04,0x030FF8,0x0701F0,0x030060,0x030000,0x018000,0x018000,0x018000,0x018000,0x00C000,0x00FC08,0x00E7F0,0x00C1E0,0x000040,0x000000,0x000000,0x000000,0x000000},
  {0x000000,0x003000,0x00E000,0x01C0C0,0x00C380,0x00C700,0x00C300,0x3EC300,0x7FF300,0x60DF82,0x00C3FC,0x00C378,0x00C310,0x00C300,0x006300,0x006100,0x006000,0x002000,0x003000,0x001000,0x001800,0x000800,0x000400,0x000200},
  {0x000000,0x000000,0x000020,0x0000C0,0x000380,0x000700,0x000000,0x000008,0x200030,0x1001E0,0x0801C0,0x060000,0x030000,0x018000,0x00E000,0x003800,0x001E04,0x000788,0x0001F8,0x0000F0,0x000020,0x000000,0x000000,0x000000},
  {0x000000,0x100000,0x600020,0xC200C0,0xCC0380,0x180700,0x180000,0x000008,0x000030,0x1001E0,0x0801C0,0x060000,0x030000,0x018000,0x00E000,0x003800,0x001E04,0x000788,0x0001F8,0x0000F0,0x000020,0x000000,0x000000,0x000000},
  {0x000000,0x000000,0x000000,0x000000,0x01C000,0x03FC10,0x018FE0,0x01C3C0,0x00C080,0x006000,0x006000,0x003000,0x003000,0x005800,0x008C00,0x030600,0x060300,0x0C0180,0x1C00C0,0x180060,0x180018,0x000000,0x000000,0x000000},
  {0x100000,0x600000,0xC20000,0xCC0000,0x19C000,0x1BFC10,0x018FE0,0x01C3C0,0x00C080,0x006000,0x006000,0x003000,0x003000,0x005800,0x008C00,0x030600,0x060300,0x0C0180,0x1C00C0,0x180060,0x180018,0x000000,0x000000,0x000000},
  {0x000000,0x0000C0,0x000380,0x000700,0x000300,0x000300,0x040300,0x0F8300,0x1CF300,0x3C1F00,0x0703C2,0x0183FC,0x004378,0x000310,0x000300,0x000300,0x000200,0x000600,0x000C00,0x0FF800,0x0FE000,0x000000,0x000000,0x000000},
  {0x000000,0x000000,0x060000,0x0C0000,0x1C0008,0x1C0030,0x0C0060,0x0C00E0,0x0E00C0,0x0600C0,0x060000,0x030000,0x030000,0x018000,0x018000,0x00C000,0x004000,0x006000,0x003000,0x001000,0x000800,0x000400,0x000300,0x000000},
  {0x100000,0x600000,0xC40000,0xD98000,0x330004,0x370018,0x070030,0x030070,0x038060,0x018060,0x018000,0x00C000,0x00C000,0x006000,0x006000,0x003000,0x001000,0x001800,0x000C00,0x000400,0x000200,0x000100,0x0000C0,0x000000},
  {0x000000,0x000600,0x000C00,0x001C00,0x000C00,0x038600,0x07FE00,0x070F00,0x038300,0x018180,0x01CEC0,0x00DC40,0x006830,0x006000,0x003000,0x001800,0x001800,0x000C00,0x000600,0x000300,0x000180,0x0000C0,0x000030,0x000000},
  {0x080000,0x300300,0x610600,0x660E00,0x0C0600,0x0DC300,0x03FF00,0x038780,0x01C180,0x00C0C0,0x00E760,0x006E20,0x003418,0x003000,0x001800,0x000C00,0x000C00,0x000600,0x000300,0x000180,0x0000C0,0x000060,0x000018,0x000000},
  {0x000000,0x002000,0x00E000,0x007800,0x003C00,0x000F00,0x0018E0,0x003000,0x103000,0x3FF000,0x7F3F02,0x0033FC,0x003078,0x003010,0x003000,0x001800,0x001800,0x001800,0x000C00,0x000400,0x000600,0x000200,0x000100,0x000080},
  {0x000000,0x000000,0x000000,0x000000,0x000000,0x000000,0x000000,0x000000,0x000000,0x000000,0x00C080,0x018300,0x038610,0x018660,0x01C0C0,0x00C0C0,0x00C000,0x006000,0x002000,0x003000,0x001800,0x000800,0x000400,0x000300},
  {0x000000,0x000000,0x060080,0x0C0100,0x1C0300,0x1C0604,0x0C0608,0x0C0618,0x0E0030,0x060030,0x060030,0x030000,0x030000,0x018000,0x00C000,0x00C000,0x006000,0x003000,0x001800,0x000C00,0x000600,0x000300,0x0000C0,0x000000},
  {0x000000,0x000000,0x000000,0x01F810,0x03FFE0,0x0003C0,0x000080,0x000000,0x1FC000,0x3FFF02,0x001BFC,0x003078,0x003010,0x003000,0x003000,0x001800,0x001800,0x001800,0x000C00,0x000C00,0x000600,0x000200,0x000100,0x000080},
  {0x100000,0x600000,0xC20000,0xCCF810,0x19FFE0,0x1803C0,0x000080,0x000000,0x3FC000,0x7FFF02,0x001BFC,0x003078,0x003010,0x003000,0x003000,0x001800,0x001800,0x001800,0x000C00,0x000C00,0x000600,0x000200,0x000100,0x000080},
  {0x000000,0x000380,0x000600,0x000E00,0x000E00,0x000600,0x000600,0x000600,0x000600,0x007E00,0x01C600,0x078600,0x0E0600,0x0C0600,0x000600,0x000600,0x000600,0x000600,0x000600,0x000600,0x000600,0x000600,0x000200,0x000000},
  {0x000000,0x040380,0x180600,0x308E00,0x330E00,0x060600,0x060600,0x000600,0x000600,0x007E00,0x01C600,0x078600,0x0E0600,0x0C0600,0x000600,0x000600,0x000600,0x000600,0x000600,0x000600,0x000600,0x000600,0x000200,0x000000},
  {0x000000,0x000C00,0x003800,0x007000,0x003000,0x003000,0x003000,0x0FB000,0x3FF800,0x3C3F82,0x0031FC,0x003078,0x003810,0x001800,0x001800,0x001800,0x000C00,0x000C00,0x000400,0x000600,0x000300,0x000100,0x0000C0,0x000000},
  {0x000000,0x000000,0x000000,0x000000,0x000000,0x008000,0x01F810,0x03FFF0,0x0201E0,0x000040,0x000000,0x000000,0x000000,0x000000,0x080000,0x1FE000,0x3FFF02,0x2003FE,0x00007C,0x000008,0x000000,0x000000,0x000000,0x000000},
  {0x000000,0x00C000,0x018000,0x038000,0x018000,0x01C000,0x00C000,0x00C000,0x00E000,0x006000,0x007000,0x003000,0x001800,0x001800,0x000C00,0x000600,0x000300,0x000180,0x0000C0,0x000060,0x000030,0x00000C,0x000000,0x000000},
  {0x000000,0x080000,0x300000,0x610000,0x660000,0x0C0060,0x0C40C0,0x0081C0,0x0101C0,0x0300C0,0x0600C0,0x0C00E0,0x1C0060,0x180060,0x380030,0x300030,0x300018,0x300008,0x000004,0x000002,0x000000,0x000000,0x000000,0x000000},
  {0x000000,0x000000,0x1C0000,0x220000,0x220000,0x220060,0x1C40C0,0x0081C0,0x0101C0,0x0300C0,0x0600C0,0x0C00E0,0x1C0060,0x180060,0x380030,0x300030,0x300018,0x300008,0x000004,0x000002,0x000000,0x000000,0x000000,0x000000},
  {0x000000,0x080000,0x300018,0x610070,0x6600E0,0x0C0060,0x0C0060,0x004060,0x01E060,0x00F860,0x001E60,0x0003E0,0x000060,0x000060,0x000060,0x000060,0x000060,0x000060,0x0700C0,0x07FFC0,0x01FF00,0x000000,0x000000,0x000000},
  {0x000000,0x000000,0x380018,0x440070,0x4400E0,0x440060,0x380060,0x004060,0x01E060,0x00F860,0x001E60,0x0003E0,0x000060,0x000060,0x000060,0x000060,0x000060,0x000060,0x0700C0,0x07FFC0,0x01FF00,0x000000,0x000000,0x000000},
  {0x000000,0x000000,0x000000,0x010000,0x03E000,0x073C18,0x0707F0,0x0301E0,0x038040,0x018000,0x018000,0x018000,0x00C000,0x00C000,0x006000,0x006000,0x003000,0x001800,0x000C00,0x000600,0x000300,0x0000C0,0x000000,0x000000},
  {0x100000,0x600000,0xC20000,0xCC8000,0x19F000,0x1B9E0C,0x0383F8,0x0180F0,0x01C020,0x00C000,0x00C000,0x00C000,0x006000,0x006000,0x003000,0x003000,0x001800,0x000C00,0x000600,0x000300,0x000180,0x000060,0x000000,0x000000},
  {0x000000,0x700000,0x880000,0x888000,0x89F000,0x739E0C,0x0383F8,0x0180F0,0x01C020,0x00C000,0x00C000,0x00C000,0x006000,0x006000,0x003000,0x003000,0x001800,0x000C00,0x000600,0x000300,0x000180,0x000060,0x000000,0x000000},
  {0x000000,0x000000,0x000000,0x000000,0x000000,0x000000,0x000300,0x000480,0x001880,0x0030C0,0x006060,0x00C060,0x038032,0x07003C,0x1E001C,0x7C000C,0x700000,0x000000,0x000000,0x000000,0x000000,0x000000,0x000000,0x000000},
  {0x000000,0x008000,0x030000,0x061000,0x066000,0x00C000,0x00C300,0x000480,0x001880,0x0030C0,0x006060,0x00C060,0x038032,0x07003C,0x1E001C,0x7C000C,0x700000,0x000000,0x000000,0x000000,0x000000,0x000000,0x000000,0x000000},
  {0x000000,0x000000,0x038000,0x044000,0x044000,0x044000,0x038300,0x000480,0x001880,0x0030C0,0x006060,0x00C060,0x038032,0x07003C,0x1E001C,0x7C000C,0x700000,0x000000,0x000000,0x000000,0x000000,0x000000,0x000000,0x000000},
  {0x100000,0x600600,0xC21C00,0xCC3800,0x181800,0x181800,0x001800,0x1F9800,0x3FFE04,0x001BF8,0x0018F0,0x001820,0x021800,0x041840,0x0C1840,0x181840,0x381860,0x301830,0x301938,0x001E18,0x001C00,0x000C00,0x000000,0x000000},
  {0x000000,0x380600,0x441C00,0x443800,0x441800,0x381800,0x001800,0x1F9800,0x3FFE04,0x001BF8,0x0018F0,0x001820,0x021800,0x041840,0x0C1840,0x181840,0x381860,0x301830,0x301938,0x001E18,0x001C00,0x000C00,0x000000,0x000000},
  {0x000000,0x000000,0x000000,0x000000,0x000000,0x040000,0x0FC000,0x1C7E04,0x3E07FC,0x0700F8,0x018030,0x00C000,0x0060C0,0x001300,0x000E00,0x001C00,0x003800,0x007000,0x007000,0x006000,0x000000,0x000000,0x000000,0x000000},
  {0x000000,0x0000C0,0x000300,0x000E00,0x003800,0x007000,0x00E000,0x00C000,0x000180,0x000600,0x001C00,0x003800,0x003000,0x000000,0x000020,0x0001C0,0x000700,0x000C00,0x003800,0x007000,0x00E000,0x01C000,0x018000,0x000000},
  {0x000000,0x000000,0x000600,0x001C00,0x003800,0x001800,0x001C00,0x000C00,0x000C00,0x000600,0x004600,0x008600,0x010200,0x030300,0x060100,0x0C0100,0x1F0080,0x19F080,0x381FC2,0x3001FC,0x300078,0x000010,0x000000,0x000000},
  {0x000000,0x000000,0x018000,0x030000,0x070000,0x038000,0x018000,0x0181C0,0x00C600,0x00DC00,0x007000,0x00F000,0x01B000,0x039800,0x071800,0x0E0C00,0x0C0600,0x0C0300,0x000180,0x0000C0,0x000060,0x000018,0x000000,0x000000},
  {0x000000,0x000000,0x008000,0x01F808,0x03FFF0,0x0007E0,0x000640,0x000600,0x080600,0x1FC600,0x3FFF02,0x000FFC,0x000678,0x000610,0x000600,0x000600,0x000600,0x000600,0x000600,0x0C0C00,0x0FFC00,0x07F000,0x000000,0x000000},
  {0x000000,0x000000,0x000000,0x000000,0x000000,0x000000,0x000000,0x000000,0x000000,0x000380,0x000700,0x030600,0x07E400,0x073C00,0x018F10,0x008DE0,0x0048E0,0x003840,0x001000,0x003000,0x003000,0x006000,0x006000,0x006000},
  {0x000000,0x0001C0,0x000380,0x000300,0x000300,0x0E0300,0x1FC200,0x387A00,0x3C0E00,0x060780,0x0104E2,0x008C7C,0x004838,0x001810,0x001800,0x001800,0x003000,0x003000,0x003000,0x007000,0x006000,0x006000,0x006000,0x000000},
  {0x000000,0x000000,0x000000,0x000000,0x000000,0x000000,0x000000,0x000000,0x000000,0x000000,0x002000,0x007840,0x00EF80,0x006380,0x006000,0x002000,0x003000,0x003000,0x0FFE08,0x0F07F0,0x0000E0,0x000000,0x000000,0x000000},
  {0x000000,0x000000,0x000000,0x000000,0x000000,0x004000,0x00FC10,0x01CFF0,0x00C1E0,0x006040,0x006000,0x006000,0x003000,0x003000,0x001000,0x1F1800,0x3FFF02,0x3007FE,0x00007C,0x000008,0x000000,0x000000,0x000000,0x000000},
  {0x000000,0x000000,0x000000,0x000000,0x000000,0x000000,0x000000,0x000000,0x000000,0x000000,0x00C000,0x01F840,0x039F80,0x018300,0x018000,0x00F880,0x00CF00,0x00C600,0x00C000,0x007840,0x006F80,0x006300,0x000000,0x000000},
  {0x000000,0x000000,0x004000,0x00F020,0x01FFC0,0x000780,0x000100,0x038000,0x06E000,0x071F04,0x0703F8,0x0300F0,0x018020,0x018000,0x00C000,0x00C000,0x006000,0x006000,0x003000,0x001800,0x000C00,0x000600,0x000180,0x000000},
  {0x000000,0x006000,0x01C0C0,0x038180,0x018380,0x018180,0x018180,0x018180,0x018180,0x018180,0x018180,0x018180,0x018180,0x018180,0x00C180,0x00C000,0x00C000,0x006000,0x006000,0x003000,0x001000,0x000800,0x000400,0x000200},
  {0x000000,0x000000,0x000600,0x001C00,0x003860,0x0018C0,0x0019C0,0x0018C0,0x0018C0,0x4018C0,0x2018C0,0x3018C0,0x1818C0,0x0C1860,0x061860,0x031860,0x01D830,0x00F830,0x007C18,0x003808,0x001004,0x000002,0x000000,0x000000},
  {0x000000,0x000030,0x0000E0,0x0001C0,0x0001C0,0x0000C0,0x0000C0,0x0000C0,0x0000C0,0x0000C0,0x2000C0,0x1000C0,0x0800C0,0x0600C0,0x0300C0,0x01C0C0,0x0070C0,0x003CC0,0x000FC0,0x0003E0,0x0001C0,0x000080,0x000000,0x000000},
  {0x000000,0x000000,0x000000,0x000000,0x030000,0x07F018,0x0EFE30,0x0601F0,0x060030,0x070030,0x030030,0x030060,0x030060,0x030060,0x018060,0x018060,0x018060,0x018060,0x03FFE0,0x030060,0x000020,0x000000,0x000000,0x000000},
  {0x000000,0x000000,0x000010,0x000020,0x0000E0,0x0003C0,0x000380,0x200000,0x100000,0x080000,0x040000,0x030000,0x018000,0x00E000,0x007000,0x001C00,0x000F84,0x0003F8,0x0000F0,0x000060,0x000000,0x000000,0x000000,0x000000},
  {0x000000,0x000000,0x000000,0x000000,0x000000,0x000000,0x000000,0x000000,0x000000,0x000000,0x000000,0x001C00,0x001C00,0x001C00,0x000000,0x000000,0x000000,0x000000,0x000000,0x000000,0x000000,0x000000,0x000000,0x000000},
  {0x000000,0x000000,0x000000,0x000000,0x000000,0x000000,0x000000,0x000000,0x000000,0x000000,0x000002,0x3FFFFC,0x7FFFF8,0x000030,0x000000,0x000000,0x000000,0x000000,0x000000,0x000000,0x000000,0x000000,0x000000,0x000000},
  {0x000000,0x000000,0x000000,0x000000,0x000000,0x000000,0x000000,0x000000,0x000000,0x200000,0x700000,0xFFFFFF,0x000000,0x000000,0x000000,0x000000,0x000000,0x000000,0x000000,0x000000,0x000000,0x000000,0x000000,0x000000},
  {0x000000,0x600000,0xFFFFFF,0x001800,0x001800,0x001800,0x001800,0x001800,0x001800,0x001800,0x001800,0x001800,0x001800,0x001800,0x001800,0x001800,0x001800,0x001800,0x001800,0x001800,0x001800,0x001800,0x001F00,0x000C00},
  {0x0001C0,0x0000C0,0x0000C0,0x0000C0,0x0000C0,0x0000C0,0x6000C0,0xF000C0,0x0F00C0,0x00E0C0,0x001EC0,0x0001F0,0x0000CF,0x0000C0,0x0000C0,0x0000C0,0x0000C0,0x0800C0,0x0800C0,0x0800C0,0x1800C0,0x1FFFC0,0x0FFF80,0x000000},
  {0x000000,0x600000,0xFFFFFF,0x000600,0x000600,0x000600,0x000600,0x0C0600,0x1FFE00,0x0C0600,0x0C0300,0x0C0300,0x0C0300,0x0C0300,0x0C0180,0x060180,0x060080,0x0600C0,0x030040,0x030060,0x018020,0x01F810,0x00E008,0x006006},
  {0x003800,0x001800,0x001800,0x001800,0x001800,0x601800,0xFFFFFF,0x001800,0x001880,0x001880,0x001880,0x001900,0x001900,0x001A00,0x000E00,0x000C00,0x001E00,0x003600,0x006300,0x01C180,0x0780C0,0xFE0030,0x78000C,0x600003},
  {0x000000,0x180000,0x3FFFFC,0x000000,0x000000,0x000000,0x000000,0x000000,0x000000,0x060000,0x0FFFF0,0x000000,0x000000,0x000000,0x000000,0x000000,0x000000,0x000000,0x000000,0x000000,0x600000,0xFFFFFF,0x000000,0x000000},
  {0x003800,0x001800,0x001800,0x001800,0x001800,0x001800,0x001800,0x001800,0x001800,0x181800,0x3FF800,0x001800,0x001800,0x001800,0x001800,0x001800,0x001800,0x001800,0x001800,0x001800,0x001800,0x601800,0xFFFFFF,0x000000},
  {0x000000,0x600000,0xFFFFFF,0x000C00,0x000C00,0x000C00,0x003C00,0x00CC00,0x030C00,0x0E0C00,0x1C0C00,0x180C00,0x000C00,0x000C00,0x000C00,0x000C00,0x000C00,0x000C00,0x000C00,0x000C00,0x000C00,0x000C00,0x000C00,0x000C00},
  {0x000000,0x600000,0xFFFFFF,0x007000,0x003000,0x001800,0x000C00,0x003C00,0x019E00,0x061B00,0x1C1980,0x3818C0,0x701860,0x601830,0x00180C,0x001803,0x001800,0x001800,0x001800,0x001800,0x001800,0x001800,0x001800,0x001800},
  {0x0001C0,0x0000C0,0x0000C0,0x0600C0,0x0FFFC0,0x0000C0,0x0000C0,0x0180C0,0x03FFC0,0x018060,0x018060,0x018000,0x618000,0xFFFFFF,0x018000,0x018000,0x00C000,0x00C000,0x00C000,0x006000,0x007000,0x003F00,0x001C00,0x000C00},
  {0x0E3800,0x0618E0,0x061860,0x061860,0x061860,0x061860,0x061860,0x661860,0xFFFFFF,0x061860,0x061860,0x061860,0x061860,0x061860,0x07F860,0x061860,0x061860,0x000060,0x000060,0x000060,0x000060,0x300060,0x7FFFE0,0x000060},
  {0x000000,0x600000,0xFFFFFF,0x001800,0x001800,0x001800,0x301804,0x7FFFFC,0x30180C,0x30180C,0x3719CC,0x3318CC,0x3318CC,0x3318CC,0x3318CC,0x3318CC,0x3318CC,0x33FFCC,0x3300CC,0x3000CC,0x30000C,0x30000C,0x3E000C,0x18000C},
  {0x010020,0x0700C0,0x030180,0x018380,0x008300,0x304000,0x7FFFFE,0x006300,0x006300,0x086300,0x386304,0x186308,0x186318,0x0C6310,0x046330,0x066330,0x026330,0x016330,0x00E300,0x006300,0x006300,0x606300,0xFFFFFF,0x000000},
  {0x003800,0x001800,0x001800,0x001800,0x001800,0x301804,0x7FFFFC,0x30180C,0x30180C,0x30180C,0x30180C,0x30180C,0x30180C,0x3FFFFC,0x30180C,0x30180C,0x001800,0x001800,0x001800,0x001800,0x001800,0x001800,0x001800,0x001800},
  {0x000300,0x001C00,0x003800,0x003000,0x180000,0x3FFFFC,0x001800,0x001800,0x001800,0x001800,0x001800,0x0C1800,0x1FFFF8,0x001800,0x001800,0x001800,0x001800,0x001800,0x001800,0x001800,0x001800,0x601800,0xFFFFFF,0x000000},
  {0x0E0000,0x1FE000,0x007FF0,0x001800,0x301800,0x7FFFFE,0x0318C0,0x0318C0,0x6318C0,0xFFFFFF,0x0318C0,0x0318C0,0x3318C0,0x7FFFFE,0x003E00,0x005B00,0x009B00,0x019980,0x0318C0,0x0E1860,0xFC1830,0x70180C,0x601803,0x001800},
  {0x000700,0x000300,0x000300,0x000300,0x000300,0x018300,0x03FFFF,0x018300,0x018300,0x018300,0x018300,0x018300,0x018300,0x018180,0x018180,0x018180,0x418180,0x4180C0,0x4180C0,0xC18060,0xC18030,0xFF8018,0x7F000C,0x000003},
  {0x000080,0x000380,0x000180,0x3000C0,0x7FFFC0,0x000060,0x000030,0x018010,0x03FFE8,0x00E004,0x003802,0x001C01,0x000600,0x000300,0x000180,0x0000C0,0x000060,0x200030,0x200030,0x200018,0x200018,0x600018,0x7FFFF0,0x3FFFE0},
  {0x039800,0x01BE00,0x018780,0x0180F0,0x0180CF,0x0180C0,0x0180C0,0x0198C0,0x01BFFF,0x0180C0,0x0180C0,0x0180C0,0x0180C0,0x018CC4,0x019FFC,0x018C0C,0x018C0C,0x418C0C,0x418C0C,0x418C0C,0x418C0C,0xC18FFC,0xFF8C0C,0x7F0C0C},
  {0x0040E0,0x01C060,0x00C660,0x00CFFF,0x606060,0xFFE060,0x002662,0x0037FE,0x181606,0x3FEE06,0x1C07FE,0x0E0606,0x070606,0x038606,0x01C7FE,0x00C666,0x006060,0x406660,0x403FFF,0x403060,0xC03060,0xFFF060,0x7FE060,0x000060},
  {0x000000,0x300000,0x7FFFFE,0x1C0000,0x060000,0x018800,0x006800,0x001800,0x001800,0x001800,0x001800,0x001800,0x001800,0x001800,0x001800,0x001800,0x001800,0x001800,0x001800,0x001800,0x001800,0x001800,0x001F00,0x000C00},
  {0x003800,0x601800,0xFFFFFF,0x001800,0x061820,0x0FFFE0,0x061860,0x061860,0x07FFE0,0x061860,0x181800,0x3FFFF8,0x181800,0x581800,0xFFFFFF,0x181800,0x181800,0x1FFFF8,0x181800,0x001800,0x001800,0x001800,0x001F00,0x000C00},
  {0x000000,0x000000,0x0C0000,0x1FFFF8,0x000000,0x000000,0x000000,0x000000,0x000000,0x000000,0x000000,0x000000,0x000000,0x000000,0x000000,0x000000,0x000000,0x000000,0x000000,0x600000,0xFFFFFF,0x000000,0x000000,0x000000},
  {0x000000,0x300000,0x7FFFFE,0x000600,0x000600,0x000600,0x000600,0x000600,0x000600,0x030300,0x07FFFC,0x030300,0x030300,0x030300,0x030300,0x030300,0x030300,0x030180,0x030180,0x030180,0x030180,0x630180,0xFFFFFF,0x000000},
  {0x01C380,0x00C180,0x00C180,0x00C180,0x00C180,0x30C180,0x7FFFFE,0x00C180,0x00C180,0x00C180,0x00C180,0x00C180,0x60C180,0xFFFFFF,0x00C180,0x00C180,0x00C180,0x00C0C0,0x00C0C0,0x00C040,0x00C060,0x00C020,0x00C010,0x00C00C},
  {0x003800,0x001800,0x001800,0x001800,0x001800,0x601800,0xFFFFFF,0x0000C0,0x0000C0,0x0000C0,0x0000C0,0x0000C0,0x0000C0,0x0000C0,0x0000C0,0x0000C0,0x0000C0,0x0000C0,0x0000C0,0x0000C0,0x0000C0,0x1FFFC0,0x1FFF80,0x000000},
  {0x003800,0x001800,0x001800,0x001800,0x001800,0x001800,0x001800,0x001800,0x002C00,0x002C00,0x002C00,0x002C00,0x004600,0x004600,0x008200,0x008300,0x018100,0x030180,0x060080,0x0E0040,0x1C0020,0xF80010,0x70000C,0x600003},
  {0x000C00,0x000C00,0x001600,0x001600,0x002300,0x004300,0x00C180,0x0180C0,0x0360C0,0x06FF60,0x1C0030,0xF80018,0x71800C,0x23FFE3,0x00C000,0x00C000,0x006000,0x006000,0x003000,0x003000,0x001800,0x001800,0x000C00,0x000C00},
  {0x000C00,0x000C00,0x001600,0x002600,0x006300,0x00C300,0x018180,0x0700C0,0xFFC3E0,0x78C1B0,0x60C18C,0x00C183,0x00C180,0x00C180,0x00C180,0x00C180,0x00C180,0x00C180,0x00C0C0,0x00C0C0,0x00C060,0x00C020,0x00C018,0x00C006},
  {0x01C040,0x00C1C0,0x00C0C0,0x00C0C0,0x00C0E0,0x00C060,0x00C060,0x00C070,0x60C070,0xFFFFE8,0x00C068,0x00C064,0x00C062,0x00C061,0x00C060,0x00C060,0x00C060,0x00C060,0x00C060,0x00C060,0x00C060,0x30C060,0x7FFF60,0x000060},
  {0x01C020,0x00C0E0,0x00CE60,0x00C660,0x18C670,0x3CC630,0x1AC630,0x19C638,0x18E638,0x18D634,0x18CE34,0x18C732,0x18C6F1,0x1EC630,0x0CC630,0x00C630,0x00C630,0x400630,0x400630,0x400630,0xC00630,0xFFFE30,0x7FFC30,0x000030},
  {0x0E0040,0x0601C0,0x0600C0,0x0600E0,0x060060,0x660060,0xFFFFB0,0x060030,0x060038,0x060238,0x060C34,0x061832,0x063031,0x063030,0x060030,0x060030,0x060030,0x060030,0x060030,0x060030,0x060030,0x060030,0x07C030,0x030030},
  {0x00E040,0x0261C0,0x0C60C0,0x1860C0,0x186060,0x606060,0xFFFFE0,0x006030,0x006030,0x006038,0x00C038,0x00C034,0x00C032,0x00C031,0x018030,0x018030,0x030030,0x430030,0x460030,0x4E0030,0x5C0030,0xF80030,0xF00030,0x600030},
  {0x1C0070,0x0C0030,0x0C0130,0x0C0230,0x0C0430,0x0C0C30,0x0C1830,0x0C1830,0x0C0030,0x0C0030,0x0C0030,0x0C0030,0x0C0030,0x0C0030,0x0C1030,0x0C0830,0x0C0630,0x0601B0,0x0E00F0,0x13003F,0x61800E,0xE06002,0xC01800,0xC00700},
  {0x002020,0x00E0E0,0x007060,0x609A60,0xFF8630,0x618630,0x618630,0x618638,0x618638,0x618634,0x618634,0x618632,0x618631,0x618630,0x618630,0x61A630,0x619E30,0x7D87F0,0x3183B0,0x0180B0,0x018030,0x018030,0x018030,0x018030},
  {0x01C020,0x00C0E0,0x00C060,0x00C060,0x00C070,0x60C130,0xFFFF30,0x60C338,0x60C338,0x60C334,0x60C334,0x60C332,0x60C331,0x7FFF30,0x60C330,0x60C330,0x00C030,0x00C030,0x00C030,0x00C030,0x00C030,0x00C030,0x00C030,0x00C030},
  {0x00E020,0x0260E0,0x0C6060,0x186060,0x186070,0x006030,0x606030,0xFFFFF8,0x006038,0x00B034,0x00B034,0x00B032,0x013031,0x011830,0x031830,0x021830,0x060830,0x040C30,0x0C0430,0x180630,0x380230,0xF00130,0x6000B0,0x400070},
  {0x01C020,0x00C0E0,0x00C060,0x00C060,0x60C060,0xFFFFB0,0x01E030,0x01E030,0x02F038,0x02F038,0x02D034,0x04D834,0x04D832,0x0CCC31,0x18C430,0x18C630,0x30C230,0xF0C130,0x60C0B0,0x40C070,0x00C030,0x00C030,0x00C030,0x00C030},
  {0x001800,0x001C00,0x002C00,0x004E00,0x00C600,0x018300,0x030180,0x0E00C0,0xFD8060,0x7BFFB0,0x60000C,0x000003,0x180000,0x3FFFFC,0x000E00,0x000600,0x000600,0x008300,0x030300,0x060100,0x0FF080,0x181FFC,0x3800F8,0x300008},
  {0x000020,0x0000E0,0x300060,0x7FFF60,0x000030,0x000030,0x000030,0x000038,0x600038,0xFFFFB4,0x00E034,0x006032,0x006031,0x006030,0x003030,0x003030,0x021030,0x041030,0x080830,0x100830,0x3F8430,0x30FFB0,0x600F30,0x600130},
  {0x01C020,0x08C0E0,0x38C260,0x18CC60,0x0CD870,0x04D830,0x02C030,0x30C038,0x7FFF38,0x00C034,0x00C034,0x00C032,0x60C031,0xFFFFB0,0x00C030,0x00C030,0x00C030,0x00C030,0x00C030,0x00C030,0x00C030,0x00C030,0x00C030,0x00C030},
  {0x01C020,0x00C0E0,0x00C060,0x00C060,0x60C170,0xFFFF30,0x60C330,0x60C338,0x60C338,0x7FFF34,0x60C334,0x60C332,0x60C331,0x60C330,0x7FFF30,0x60C330,0x60C330,0x00C030,0x00C030,0x00C030,0x00C030,0x00C030,0x00C030,0x00C030},
  {0x01C040,0x00C1C0,0x00C0C0,0x00C0E0,0x30C060,0x7FFFE0,0x000030,0x040030,0x1C0238,0x0C0438,0x0C0434,0x0C0C32,0x0C0831,0x060830,0x061830,0x061830,0x021830,0x021830,0x031830,0x011830,0x010030,0x608030,0xFFFFF0,0x000030},
  {0x0C0020,0x1F00E0,0x03C260,0x00FE60,0x00C630,0x00C630,0x00C630,0x00C638,0x60C638,0xFFFE34,0x018634,0x018632,0x018631,0x018630,0x030630,0x030630,0x434630,0x463630,0x460FF0,0x4C03B0,0x5C00B0,0xF98030,0xF3FFB0,0x600030},
  {0x001020,0x0060E0,0x01C060,0x018060,0x300070,0x7FFFB0,0x00C030,0x00C038,0x00C038,0x00C034,0x00C034,0x18C032,0x3FFF31,0x00C030,0x00C030,0x00C030,0x00C030,0x00C030,0x00C030,0x00C030,0x00C030,0x60C030,0xFFFFF0,0x000030},
  {0x00E020,0x0060E0,0x006060,0x006060,0x006070,0x606030,0xFFFFF0,0x00F838,0x017838,0x016834,0x026C34,0x026C32,0x046431,0x046630,0x0C6230,0x196330,0x3BFD30,0xF060B0,0x606070,0x406030,0x006030,0x006030,0x006030,0x006030},
  {0x000020,0x6000E0,0xFFFF60,0x180060,0x180030,0x180030,0x18C230,0x19FE38,0x18C638,0x18C634,0x18C634,0x18C632,0x18C631,0x18C630,0x18FE30,0x18C630,0x180630,0x180030,0x180030,0x180030,0x180030,0x180030,0x1F8030,0x0E0030},
  {0x001800,0x001C00,0x002C00,0x004600,0x008600,0x018300,0x030180,0x0E80C0,0xFDFFE0,0x701830,0x40180C,0x001803,0x301800,0x7FFFFE,0x001800,0x001820,0x0118E0,0x061860,0x0C1860,0x181830,0x381810,0x301808,0x001F04,0x000C00},
  {0x002040,0x00E1C0,0x0060C0,0x0030C0,0x603060,0xFFF860,0x00D860,0x00CC30,0x00C430,0x30C238,0x7FC138,0x00C0B4,0x00C072,0x00C031,0x60C030,0xFFC030,0x00C030,0x00C030,0x00C030,0x00C030,0x00C030,0x00C030,0x00C030,0x00C030},
  {0x01C020,0x00C0E0,0x00C060,0x60C060,0xFFFFF0,0x00C030,0x00C030,0x30C138,0x7FFF38,0x30C334,0x30C334,0x30C332,0x3FFF31,0x30C730,0x00C830,0x00D030,0x00D030,0x006030,0x00E030,0x01B030,0x071830,0xFE0C30,0x780330,0x6000F0},
  {0xE00010,0x60C070,0x63FFB0,0x6E0630,0x660630,0x660618,0x666618,0x66FE18,0x66631C,0x66631C,0x66631A,0x663519,0x663598,0x661C98,0x661858,0x660C38,0x660418,0x600618,0x600218,0x600118,0x600098,0x600058,0x7C0038,0x300018},
  {0x000020,0x0000E0,0x600060,0xFFFFE0,0x033060,0x033030,0x033030,0x033030,0x333138,0x7FFF38,0x333334,0x333334,0x333332,0x333331,0x333330,0x333330,0x333330,0x333330,0x333330,0x333330,0x333330,0x3FFF30,0x300330,0x300330},
  {0x0C0020,0x1FFCE0,0x0C0060,0x0C0060,0x0FFC70,0x0C0030,0x0C0030,0x0FFC38,0x0C0138,0x600134,0xFFFF34,0x6001B2,0x2C01B1,0x1FFE30,0x0C0830,0x061030,0x031030,0x01A030,0x00C030,0x01E030,0x073030,0xFE1830,0x780630,0x6001B0},
  {0x600020,0xFFFFE0,0x00C060,0x00C060,0x18C270,0x3FFE30,0x18C630,0x18C638,0x18C638,0x1FFE34,0x18C634,0x18C632,0x18C631,0x1FFE30,0x18C630,0x00C830,0x00D030,0x006030,0x006030,0x01B030,0x071830,0xFE0C30,0x780330,0x6000F0},
  {0x1C0040,0x3FC1C0,0x01FEC0,0x0040E0,0x01C260,0x02E460,0x0E2830,0x071830,0x033038,0x01B038,0x064034,0x182032,0x3FFFB1,0x70DF30,0x60C130,0x04C430,0x08DC30,0x18CC30,0x30CC30,0x70C630,0x60C230,0x60C130,0x00C0B0,0x00C030},
  {0x000020,0x0C02E0,0x1FFE60,0x0C0660,0x0C0660,0x0C0630,0x0C0630,0x0FFE30,0x0C0638,0x00E038,0x006034,0x606034,0xFFFFF2,0x017831,0x017830,0x026C30,0x066C30,0x0C6630,0x1C6230,0xF86130,0x7060B0,0x606070,0x006030,0x006030},
  {0x0C0020,0x1FFCE0,0x000060,0x600060,0xFFFFB0,0x000030,0x000030,0x0C0038,0x1FFC38,0x000034,0x000034,0x0C0032,0x1FFC31,0x000030,0x000030,0x180430,0x3FFC30,0x180C30,0x180C30,0x180C30,0x180C30,0x1FFC30,0x180C30,0x180C30},
  {0x002020,0x00E0E0,0x606060,0xFFF070,0x0C33B0,0x0619B0,0x062998,0x034598,0x01839C,0x06C19C,0xFC619A,0x709999,0x418798,0x04C198,0x2E6198,0xE71998,0x718198,0x38C198,0x1C3018,0x060C18,0x030018,0x00C018,0x003018,0x000E18},
  {0x01C020,0x00C0E0,0x00C060,0x30C060,0x7FFF70,0x040030,0x1C0230,0x0C0C38,0x061838,0x011834,0x608034,0xFFFFB2,0x000031,0x000030,0x0C0430,0x1FFC30,0x0C0C30,0x0C0C30,0x0C0C30,0x0C0C30,0x0C0C30,0x0FFC30,0x0C0C30,0x0C0C30},
  {0xE00010,0x60C070,0x61FFB0,0x6E0C30,0x660C30,0x661418,0x666218,0x66FFD8,0x66C79C,0x66009C,0x661C1A,0x660C19,0x666C18,0x66FFD8,0x660C18,0x660C18,0x600C18,0x60CC18,0x603C18,0x600FD8,0x600398,0x600098,0x7C0018,0x300018},
  {0x038020,0x0180E0,0x618060,0xFFFF60,0x018070,0x018030,0x198830,0x3FF818,0x181B98,0x18199C,0x1FF99C,0x18199A,0x181999,0x181998,0x1FF998,0x181998,0x181998,0x181998,0x1FF998,0x181998,0x000198,0x600198,0xFFFF98,0x000198},
  {0x00E020,0x0060E0,0x066060,0x0FFF60,0x063030,0x663030,0xFFFFF0,0x000018,0x0C0218,0x1FFE1C,0x0C061C,0x0C061A,0x0FFE19,0x0C0618,0x038018,0x198018,0x3FFF18,0x018C18,0x618C18,0xFFFFF8,0x018018,0x018018,0x018018,0x018018},
  {0x038010,0x018070,0x198630,0x3FF7F0,0x198630,0x598318,0xFFFF18,0x198198,0x19819C,0x1FF7DC,0x1986DA,0x018659,0x3FF658,0x018698,0x418698,0xFFFE98,0x018318,0x018318,0x018518,0x018598,0x001898,0xFFF058,0x7FE038,0x000018},
  {0xE00010,0x6060F0,0x6EFFB0,0x6661B0,0x666198,0x666198,0x667F98,0x66619C,0x66619C,0x66619A,0x66619A,0x667F99,0x666198,0x666198,0x666198,0x666198,0x607F98,0x600018,0x601118,0x602718,0x604318,0x60C198,0x7D80D8,0x318038},
  {0x01C020,0x00C0E0,0x60C060,0xFFFF60,0x020830,0x0E1030,0x063230,0x613238,0xFFFF38,0x6003B4,0x10E1B4,0x606032,0xFFFFB1,0x006030,0x186030,0x3FE030,0x183030,0x183030,0x181830,0x0C1830,0x0C0C30,0x0FC630,0x070330,0x0300F0},
  {0x1C0220,0x0C0EE0,0x0C3660,0x2C3E60,0x7FF330,0x0DB130,0x0D9BB0,0x6D9E98,0xFFEC58,0x0C061C,0x0C021C,0x0CE11A,0x0C60D9,0x606018,0xFFFFD8,0x017818,0x017818,0x026C18,0x066C18,0x0C6618,0xF86318,0x706198,0x606078,0x006018},
  {0x0E7020,0x0630E0,0x663060,0xFFFF60,0x063070,0x063030,0x6630B0,0xFFFF98,0x000198,0x30099C,0x7FF99C,0x31999A,0x319999,0x3FF998,0x319998,0x319998,0x319998,0x3FF998,0x319998,0x319898,0x3198D8,0x319858,0x3D9838,0x181818},
  {0x021C10,0x0E0C70,0x066C30,0x06FFB0,0x630C30,0xFF6C18,0x19FFF8,0x198018,0x195C18,0x190C1C,0x196C1C,0x1BFFFA,0x0A0619,0x0A3618,0x0E7E18,0x063318,0x0E3318,0x0A3318,0x0B3118,0x193198,0xF19898,0x709E58,0x604C38,0x403018},
  {0x000820,0x0038E0,0x301860,0x7FFC60,0x000C30,0x07FE30,0x061A30,0x061938,0x07F8B8,0x061874,0x061834,0x07F832,0x600031,0xFFFFF0,0x001830,0x300C30,0x7FFE30,0x31B330,0x3198F0,0x30CC30,0x186630,0x1FB1B0,0x0E0C30,0x060030},
  {0x000840,0x0039C0,0x0318C0,0x07FCE0,0x018C60,0x184660,0x3FFE30,0x18C730,0x18C6B8,0x18C678,0x1FFE34,0x18E632,0x113031,0x717830,0x397630,0x06D9B0,0x02EC30,0x04F630,0x1CD9B0,0xF8CC30,0x70C630,0x6079B0,0x007030,0x003030},
  {0x007010,0x003070,0x303030,0x7FFFF0,0x209830,0x611858,0x330D98,0x160598,0x0FFE1C,0xFE071C,0x76069A,0x67FE5A,0x060639,0x060618,0x07FE18,0x006118,0x026718,0x0C6318,0x186318,0x306198,0x706098,0x606058,0x007C38,0x003018},
  {0x010420,0x0398E0,0x188860,0x3FFFB0,0x006030,0x0C6030,0x1FFF98,0x006018,0x30601C,0x7FFFDC,0x00101A,0x0BBC19,0x198F98,0x518C18,0xFFFFD8,0x098C18,0x3B4C18,0x1B3C18,0x0F0FD8,0x460D98,0x4F0C98,0xDDCC18,0xF83F98,0x600618},
  {0x01C040,0x00C1C0,0x30C0C0,0x7FFFE0,0x020860,0x073060,0x611030,0xFFFFB0,0x000038,0x0FFC38,0x0C0C34,0x0C0C34,0x0FFC32,0x0C0C31,0x0C0C30,0x0FFC30,0x084030,0x31B430,0x633430,0xCB3630,0xC83230,0x1833B0,0x1FF1B0,0x0FE030},
  {0x000000,0x180000,0x3FFFFC,0x000000,0x000000,0x000000,0x000000,0x600000,0xFFFFFF,0x003180,0x003180,0x003180,0x003180,0x003180,0x003180,0x0030C0,0x0030C0,0x4030C0,0x403060,0x403060,0xC03030,0xFFF018,0x7FE00C,0x000003},
  {0x00E700,0x006300,0x006300,0x006300,0x086304,0x386318,0x1C6330,0x066330,0x016330,0x006300,0x006380,0x01E340,0x066330,0x0C6318,0x18630F,0x386306,0x306182,0x006180,0x406180,0x4060C0,0x406060,0xC06030,0xFFE00C,0x7FC003},
  {0x003800,0x001820,0x0018E0,0x001860,0x181860,0x3FFFF0,0x001830,0x001818,0x001808,0x001804,0x601802,0xFFFFFF,0x00C300,0x00C300,0x00C300,0x00C300,0x00C300,0x00C180,0x40C180,0x40C0C0,0x40C060,0xC0C030,0xFFC00C,0x7F8003},
  {0x003800,0x001800,0x041808,0x1C1830,0x0C1860,0x0618C0,0x0218C0,0x0118C0,0x009800,0x601800,0xFFFFFF,0x006300,0x006300,0x006300,0x006300,0x006300,0x006180,0x006180,0x406180,0x4060C0,0x406060,0xC06030,0xFFE00C,0x7FC003},
  {0x000000,0x003000,0x007FF0,0x001000,0x001000,0x001800,0x001800,0x001800,0x003800,0x002C00,0x002C00,0x004C00,0x004600,0x004600,0x008600,0x018300,0x010180,0x030180,0x0600C0,0x0C0060,0x1C0030,0xF80018,0x70000C,0x600003},
  {0x001800,0x001800,0x002C00,0x002C00,0x004600,0x008600,0x018300,0x030180,0x0E00C0,0xFC0060,0x77FFF0,0x40180C,0x001803,0x001800,0x061800,0x0FFFF0,0x001800,0x001800,0x001800,0x001800,0x001800,0x301800,0x7FFFFE,0x000000},
  {0x002000,0x007900,0x002700,0x002300,0x002300,0x004300,0x004300,0x004300,0x004300,0x008180,0x008180,0x018180,0x010180,0x0100C0,0x0300C0,0x020040,0x060060,0x0C0020,0x1C0030,0x380010,0xF80008,0x700004,0x600003,0x000000},
  {0x003800,0x001800,0x001800,0x001800,0x001800,0x601800,0xFFFFFF,0x000000,0x000000,0x000080,0x008380,0x010180,0x020180,0x0400C0,0x0C00C0,0x180060,0x300020,0x300030,0x700010,0x600008,0x600004,0x600002,0x000001,0x000000},
  {0x030040,0x07FFC0,0x0300C0,0x0300C0,0x0300C0,0x03FFC0,0x0300C0,0x0300C0,0x0300C0,0x03FFC0,0x0300C0,0x0300C0,0x0300C0,0x03FFC0,0x0300C0,0x600000,0xFFFFFF,0x000000,0x000080,0x018380,0x0601C0,0x1C00E0,0x380030,0x30000E},
  {0x003800,0x001800,0x001800,0x301804,0x7FFFFC,0x30180C,0x30180C,0x30180C,0x302C0C,0x304C0C,0x30840C,0x31860C,0x33020C,0x33010C,0x33008C,0x30006C,0x30000C,0x30000C,0x30000C,0x30000C,0x30000C,0x30000C,0x3E000C,0x18000C},
  {0x300004,0x7FFFFC,0x30180C,0x30180C,0x30180C,0x30180C,0x30180C,0x30180C,0x30180C,0x30180C,0x3FFFFC,0x30000C,0x30000C,0x30000C,0x30000C,0x30000C,0x30000C,0x30000C,0x30000C,0x30000C,0x30000C,0x30000C,0x3E000C,0x18000C},
  {0x0C0008,0x1FFFF8,0x0C6318,0x0C6318,0x0C6318,0x0C6318,0x0C6318,0x0C6318,0x0C6318,0x6C6318,0xFFFFFF,0x0C6318,0x0C6318,0x0C6318,0x0C6318,0x0C6318,0x0C6318,0x0C6318,0x0C6318,0x0C6318,0x0C6318,0x0C6318,0x0F8018,0x060018},
  {0x600000,0xFFFFFF,0x001800,0x001800,0x001800,0x0C1810,0x1FFFF0,0x0C1830,0x0C1830,0x0C1830,0x0FFFF0,0x0C1830,0x0C1830,0x0C1830,0x6C1830,0xFFFFFF,0x0C0030,0x0C0030,0x0C0030,0x0C0030,0x0C0030,0x0C0030,0x0F8030,0x060030},
  {0x180008,0x3FFFF8,0x180018,0x180018,0x1FFFF8,0x180018,0x180018,0x180018,0x1FFFF8,0x180018,0x060020,0x0FFFE0,0x060060,0x060060,0x07FFE0,0x060060,0x060060,0x07FFE0,0x060060,0x060060,0x060060,0x07FFE0,0x060060,0x060060},
  {0x000008,0x600008,0xFFFFF8,0x600008,0x30000C,0x08000E,0x00C086,0x01FF80,0x00C180,0x00C180,0x00C180,0x00C180,0x00C180,0x00C180,0x00C180,0x00C180,0x00C0C0,0x40C0C0,0x40C0C0,0x40C060,0xC0C030,0xC0C018,0xFFC00C,0x7F8003},
  {0x000008,0x600008,0xFFFFF8,0x60000C,0x30038C,0x080186,0x060186,0x0FFF80,0x000180,0x0000C0,0x0300C0,0x07FFE0,0x030060,0x030000,0x630000,0xFFFFFF,0x018000,0x018000,0x00C000,0x00C000,0x006000,0x007E00,0x003800,0x001800},
  {0x000008,0x600008,0xFFFFF8,0x60000C,0x20000E,0x130046,0x07FFC0,0x0300C0,0x0300C0,0x03FFC0,0x0300C0,0x0300C0,0x03FFC0,0x0300C0,0x003800,0x601800,0xFFFFFF,0x000000,0x008080,0x0303C0,0x0C00E0,0x380030,0x70000C,0x600003},
  {0x006002,0x006004,0x00B008,0x013018,0x021830,0x060830,0x0C0C00,0x198440,0xFBFA40,0x700120,0x6000A0,0x180050,0x3FFF98,0x18300C,0x18300F,0x18300E,0x18300C,0x18300C,0x18300C,0x1F300C,0x0C301C,0x00301C,0x003018,0x003000},
  {0x000000,0x018040,0x03FFC0,0x0180C0,0x0180C0,0x0180C0,0x0180C0,0x0182C0,0x018CC0,0x0198C0,0x0198C0,0x0198C0,0x0180C0,0x0180C0,0x0180C0,0x0180C0,0x0180C0,0x418060,0x418060,0x418060,0xC18030,0xC18018,0xFF800C,0x7F0003},
  {0x000010,0x062070,0x0FE030,0x066030,0x066330,0x0667F0,0x066330,0x066318,0x066318,0x066318,0x0661A8,0x0661AC,0x4661A4,0x4620C2,0x4630C1,0xC61060,0xC608A0,0xFE06B0,0x7C0110,0x000208,0x000408,0x003804,0xFFE002,0x7F8001},
  {0x003800,0x001800,0x381838,0x181818,0x181818,0x181818,0x181818,0x181818,0x181818,0x1FFFF8,0x181818,0x001800,0x001800,0x70181C,0x30180C,0x30180C,0x30180C,0x30180C,0x30180C,0x30180C,0x30180C,0x3FFFFC,0x30000C,0x30000C},
  {0x000000,0x300000,0x7FFFFE,0x300C00,0x300C00,0x300C00,0x300C00,0x300C00,0x300C00,0x300C00,0x300C00,0x300600,0x300600,0x300600,0x180600,0x180300,0x180300,0x180180,0x0C0180,0x0C00C0,0x060060,0x07E030,0x03800C,0x018003},
  {0x000000,0x300000,0x7FFFFE,0x300C00,0x300C00,0x300C00,0x300C30,0x300CC0,0x300D80,0x300F00,0x300E00,0x301C00,0x303600,0x306600,0x18E200,0x18C300,0x18C100,0x180180,0x0C0080,0x0C0040,0x060020,0x07E010,0x03800C,0x018003},
  {0x002100,0x002700,0x004300,0x004300,0x008180,0x008180,0x0100C0,0x030040,0x060020,0x1C0010,0xFBFFE8,0x730604,0x630603,0x030600,0x030300,0x030300,0x030300,0x030180,0x018180,0x0180C0,0x01C060,0x00F830,0x00E018,0x006006},
  {0x000038,0x300018,0x7FFE18,0x30C018,0x30C018,0x30C018,0x30C418,0x30CE18,0x30C198,0x30C078,0x30C01C,0x30C01B,0x30C018,0x30C218,0x30C218,0x306618,0x3067F8,0x3063F0,0x303000,0x183000,0x181800,0x1F8C00,0x0E0600,0x060180},
  {0x0000E0,0x000060,0x300060,0x7FFB60,0x30C7FF,0x30C300,0x30C180,0x30C180,0x30C0C0,0x30C2C0,0x30C660,0x30C360,0x30C0F0,0x30C368,0x30C664,0x30C662,0x306061,0x306060,0x186060,0x183060,0x183060,0x0F9860,0x0E0C60,0x060360},
  {0xE001C0,0x6008C2,0x6738CC,0x6318D8,0x630CD8,0x6304D8,0x6302C0,0x6318C0,0x633FFE,0x6300C0,0x6300C0,0x6300C0,0x6330C0,0x637FFF,0x6300C0,0x6300C0,0x6000C0,0x6000C0,0x6000C0,0x6000C0,0x6000C0,0x6000C0,0x7C00C0,0x3000C0},
  {0xE00C04,0x671FFC,0x630C0C,0x630C0C,0x630C0C,0x630C0C,0x630C0C,0x630FFC,0x630C6C,0x630060,0x630060,0x630C60,0x631FE0,0x630C30,0x630C30,0x630C30,0x600C10,0x600C18,0x600C18,0x600608,0x60060C,0x6007E4,0x7C0382,0x300181},
  {0x700C00,0x301F00,0x3383E0,0x3180FE,0x3180C0,0x3180C0,0x3198C0,0x31BFFF,0x3180E0,0x3181E0,0x3186F0,0x318CD0,0x3198D0,0x3198D8,0x3180C8,0x3180CC,0x3000C4,0x3000C2,0x3000C1,0x3000C0,0x3000C0,0x3000C0,0x3E00C0,0x1800C0},
  {0x7001C0,0x3000C4,0x3380DC,0x318CCC,0x319FFC,0x3180C6,0x3180C2,0x3198C1,0x31BFFF,0x3180C0,0x3180C0,0x3198C2,0x31BFFE,0x3198C6,0x3198C6,0x3198C6,0x3018C6,0x3018C6,0x3018C6,0x301FC6,0x300CC6,0x3000C0,0x3E00C0,0x1800C0},
  {0xE00380,0x600180,0x676180,0x63FFFF,0x630180,0x630180,0x633184,0x637FFC,0x63318C,0x63318C,0x63318C,0x63318C,0x633DCC,0x6319CC,0x6303E0,0x630DE0,0x6019B0,0x6039B0,0x603198,0x60018C,0x600186,0x600181,0x7C0180,0x300180},
  {0xE001C0,0x6000C0,0x6700C0,0x6330C0,0x637FFF,0x630020,0x6300E0,0x630262,0x630E14,0x630618,0x630330,0x630B30,0x633980,0x6318C0,0x630C60,0x630C30,0x600618,0x60030C,0x600383,0x6004C0,0x600860,0x601830,0x7C380C,0x303003},
  {0xE009C1,0x6038C6,0x6718CC,0x630CCC,0x6304C0,0x631AC2,0x633FFE,0x631806,0x631806,0x631806,0x631FFE,0x631806,0x631806,0x631806,0x631FFE,0x631806,0x601806,0x601806,0x601806,0x601806,0x601806,0x601806,0x7C1F06,0x300C06},
  {0x008040,0x038180,0x01C300,0x604300,0xFFFFFF,0x000000,0x000000,0x380608,0x19CFF8,0x18C618,0x18C618,0x18C7F8,0x18C618,0x18C618,0x18C618,0x18C7F8,0x18C618,0x180618,0x180618,0x180618,0x180618,0x180618,0x1F07D8,0x0C0318},
  {0xE00180,0x600180,0x6702C0,0x630CC0,0x631860,0x633030,0x636610,0x636FF8,0x630184,0x633183,0x637FFC,0x63318C,0x63318C,0x63318C,0x633FFC,0x63318C,0x6002C0,0x600CC0,0x601860,0x603860,0x603030,0x603018,0x7C000C,0x300003},
  {0xE001C0,0x6700C0,0x6330C0,0x637FFF,0x630610,0x630610,0x630320,0x6301C0,0x6303C0,0x637E70,0x633C1C,0x632C1B,0x630FF8,0x630C18,0x630C18,0x630C18,0x600FF8,0x600C18,0x600C18,0x600C08,0x600C0C,0x600C04,0x7C0C02,0x300C01},
  {0x700300,0x3007FE,0x338300,0x318300,0x3183FC,0x318300,0x318300,0x319B00,0x31BFFF,0x3180C0,0x3188C2,0x31B8CC,0x319CD8,0x3182D8,0x3180D8,0x3001C0,0x3002E0,0x300CD8,0x3018CF,0x3030C6,0x3030C2,0x3000C0,0x3E00F8,0x180060},
  {0xE01800,0x603F00,0x6703FC,0x630180,0x633180,0x637FFE,0x631998,0x631998,0x635998,0x63FFFF,0x631998,0x631998,0x631998,0x637FFE,0x6301C0,0x6303E0,0x600DE0,0x6019B0,0x6031B0,0x603198,0x60018C,0x600183,0x7C0180,0x300180},
  {0xE001C0,0x6000C4,0x6730C4,0x637FFC,0x633006,0x6311C7,0x630CC3,0x631FFC,0x6300C0,0x630CC0,0x631FFC,0x6300C0,0x6330C0,0x637FFF,0x630000,0x630000,0x600C04,0x601FFC,0x600C0C,0x600C0C,0x600C0C,0x600FFC,0x7C0C0C,0x300C0C},
  {0x7000C0,0x3000C0,0x338360,0x318C60,0x319D30,0x319BD0,0x318018,0x318C08,0x319FFC,0x318C1A,0x318C19,0x318FF8,0x318C18,0x318C18,0x318FF8,0x318C18,0x30000C,0x300C1C,0x301FF4,0x300C36,0x300C32,0x300C31,0x3E0FF0,0x180C30},
  {0xE00380,0x601980,0x6E3F80,0x666184,0x66FFFC,0x66698C,0x661F8C,0x6611FC,0x663F8C,0x661F0C,0x66300C,0x667FFC,0x66030C,0x66318C,0x66736C,0x66178C,0x660ECC,0x603734,0x606784,0x60C6C6,0x60C662,0x60061A,0x7C07C1,0x300300},
  {0x001C00,0x000C00,0x000C00,0x000C00,0x300C00,0x7FFFFF,0x300C00,0x300C00,0x300C00,0x300C00,0x300C00,0x300C00,0x300C00,0x300600,0x300600,0x300600,0x300300,0x180300,0x180180,0x1800C0,0x0C0060,0x0FC030,0x07000C,0x030003},
  {0x01C000,0x00C000,0x00C000,0x00C180,0x60C3FF,0xFFFE30,0x60C030,0x60C030,0x60C030,0x60C030,0x60C030,0x60C030,0x60C030,0x60C030,0x606330,0x6060F0,0x30603F,0x30300E,0x303002,0x301800,0x180C00,0x1F8600,0x0E0180,0x060060},
  {0x0000E0,0x000060,0x000060,0x000060,0x604C60,0xFFDFFF,0x60CC60,0x60CC60,0x60CC60,0x60CC60,0x60CC60,0x60CC60,0x60CC60,0x60CC60,0x60CC30,0x60CC30,0x60CC30,0x60CC10,0x60CC18,0x60C608,0x7FC60C,0x60C7E4,0x60C382,0x000181},
  {0x038000,0x018308,0x0187F8,0x018318,0x618318,0xFFFF18,0x618318,0x6183F8,0x618318,0x618318,0x618318,0x618318,0x6183F8,0x618318,0x60C318,0x60C318,0x60C318,0x306F18,0x3061F8,0x30303F,0x18180E,0x1F8C02,0x0E0600,0x060180},
  {0x0701C0,0x0300C0,0x0300C0,0x0318C0,0x033FFF,0x630010,0xFFE270,0x630C30,0x631918,0x633718,0x63330C,0x630304,0x630192,0x6301A1,0x6180C0,0x6181C0,0x618360,0x30C620,0x30CC30,0x306C10,0x183008,0x1F9804,0x0E0C02,0x060301},
  {0x0701C0,0x0300C0,0x0300C0,0x0318C0,0x033FFF,0x630020,0xFFF8E0,0x630162,0x630714,0x63030C,0x630198,0x630198,0x6302C0,0x630E60,0x618630,0x618318,0x61830C,0x308183,0x30C0C0,0x304160,0x386230,0x1F2618,0x1C160C,0x0C0803},
  {0x060000,0x0FFFFC,0x038200,0x006C00,0x0C1810,0x1FFFF0,0x0C1830,0x0C1830,0x0FFFF0,0x0C1830,0x0C1830,0x0FFFF0,0x0C0030,0x001C00,0x180C00,0x3FFFFE,0x180C00,0x180600,0x180600,0x0C0300,0x0C0180,0x07C0C0,0x070038,0x030007},
  {0x070C00,0x031F80,0x0301FC,0x0300C0,0x6318C0,0xFFFFFF,0x6300C0,0x630CC4,0x631FFC,0x630CCC,0x630CCC,0x630FFC,0x630CCC,0x630CCC,0x630FFC,0x618CCC,0x6180C0,0x319FFE,0x30C0C0,0x30C0C0,0x186FFF,0x1FB03E,0x0E1802,0x060600},
  {0x1384C4,0x7199FC,0x39B0CC,0x0990CC,0x7FFECC,0x0180CC,0x02C0FC,0x62C0CC,0xFFFFCC,0x0460CC,0x0830CC,0x19D8CC,0xF0CCFC,0x60C3CC,0x5FFCCC,0x18C0CC,0x18C0CC,0x1860CC,0x1860CC,0x0C30CC,0x0C30C4,0x0FD8C6,0x070CFA,0x030361},
  {0x0381C0,0x0182C0,0x1987FC,0x3FF8C0,0x1984C0,0x198FFE,0x199330,0x18EF18,0x58CEC7,0x59C0C0,0x3367FC,0x7330C0,0x600FC0,0xE000FF,0xC01C1E,0x0C0C02,0x1FFFF8,0x0C0600,0x0C0600,0x0C0300,0x060180,0x07E0C0,0x038030,0x01800E},
  {0x070008,0x030C18,0x031FF8,0x0300CC,0x6300C4,0xFFEC62,0x631FFF,0x630230,0x630630,0x630918,0x631FF8,0x63018C,0x63018C,0x63018E,0x630FFD,0x61818C,0x61818C,0x618FFC,0x60818C,0x30C18C,0x30498C,0x3F3FFC,0x1C100C,0x0C080C},
  {0x000040,0x0001C0,0x0000C0,0x3000C0,0x7FFFE0,0x300060,0x300030,0x3000F0,0x300068,0x303068,0x307864,0x301E62,0x3001E1,0x300060,0x304060,0x304060,0x18C060,0x18FFE0,0x187FC0,0x0C0000,0x0E0000,0x07E000,0x038000,0x018000},
  {0x000040,0x0001C0,0x0C00C0,0x1FFFC0,0x0C0060,0x0C0060,0x0C6030,0x0CFFF0,0x0C6018,0x0C6008,0x0C6004,0x0C6022,0x0C7FE1,0x066060,0x060060,0x07E060,0x038060,0x218060,0x200060,0x200060,0x600060,0x600060,0x7FFFE0,0x3FFFC0},
  {0x003880,0x001B80,0x001980,0x001980,0x0819C0,0x3818C0,0x1818C0,0x1C1860,0x0C1860,0x061870,0x031870,0x019868,0x007864,0x001862,0x001861,0x001860,0x001860,0x001860,0x401860,0x401860,0xC01860,0xC01860,0xFFF860,0x7FF060},
  {0x00E700,0x006300,0x006300,0x006300,0x106300,0x706300,0x386300,0x1C63FF,0x066300,0x01E300,0x006300,0x006300,0x006300,0x006300,0x006380,0x006360,0x006338,0x40631F,0x406306,0x406302,0xC06300,0xFFE300,0x7FC300,0x000300},
  {0x000604,0x01CFFC,0x00C60C,0x00C60C,0x10C7FC,0x70C60C,0x38C60C,0x18C7FC,0x0CC60C,0x06CC00,0x01DFFF,0x00C0C0,0x00C0C4,0x20CCDC,0x20DFCC,0x20C0CC,0x60C0CC,0x7FC0CC,0x3F80CC,0x0000DC,0x0000E4,0xFFFFC6,0x7FFF02,0x000001},
  {0x000000,0x300004,0x7FFFFC,0x00660C,0x00660C,0x00660C,0x00660C,0x00660C,0x00660C,0x00660C,0x10630C,0x10630C,0x10630C,0x30610C,0x3FE18C,0x1FC08C,0x00004C,0x00002C,0x00001C,0x00000C,0x60000C,0xFFFFFC,0x00000C,0x00000C},
  {0x300004,0x7FFFFC,0x00020C,0x000E0C,0x00060C,0x06030C,0x0FFF0C,0x00318C,0x00308C,0x18304C,0x3FFFEC,0x00300C,0x00580C,0x01980C,0x030C0C,0x060C0C,0x0C060C,0x1C030C,0x18018C,0x18006C,0x00000C,0x60000C,0xFFFFFC,0x00000C},
  {0x003800,0x001800,0x001800,0x001800,0x001800,0x001800,0x001800,0x001800,0x601800,0xFFFFFF,0x001800,0x001800,0x001800,0x001800,0x001800,0x001800,0x001800,0x001800,0x001800,0x001800,0x001800,0x001800,0x001800,0x001800},
  {0x0C0000,0x1F0000,0x03F000,0x007F00,0x0018FC,0x001800,0x001800,0x001800,0x001800,0x601800,0xFFFFFF,0x001800,0x001800,0x001800,0x001800,0x001800,0x001800,0x001800,0x001800,0x001800,0x001800,0x001800,0x001800,0x001800},
  {0x003800,0x021810,0x0E1860,0x0618C0,0x0318C0,0x0118C0,0x009800,0x305800,0x7FFFFE,0x001800,0x001800,0x001800,0x001800,0x601800,0xFFFFFF,0x001800,0x001800,0x001800,0x001800,0x001800,0x001800,0x001800,0x001800,0x001800},
  {0x003800,0x001800,0x181800,0x3FF800,0x001800,0x061820,0x0FFFE0,0x060060,0x060060,0x060060,0x07FFE0,0x060060,0x060060,0x060060,0x07FFE0,0x061860,0x601800,0xFFFFFF,0x001800,0x001800,0x001800,0x001800,0x001800,0x001800},
  {0x003800,0x001800,0x601800,0xFFFFFF,0x001800,0x001800,0x181808,0x3FFFF8,0x184118,0x18C218,0x186618,0x182618,0x189018,0x19FF98,0x181818,0x191818,0x1BFFD8,0x181818,0x181818,0x181818,0x181818,0x181818,0x1F0018,0x0C0018},
  {0x020200,0x0E0C20,0x0718C0,0x019980,0x064120,0x0FFFE0,0x061860,0x061860,0x061860,0x07FFE0,0x061860,0x061860,0x061860,0x061860,0x07FFE0,0x061860,0x001800,0x601800,0xFFFFFF,0x001800,0x001800,0x001800,0x001800,0x001800},
  {0x0DC070,0x18C030,0x58C030,0xFFFF30,0x00C030,0x18C2B0,0x3FFFFF,0x18C630,0x18C630,0x1FFE30,0x18C630,0x18C630,0x1FFE30,0x180630,0x660030,0xFFFFB0,0x060030,0x060430,0x061830,0x063030,0x063030,0x060030,0x07C030,0x030030},
  {0x000C00,0x001E00,0x602384,0xFFE07C,0x60600C,0x60600C,0x60600C,0x60600C,0x60630C,0x6067FC,0x60600C,0x60600C,0x60600C,0x60600C,0x60600C,0x60600C,0x60660C,0x7E6FFC,0x38600C,0x00600C,0x00600C,0x006000,0x006000,0x006000},
  {0x000080,0x000380,0x00C180,0x01FFC0,0x0060C0,0x002060,0x601030,0xFFFFF8,0x000034,0x000033,0x060230,0x0FFE30,0x060630,0x060630,0x060630,0x060618,0x060618,0x07C618,0x430608,0x40060C,0x400604,0xC00602,0xFFFE01,0x7FFC00},
  {0x000C00,0x305E00,0x7FC388,0x30C0F8,0x30CE18,0x30C618,0x30C618,0x31C638,0x32C658,0x36C6D8,0x36C6D8,0x30C618,0x30C618,0x30C618,0x30C718,0x30C6D8,0x30C378,0x30C31F,0x3EC186,0x18C182,0x00C0C0,0x00C060,0x00C030,0x00C00C},
  {0x000180,0x6263E4,0xFEFE3C,0x66660C,0x6666EC,0x66666C,0x667E6C,0x66666C,0x66666C,0x66666C,0x66666C,0x667E6C,0x66666C,0x66066C,0x66166C,0x66267F,0x66666E,0x7ED662,0x36CE60,0x06C7B0,0x060330,0x060118,0x06000C,0x060003},
  {0x000000,0x600008,0xFFFFF8,0x003018,0x001018,0x0C0918,0x1FFF18,0x0C0318,0x0C0318,0x0C0318,0x0FFF18,0x0C0318,0x0C0318,0x0C0318,0x0FFF18,0x0C6318,0x026108,0x0C670C,0x18638C,0x306184,0x7060C6,0x606062,0x007C19,0x003000},
  {0x040420,0x1C18C0,0x0E3180,0x613188,0xFFFFF8,0x010018,0x073018,0x037FD8,0x630618,0xFF6618,0x19FFF8,0x18B198,0x18B198,0x197F98,0x0D3198,0x0D3198,0x0E3F98,0x063188,0x06318C,0x0A3D84,0x1B33F4,0xF130E2,0x70B021,0x607000},
  {0x003800,0x001800,0x001800,0x001800,0x181800,0x3FFFF8,0x001800,0x001800,0x001800,0x001800,0x601800,0xFFFFFF,0x000200,0x000E00,0x000600,0x000600,0x004300,0x018300,0x030100,0x060080,0x0FF040,0x181FFC,0x3800F8,0x300008},
  {0x000000,0x0C0000,0x1FFFFE,0x0C0040,0x0C0240,0x060C40,0x061880,0x063080,0x033080,0x030100,0x018100,0x018200,0x00C600,0x00C400,0x006C00,0x003800,0x003800,0x006C00,0x00C600,0x038300,0x0F0180,0xFE0060,0x780018,0x600007},
  {0x000000,0x00C000,0x01FFFC,0x00C180,0x00C180,0x006180,0x006180,0x0C6380,0x1FF2C0,0x0C32C0,0x0604C0,0x0604C0,0x0304C0,0x030860,0x019860,0x019020,0x00F030,0x006010,0x00F018,0x019808,0x070C04,0xFE0302,0x7800C1,0x600038},
  {0x001C00,0x000C00,0x000C00,0x600C00,0xFFFFFF,0x000C00,0x000C00,0x030C00,0x07FE00,0x030600,0x030600,0x018B00,0x018B00,0x00D300,0x00D180,0x006180,0x0060C0,0x00B060,0x019830,0x030C18,0x0E060C,0xFC0303,0x7800C0,0x600038},
  {0x000000,0x300010,0x7FFFF0,0x000030,0x000030,0x000030,0x030030,0x07FFF0,0x030130,0x030130,0x018230,0x018230,0x00C430,0x006430,0x006818,0x003018,0x003818,0x006C08,0x00C60C,0x038304,0x0F0182,0xFC0061,0x700018,0x400006},
  {0x000380,0x000180,0x18019C,0x3FFD8C,0x18218C,0x18218C,0x18218C,0x0C218C,0x0C418C,0x0C418C,0x06418C,0x06418C,0x02818C,0x03818C,0x0101CC,0x0381BC,0x02C18F,0x064186,0x0C2182,0x1C1180,0xF80980,0x700780,0x600180,0x000180},
  {0x003000,0x007FFF,0x000318,0x180318,0x3FFF18,0x182318,0x1823F8,0x182318,0x0C4318,0x0C4318,0x0C4318,0x0683F8,0x068318,0x028318,0x030318,0x038318,0x068398,0x04C378,0x0C431F,0x182306,0xF81302,0x700B00,0x600700,0x000300},
  {0x380000,0x7FC000,0x02FE00,0x0E03FC,0x060C10,0x031860,0x0118C4,0x6080C4,0xFFFFFC,0x600004,0x200006,0x130007,0x07FFF3,0x030080,0x018100,0x00C100,0x006200,0x003600,0x001C00,0x007600,0x03C380,0xFF00E0,0x7C0038,0x600007},
  {0x000000,0x000000,0x180008,0x3FFFF8,0x180018,0x180018,0x180018,0x180018,0x180018,0x180018,0x180018,0x180018,0x180018,0x180018,0x180018,0x180018,0x180018,0x180018,0x180018,0x180018,0x1FFFF8,0x180018,0x180018,0x000000},
  {0x003800,0x001800,0x001800,0x001800,0x001800,0x601800,0xFFFFFF,0x001800,0x001800,0x001800,0x001800,0x001800,0x061820,0x0FFFE0,0x060060,0x060060,0x060060,0x060060,0x060060,0x060060,0x060060,0x07FFE0,0x060060,0x060060},
  {0x000000,0x602000,0xFFE302,0x6067FE,0x606306,0x606306,0x606306,0x606306,0x606306,0x606306,0x606306,0x606306,0x606306,0x606306,0x6063FE,0x606306,0x7E6006,0x306006,0x006000,0x006000,0x006000,0x006000,0x006000,0x006000},
  {0x0E0000,0x060000,0x0670C2,0x0631FE,0x0630C6,0x0630C6,0x0630C6,0x0630C6,0x0630C6,0x0630C6,0x0630C6,0x0630C6,0x0630C6,0x6630C6,0xF630C6,0x1F30FE,0x06F0C6,0x061F06,0x060000,0x060000,0x060000,0x060000,0x060000,0x060000},
  {0x004000,0x008400,0x009C00,0x008C61,0x008CFF,0x008C63,0x008C63,0x008C63,0x010C63,0x010C63,0x010663,0x010663,0x020663,0x020663,0x02067F,0x060363,0x040363,0x0C0103,0x1C0180,0x380080,0xF000C0,0x700040,0x600020,0x400018},
  {0x000400,0x001C00,0x000C00,0x000600,0x010600,0x020300,0x0C0100,0x180080,0x3FF040,0x701FFF,0x6000FE,0x600002,0x000000,0x060020,0x0FFFE0,0x060060,0x060060,0x060060,0x060060,0x060060,0x060060,0x07FFE0,0x060060,0x060060},
  {0x000E00,0x000600,0x000600,0x000600,0x000600,0x600600,0xFFFFFF,0x000300,0x000300,0x000180,0x000180,0x0000C0,0x060060,0x0FFFF0,0x0600D8,0x0600CC,0x0600C3,0x0600C0,0x0600C0,0x0600C0,0x0600C0,0x0600C0,0x07FFC0,0x0600C0},
  {0x038000,0x018000,0x018000,0x0180C2,0x0181FE,0x0180C6,0x0180C6,0x6180C6,0xFFFFC6,0x0180C6,0x0180C6,0x0180C6,0x0180C6,0x0180C6,0x0180FE,0x0180C6,0x0180C6,0x018006,0x018000,0x018000,0x018000,0x018000,0x018000,0x018000},
  {0x030040,0x07FFC0,0x0300C0,0x0300C0,0x0300C0,0x0300C0,0x03FFC0,0x0300C0,0x000000,0x600000,0xFFFFFF,0x000180,0x000180,0x0600C0,0x0FFFC0,0x060060,0x060060,0x060000,0x030000,0x030000,0x018000,0x01FC00,0x00F000,0x007000},
  {0x001800,0x001C00,0x002C00,0x002E00,0x004600,0x00C300,0x018180,0x0300C0,0x06C060,0x1DFFB0,0xF80018,0x70000C,0x400003,0x030040,0x07FFC0,0x0300C0,0x0300C0,0x0300C0,0x0300C0,0x0300C0,0x0300C0,0x03FFC0,0x0300C0,0x0300C0},
  {0x003800,0x001800,0x001800,0x601800,0xFFFFFF,0x001800,0x001800,0x001800,0x001800,0x181800,0x3FFFFC,0x000000,0x000000,0x060020,0x0FFFE0,0x060060,0x060060,0x060060,0x060060,0x060060,0x060060,0x07FFE0,0x060060,0x060060},
  {0x030040,0x07FFC0,0x0300C0,0x0300C0,0x0300C0,0x0300C0,0x03FFC0,0x0318C0,0x001800,0x001800,0x181808,0x3FFFF8,0x181818,0x181818,0x181818,0x181818,0x181818,0x181818,0x181818,0x1F1818,0x0C1818,0x001800,0x001800,0x001800},
  {0x300004,0x7FFFFC,0x30000C,0x30000C,0x31800C,0x33FFCC,0x30000C,0x30000C,0x30C10C,0x31FF0C,0x30C30C,0x30C30C,0x30C30C,0x30C30C,0x30C30C,0x30FF0C,0x30C30C,0x30030C,0x30000C,0x30000C,0x30000C,0x30000C,0x3E000C,0x18000C},
  {0x000400,0x001C00,0x000E00,0x0C0600,0x1FFF00,0x060180,0x0300C0,0x018360,0x00C630,0x006618,0x003806,0x000C00,0x000600,0x180180,0x3FFFE0,0x180198,0x180187,0x180180,0x180180,0x180180,0x180180,0x1FFF80,0x180180,0x180180},
  {0x038000,0x018000,0x018182,0x0183FE,0x018186,0x018186,0x018186,0x018186,0x318186,0x7FFF86,0x018186,0x018186,0x018186,0x018186,0x0181FE,0x018186,0x018006,0x018006,0x018000,0x018000,0x018000,0x618000,0xFFFF80,0x000000},
  {0x000200,0x000E00,0x000600,0x000200,0x300104,0x7FFFFC,0x30000C,0x30000C,0x30000C,0x30C10C,0x31FF0C,0x30C30C,0x30C30C,0x30C30C,0x30C30C,0x30C30C,0x30FF0C,0x30C30C,0x30030C,0x30000C,0x30000C,0x30000C,0x3E000C,0x18000C},
  {0x060000,0x0FFFF8,0x060600,0x060600,0x660600,0xFFFFFF,0x060600,0x060600,0x060600,0x060600,0x07FFF8,0x060300,0x000180,0x000180,0x1800C0,0x3FFFE0,0x1801B0,0x180198,0x18018C,0x180183,0x180180,0x1FFF80,0x180180,0x180180},
  {0x000000,0x600000,0xFFFFFF,0x007000,0x003800,0x001C00,0x00DE00,0x071B00,0x3C1980,0x701860,0x601818,0x001807,0x001800,0x001800,0x060020,0x0FFFE0,0x060060,0x060060,0x060060,0x060060,0x060060,0x060060,0x07FFE0,0x060060},
  {0x000C00,0x000C00,0x001600,0x002600,0x006300,0x00C300,0x018180,0x0340C0,0x0EFF60,0xFC0030,0x71800C,0x43FFE3,0x018000,0x00C000,0x006000,0x033040,0x07FFC0,0x0300C0,0x0300C0,0x0300C0,0x0300C0,0x0300C0,0x03FFC0,0x0300C0},
  {0x000000,0x060000,0x0FFF00,0x0618C2,0x0619FE,0x0318C6,0x1B18C6,0x3F98C6,0x1998C6,0x1838C6,0x0C2CC6,0x0C2CC6,0x0C4CC6,0x064CFE,0x06C4C6,0x0386C6,0x018606,0x038200,0x06C300,0x0C6100,0x1C3080,0xF81840,0x700620,0x600180},
  {0x001000,0x007000,0x0030C2,0x0031FE,0x6030C6,0xFFF8C6,0x6018C6,0x300CC6,0x09C4C6,0x00C2C6,0x00C1C6,0x00C0C6,0x00C0C6,0x0160FE,0x0160C6,0x0160C6,0x023006,0x063000,0x041800,0x0C1800,0x180C00,0xF80600,0x700300,0x6000C0},
  {0x003800,0x001810,0x001870,0x001830,0x181830,0x3FFFF0,0x001818,0x001808,0x00180C,0x001804,0x601802,0xFFFFFF,0x000000,0x000000,0x060020,0x0FFFE0,0x060060,0x060060,0x060060,0x060060,0x060060,0x07FFE0,0x060060,0x060060},
  {0x01C000,0x00C000,0x00C000,0x60C0C2,0xFFFFFE,0x0040C6,0x01C0C6,0x00C0C6,0x04C4C6,0x1C48C6,0x0C30C6,0x0660C6,0x06E0C6,0x0340C6,0x0180FE,0x0180C6,0x00C0C6,0x044006,0x082000,0x101000,0x3F0800,0x61FF80,0xE01F00,0xC00100},
  {0x180008,0x3FFFF8,0x180018,0x183818,0x181818,0x18D818,0x19FF98,0x181818,0x181818,0x199818,0x1BFFD8,0x180018,0x180018,0x18C118,0x19FF18,0x18C318,0x18C318,0x18C318,0x18C30C,0x18FF0C,0x18C304,0x180306,0x1F0002,0x0C0001},
  {0x000000,0x180400,0x3FFCC2,0x180DFE,0x180CC6,0x180CC6,0x180CC6,0x180CC6,0x180CC6,0x180CC6,0x1FFCC6,0x0310C6,0x0370C6,0x0330FE,0x0330C6,0x033006,0x031806,0x031800,0x430C00,0x430C00,0x430600,0xC30300,0xFF0180,0x7E0060},
  {0x01C000,0x00C000,0x00C0C2,0x00C1FE,0x18C0C6,0x3FFEC6,0x00C0C6,0x00C0C6,0x00C0C6,0x60C0C6,0xFFFFC6,0x01F0C6,0x02F0C6,0x02D8C6,0x06D8FE,0x04C8C6,0x0CCC06,0x18C406,0xF8C200,0x70C100,0x60C080,0x00C060,0x00C000,0x00C000},
  {0x180000,0x3E0000,0x07E0C2,0x01BFFE,0x1180C6,0x7184C6,0x3188C6,0x1998C6,0x0998C6,0x0598C6,0x0380C6,0x6180C6,0xFFFFC6,0x0180C6,0x0180FE,0x0180C6,0x018006,0x018006,0x018000,0x018000,0x018000,0x018000,0x01F000,0x00C000},
  {0x001800,0x001800,0x002C00,0x004400,0x008600,0x010300,0x030180,0x06C0C0,0x1DFF60,0xF80030,0x60000C,0x18230B,0x3FE7F8,0x186318,0x186318,0x186318,0x186318,0x186318,0x186318,0x1F63F8,0x0C6318,0x006018,0x006000,0x006000},
  {0x003800,0x001800,0x601800,0xFFFFFF,0x000000,0x030040,0x07FFC0,0x0300C0,0x0300C0,0x0300C0,0x0300C0,0x03FFC0,0x0316C0,0x082300,0x382180,0x1C41C0,0x0441E0,0x028198,0x018187,0x030180,0x0E7D80,0xFC07FC,0x780078,0x600008},
  {0x030080,0x07FF80,0x030180,0x030180,0x030180,0x030180,0x030180,0x030180,0x03FF80,0x030180,0x030180,0x000000,0x602302,0xFFE7FE,0x606306,0x606306,0x606306,0x606306,0x606306,0x606306,0x606306,0x7FE3FE,0x606306,0x606306},
  {0x007000,0x003000,0x603008,0xFFFFF8,0x003018,0x0C3018,0x1FFF98,0x0C3018,0x6C3018,0xFFFFF8,0x0C3018,0x0C3018,0x0C3018,0x0FFF98,0x0C0018,0x000018,0x06010C,0x0FFF0C,0x060304,0x060306,0x060302,0x060301,0x07FF00,0x060300},
  {0x0C0800,0x1FF800,0x0C1800,0x0C18C2,0x0C19FE,0x0FF8C6,0x0C18C6,0x0C18C6,0x0C18C6,0x0FF8C6,0x0C18C6,0x0000C6,0x3002C6,0x7FFEFE,0x3006C6,0x300606,0x300606,0x3FFE00,0x300600,0x300600,0x300600,0x300600,0x3FFE00,0x300600},
  {0x180000,0x3E0000,0x07C062,0x00FEFE,0x00C066,0x30C066,0x7FFFE6,0x0CCC66,0x0CCC66,0x0CCC66,0x6CCC66,0xFFFFE6,0x0CCC66,0x0CCC7E,0x0CCC66,0x0CCC06,0x2CCC06,0x7FFF80,0x00C000,0x00C000,0x00C000,0x60C000,0xFFFFE0,0x000000},
  {0x003800,0x001800,0x601800,0xFFFFFF,0x004080,0x01C100,0x00C300,0x302204,0x7FFFFC,0x30610C,0x30670C,0x30630C,0x3FE18C,0x3FC18C,0x3000CC,0x30FF6C,0x30C31C,0x30C30C,0x30C30C,0x30FF0C,0x30C30C,0x30030C,0x3E000C,0x18000C},
  {0x602602,0xFFEFFE,0x606606,0x606606,0x7FE7FE,0x606606,0x606606,0x7FE7FE,0x606606,0x600006,0x600006,0x60C106,0x61FF06,0x60C306,0x60C306,0x60C306,0x60C306,0x60FF06,0x60C306,0x600306,0x600006,0x600006,0x7C0006,0x300006},
  {0xE03800,0x6C1800,0x6D9862,0x6FFFFE,0x6C1866,0x6CD966,0x6DFF66,0x6CDB66,0x6CDB66,0x6CDB66,0x6CDB66,0x6CFF66,0x6CDB66,0x6C1C7E,0x6C3C66,0x6C5E66,0x6CDA06,0x619B00,0x619900,0x601880,0x601860,0x601800,0x7C1800,0x301800},
  {0x0C0400,0x1FEC00,0x0C0C31,0x0C0E7F,0x6C0633,0xFFFE33,0x002633,0x00E333,0x186333,0x3FE333,0x0323B3,0x0333B3,0x031373,0x630B33,0xFFFF3F,0x030333,0x058303,0x058300,0x098300,0x08C300,0x18C300,0xF06300,0x703300,0x600F00},
  {0x1DDC00,0x0CCC00,0x0CCC62,0x6CCC7E,0xFFFFE6,0x0CCC66,0x0CCC66,0x0FCC66,0x0CCC66,0x300C66,0x7FFC66,0x00CC66,0x00C066,0x60C07E,0xFFFFE6,0x02F066,0x02D806,0x04D800,0x0CCC00,0x18C600,0xF0C300,0x70C180,0x60C060,0x00C000},
  {0x01C000,0x70CE00,0x30C600,0x30C662,0x30C6FE,0x3FFE66,0x300666,0x000666,0x600066,0xFFFFE6,0x00C066,0x004066,0x602266,0xFFFE7E,0x666666,0x666666,0x666606,0x666600,0x666600,0x666600,0x666600,0x666600,0x7E6600,0x300600},
  {0x006000,0x006000,0x00B062,0x0130FE,0x031866,0x061866,0x1D0C66,0xFBF466,0x700266,0x400166,0x3862E6,0x1B7E66,0x1B6666,0x1B667E,0x1B7E66,0x1B6666,0x1B6606,0x1B7E00,0x1B6600,0x186600,0x186600,0x186600,0x1F7E00,0x0C3600},
  {0x020420,0x0E18C0,0x063184,0x613184,0xFFFFFC,0x600006,0x130047,0x07FFC3,0x0300C0,0x0300C0,0x0300C0,0x0300C0,0x03FFC0,0x030CC0,0x000400,0x0C0210,0x1FFFF0,0x0C0030,0x0C0030,0x0C0030,0x0C0030,0x0C0030,0x0FFFF0,0x0C0030},
  {0x002000,0x00E000,0x186400,0x3FFCC2,0x180DFE,0x180CC6,0x1FFCC6,0x180CC6,0x180CC6,0x1FFCC6,0x180CC6,0x180CC6,0x1FFCC6,0x19CCFE,0x00C0C6,0x60C0C6,0xFFFF06,0x016000,0x023000,0x063000,0x0C1800,0xF80C00,0x700600,0x6001C0},
  {0x077000,0x033000,0x633062,0xFFFFFE,0x033066,0x180266,0x3FFE66,0x18C666,0x18C666,0x18C666,0x1FFE66,0x00C666,0x18C066,0x3FFF7E,0x00C066,0x60C006,0xFFFFC6,0x016000,0x023000,0x063000,0x0C1800,0xF80C00,0x700300,0x6000E0},
  {0x611C00,0xFF0C00,0x636C31,0x63FFFF,0x630C33,0x636CB3,0x7FFFB3,0x6361B3,0x6361B3,0x637FB3,0x6361B3,0x6361B3,0x7F61B3,0x637FBF,0x636DB3,0x630C33,0x636C03,0x63FFF0,0x630C00,0x630C00,0x618C00,0x618C00,0x7C8C00,0x306C00},
  {0x077000,0x333600,0x3B3662,0x4FF6FE,0x433666,0xC33666,0xFFF666,0x7E1FE6,0x023366,0x07F066,0x031866,0x188C66,0x3FFE66,0x18CDFE,0x18CC66,0x1FFC66,0x18CC06,0x18CC00,0x1FFC00,0x180C00,0x180600,0x180600,0x1F0300,0x0C00C0},
  {0x184308,0x3FC7F8,0x18C318,0x18C318,0x18C318,0x18C318,0x1FC3F8,0x18CB18,0x003800,0x601C00,0xFFFFFF,0x002600,0x004300,0x018180,0x0F00C0,0xFC0070,0x70431C,0x5FC7FB,0x18C318,0x18C318,0x18C318,0x18C318,0x1FC3F8,0x18C318},
  {0x038000,0x118000,0x3FFCC2,0x0181FE,0x0DB0C6,0x4C30C6,0xFFFFC6,0x0C30C6,0x1808C6,0x3FF8C6,0x1818C6,0x1818C6,0x1FF8C6,0x1818FE,0x1818C6,0x1FF806,0x181800,0x181800,0x1FF800,0x001000,0x1C7000,0x703800,0xE00E00,0xC001C0},
  {0x000000,0x300004,0x7FFFFC,0x30630C,0x30630C,0x30630C,0x30630C,0x30630C,0x30630C,0x30630C,0x30630C,0x30618C,0x3FE18C,0x3FC18C,0x30008C,0x3000CC,0x30004C,0x30002C,0x30001C,0x30000C,0x30000C,0x3FFFFC,0x30000C,0x30000C},
  {0x000000,0x300004,0x7FFFFC,0x30000C,0x30000C,0x30000C,0x30000C,0x30C10C,0x31FF0C,0x30C30C,0x30C30C,0x30C30C,0x30C30C,0x30C30C,0x30FF0C,0x30C30C,0x30C30C,0x30000C,0x30000C,0x30000C,0x30000C,0x3FFFFC,0x30000C,0x30000C},
  {0x600002,0xFFFFFE,0x600006,0x61C006,0x60C006,0x60C006,0x66C006,0x6FFFF6,0x60C006,0x60C086,0x60C306,0x60C606,0x60C606,0x60C006,0x60C006,0x60C006,0x60C006,0x60C006,0x60F806,0x606006,0x600006,0x600006,0x7FFFFE,0x600006},
  {0x600002,0xFFFFFE,0x600006,0x61C706,0x60C306,0x60C306,0x60C306,0x66C306,0x6FFFF6,0x60C306,0x60C306,0x60C306,0x66C306,0x6FFFF6,0x60C306,0x60C306,0x60C186,0x60C186,0x60C086,0x60C046,0x60C026,0x600006,0x7FFFFE,0x600006},
  {0x600002,0xFFFFFE,0x600006,0x600106,0x610606,0x670C06,0x630C26,0x6300C6,0x618186,0x618586,0x60C806,0x60D006,0x606006,0x60F006,0x619806,0x630C06,0x630606,0x660306,0x6600C6,0x600036,0x600006,0x600006,0x7FFFFE,0x600006},
  {0x600002,0xFFFFFE,0x600006,0x603806,0x601806,0x601806,0x631806,0x67FFE6,0x601806,0x601806,0x601806,0x601806,0x619886,0x63FF86,0x618186,0x618186,0x618186,0x618186,0x61FF86,0x618186,0x600006,0x600006,0x7FFFFE,0x600006},
  {0x600002,0xFFFFFE,0x600006,0x630006,0x67FFE6,0x601806,0x601806,0x601806,0x601806,0x619806,0x63FFC6,0x601806,0x609806,0x631806,0x661806,0x661806,0x601806,0x601806,0x631806,0x67FFE6,0x600006,0x600006,0x7FFFFE,0x600006},
  {0x003800,0x001800,0x001800,0x001800,0x001800,0x001800,0x001800,0x001800,0x181800,0x3FFFFC,0x001800,0x001800,0x001800,0x001800,0x001800,0x001800,0x001800,0x001800,0x001800,0x001800,0x001800,0x601800,0xFFFFFF,0x000000},
  {0x300010,0x7FFFF0,0x000030,0x000030,0x00E030,0x006030,0x006030,0x006030,0x006030,0x006030,0x306030,0x7FFFF0,0x006030,0x006030,0x006018,0x006018,0x006018,0x006008,0x00600C,0x006004,0x006004,0x606002,0xFFFFF9,0x000000},
  {0x001C00,0x000C00,0x000C00,0x000600,0x600600,0xFFFFFF,0x000300,0x000180,0x01C180,0x00C0E0,0x00C060,0x00C060,0x18C070,0x3FFE70,0x00C068,0x00C064,0x00C063,0x00C060,0x00C060,0x00C060,0x00C060,0x60C060,0xFFFFE0,0x000060},
  {0x01C000,0x00C038,0x00CE18,0x00C618,0x18C618,0x3CC618,0x1AC6D8,0x19C7FF,0x18E618,0x18D618,0x18CE18,0x18C718,0x18C698,0x18C618,0x1FC618,0x0CC698,0x00C678,0x00C61F,0x40060E,0x400602,0x400600,0xC00600,0xFFFE00,0x7FFC00},
  {0x01C000,0x00C070,0x00C030,0x60C030,0xFFFF30,0x000030,0x0001B0,0x0003FF,0x061030,0x0FF030,0x063030,0x063030,0x063030,0x063030,0x063330,0x0630F0,0x06303F,0x06300E,0x461802,0x461800,0x460C00,0xC60600,0xFE0300,0x7C00C0},
  {0x0E0000,0x1FC000,0x01FE00,0x001BF8,0x001800,0x181800,0x3FFFFC,0x0318C0,0x0318C0,0x0318C0,0x6318C0,0xFFFFFF,0x0318C0,0x0318C0,0x0318C0,0x0318C0,0x1B18C0,0x3FFFFC,0x001800,0x001800,0x001800,0x601800,0xFFFFFF,0x000000},
  {0x701800,0x33BFFE,0x318630,0x318630,0x318630,0x31B630,0x31FFFF,0x318630,0x318630,0x318630,0x300618,0x300618,0x3E0608,0x18060C,0x003804,0x001802,0x0C1801,0x1FFFF8,0x001800,0x001800,0x001800,0x601800,0xFFFFFF,0x000000},
  {0x002000,0x00E070,0x026030,0x043030,0x181030,0x3FFE30,0x607DB0,0x600BFF,0x003830,0x181830,0x3FF830,0x00CC30,0x00C630,0x60C130,0xFFFFF0,0x01603F,0x01600E,0x023002,0x063000,0x041800,0x1C0C00,0xF80600,0x700300,0x6000C0},
  {0x000000,0x180238,0x3FFE18,0x18C618,0x18C618,0x18C618,0x18C6D8,0x1FFFFF,0x18C618,0x18C618,0x18C618,0x18C618,0x1FFE18,0x18C618,0x00C098,0x00C078,0x30C01F,0x7FFF0E,0x00C002,0x00C000,0x00C000,0x60C000,0xFFFFC0,0x000000},
  {0x038000,0x198038,0x318018,0x318018,0x418118,0xFFFF18,0x018358,0x0183FF,0x118318,0x71B318,0x31FF18,0x333318,0x1B3318,0x1B3398,0x0B3378,0x0E333F,0x06330E,0x4F1F82,0x5B1D80,0x598C80,0x70C0C0,0xF06040,0xE01820,0x400610},
  {0x023820,0x0E18C0,0x071980,0x011988,0x609808,0xFFFFF8,0x600008,0x33004C,0x0FFFCE,0x0300C6,0x0300C0,0x0300C0,0x0300C0,0x03FFC0,0x0318C0,0x001800,0x0C1800,0x1FFFF8,0x001800,0x001800,0x001800,0x601800,0xFFFFFF,0x000000},
  {0x0C0800,0x1FF870,0x0C1830,0x0C1830,0x0FF830,0x0C1830,0x0C19B0,0x0FFBFF,0x0C1830,0x600030,0xFFFF30,0x003030,0x601830,0xFFF930,0x636CF0,0x63663F,0x63330E,0x6198C2,0x318C00,0x30C600,0x186180,0x1FB000,0x0E0C00,0x060000},
  {0x001000,0x007038,0x003018,0x181218,0x3FFE18,0x18C6D8,0x18C7FF,0x18C618,0x1FFE18,0x18C618,0x18C618,0x18C618,0x1FFE18,0x04C418,0x0CDD18,0x14CCF8,0x22CC3F,0x7FCC0E,0x66C602,0x40C600,0x40C300,0xC0C180,0xFFC0C0,0x7F8030},
  {0x00C008,0x00E030,0x016061,0x023066,0x0C180C,0xFB0C8C,0x77FA40,0x40C1A0,0x18C010,0x3FFF1F,0x00C20E,0x0CCE0C,0x30C60C,0x60C31C,0x60F8DC,0x006018,0x001800,0x0C1800,0x1FFFF8,0x001800,0x001800,0x601800,0xFFFFFF,0x000000},
  {0x000400,0x600438,0xFFFE18,0x600718,0x100318,0x300018,0x7FFE98,0x01C1FF,0x216018,0xE17018,0x72CC18,0x0AE398,0x05B018,0x059818,0x0DC618,0x1B61D8,0x33303F,0xF3180E,0x630602,0x4181C0,0x018000,0x01F800,0x00E000,0x006000},
  {0x003800,0x001808,0x601808,0xFFFFF8,0x60000C,0x21C70E,0x18C306,0x3FFFF8,0x00C300,0x0CC300,0x1FFFF0,0x00C300,0x60C300,0xFFFFFF,0x010380,0x0638C0,0x1C1860,0xFB1830,0x67FFEC,0x401803,0x001800,0x301800,0x7FFFFE,0x000000},
  {0x000400,0x001C38,0x300C18,0x7FFE18,0x000618,0x000358,0x0605FF,0x0FFC98,0x060C18,0x060C18,0x060C18,0x07FC18,0x060C18,0x000018,0x180098,0x3FFFF8,0x19999F,0x199986,0x199982,0x199980,0x199980,0x599980,0xFFFFF0,0x000000},
  {0x003800,0x001800,0x301808,0x7FFFF8,0x00C618,0x18C618,0x3FFFF8,0x18C618,0x18C618,0x1FFFF8,0x18C198,0x0CC998,0x1FDF98,0x20C198,0x60F998,0x7FCFF8,0x3F81C8,0x00704C,0x0C3004,0x1FFFC4,0x003002,0x603001,0xFFFFF8,0x000000},
  {0x01C700,0x60C300,0xFFFFFF,0x00C300,0x030040,0x07FFC0,0x0300C0,0x0300C0,0x03FFC0,0x0300C0,0x0300C0,0x03FFC0,0x0318C0,0x600C00,0xFFFFFF,0x008300,0x033980,0x0E18C0,0xFD1830,0x73FFCC,0x401803,0x301800,0x7FFFFE,0x000000},
  {0x070608,0x030FF8,0x330618,0x7FF618,0x0847F8,0x1D8618,0x648018,0xFFF618,0x030FFC,0x330634,0x7FF634,0x030632,0x0307F1,0x030630,0x033830,0x001800,0x0C1800,0x1FFFF8,0x001800,0x001800,0x001800,0x601800,0xFFFFFF,0x000000},
  {0x01C038,0x60C018,0xFFFF98,0x000018,0x3FFE18,0x300618,0x37F6D8,0x3637FF,0x363618,0x37F618,0x300618,0x3FFE18,0x300618,0x0FF918,0x0C18D8,0x0C1838,0x0FF81F,0x0C1806,0x0C1802,0x0FF800,0x0C1800,0x600000,0xFFFFC0,0x000000},
  {0x01C000,0x60C038,0xFFFF98,0x00C018,0x30C118,0x7FFF58,0x3333FF,0x333318,0x333318,0x3FFF18,0x00C018,0x60C018,0xFFFF98,0x006018,0x08B018,0x3898D8,0x1D0C3F,0x050F0E,0x020CC2,0x068C00,0x1C6C00,0xF81F80,0x700700,0x400100},
  {0x003800,0x001800,0x001800,0x001800,0x001800,0x001800,0x001800,0x001800,0x601800,0xFFFFFF,0x001800,0x001800,0x001800,0x001800,0x001800,0x001800,0x001800,0x001800,0x001800,0x001800,0x001800,0x181800,0x3FFFFC,0x000000},
  {0x01C1C0,0x00C0C0,0x00C0C0,0x00C0C2,0x00C0CC,0x00C0D8,0x00C0D8,0x00C0D8,0x60C0C0,0xFFFFC0,0x00C0E0,0x00C0D0,0x00C0D8,0x00C0CC,0x00C0C7,0x00C0C6,0x00C0C2,0x00C0C0,0x00C0C0,0x00C0C0,0x00C0C0,0x30C0C0,0x7FFEC0,0x0000C0},
  {0x003800,0x001800,0x601800,0xFFFFFF,0x001800,0x001800,0x0C1800,0x1FFFF8,0x000000,0x0C0010,0x1FFFF0,0x0C1830,0x0C1830,0x0C1830,0x0FFFF0,0x0C0030,0x0C0030,0x000018,0x000018,0x000008,0x00000C,0x000004,0x000002,0x000001},
  {0x003800,0x001800,0x301800,0x7FFFFE,0x001800,0x0C1800,0x1FFFF8,0x000004,0x600004,0xFFFFFC,0x606306,0x106307,0x066313,0x0FE3F0,0x066330,0x060030,0x062330,0x07E7F0,0x066330,0x006300,0x006300,0x606300,0xFFFFFF,0x000000},
  {0x003800,0x001800,0x601800,0xFFFFFF,0x00C300,0x00C308,0x0CC338,0x30C318,0x60C198,0xE0C18C,0xC0C2C4,0x000E62,0x018611,0x03FF00,0x018180,0x00C2C0,0x006460,0x003818,0x001C06,0x006600,0x03C380,0xFF00E0,0x7C0018,0x600007},
  {0x000800,0x003800,0x001800,0x301800,0x7FFC00,0x380C00,0x180600,0x180600,0x0C0300,0x0C0580,0x0618C0,0x033060,0x033030,0x01B008,0x00C006,0x006000,0x003000,0x001800,0x000C00,0x000600,0x000380,0x0000C0,0x000030,0x00000E},
  {0x038020,0x0180E0,0x018060,0x018060,0x018C30,0x019FF0,0x018C30,0x018618,0x018618,0x038628,0x05836C,0x0D8364,0x198182,0xF98181,0x7180C0,0x6180C0,0x018060,0x018020,0x018030,0x018018,0x018008,0x018004,0x018002,0x018001},
  {0x000800,0x003800,0x031C00,0x07FE00,0x038300,0x01C180,0x00E660,0x007418,0x001C00,0x004600,0x01C180,0x30E070,0x7FF00E,0x381800,0x1C0C00,0x0E3600,0x072300,0x03C0C0,0x00E030,0x007000,0x001800,0x000600,0x0001C0,0x00003C},
  {0x01C700,0x60C300,0xFFFFFF,0x00C300,0x00C300,0x0C0010,0x1FFFF0,0x0C6330,0x0C6330,0x0FFFF0,0x0C0034,0x600004,0xFFFFFC,0x600606,0x130307,0x07FF83,0x0180C0,0x00C160,0x007718,0x001A06,0x000C00,0x000300,0x0000E0,0x00001E},
  {0x003800,0x001800,0x001800,0x001800,0x001800,0x001800,0x601800,0xFFFFFF,0x001800,0x002C00,0x002C00,0x002C00,0x004600,0x004600,0x00C600,0x008300,0x018300,0x030180,0x060180,0x0E00C0,0x1C0060,0xF80030,0x70000C,0x600003},
  {0x000000,0x600000,0xFFFFFF,0x001800,0x001800,0x001800,0x001800,0x001800,0x301800,0x7FFFFE,0x001800,0x002C00,0x002C00,0x004C00,0x004600,0x008600,0x018300,0x010300,0x030180,0x0600C0,0x1C0060,0xF80030,0x70000C,0x600003},
  {0x003800,0x001800,0x001800,0x001800,0x001800,0x001800,0x601800,0xFFFFFF,0x001800,0x002C00,0x002C00,0x002C00,0x004C00,0x004600,0x008600,0x008300,0x010300,0x030580,0x061980,0x0C30C0,0x1C3060,0xF83030,0x70000C,0x600003},
  {0x003800,0x001800,0x001800,0x001800,0x301800,0x7FFFFE,0x001800,0x001800,0x001800,0x001800,0x601800,0xFFFFFF,0x002C00,0x002C00,0x004600,0x004600,0x008300,0x018300,0x030180,0x0600C0,0x1C0060,0xF80030,0x70000C,0x400003},
  {0x003800,0x001800,0x001800,0x001800,0x0C1810,0x1FFFF0,0x0C1830,0x0C1830,0x0C1830,0x0C1830,0x0C1830,0x0C1830,0x6C1830,0xFFFFFF,0x002C00,0x002C00,0x004600,0x00C600,0x018300,0x030180,0x0E00C0,0xFC0060,0x700018,0x400007},
  {0x003800,0x001820,0x0018E0,0x001860,0x181860,0x3FFFF0,0x001830,0x001818,0x001808,0x001804,0x601802,0xFFFFFF,0x002C00,0x002C00,0x004600,0x004600,0x008300,0x018300,0x030180,0x0600C0,0x1C0060,0xF80030,0x70000C,0x600003},
  {0x003800,0x001800,0x181800,0x3FFFFC,0x001C00,0x006600,0x038300,0x0F01C0,0x0C0038,0x600000,0xFFFFFF,0x0C0000,0x0C0000,0x0C1810,0x0C3FF0,0x0C1830,0x0C1830,0x0C1830,0x0C1830,0x0C1FF0,0x0C1830,0x0C0030,0x0F8000,0x060000},
  {0x003800,0x001800,0x181800,0x3FFFFC,0x002C00,0x0C2C00,0x1FFFF8,0x004600,0x608300,0xFFFFFF,0x010180,0x0300C0,0x066060,0x1CFFB0,0xF81818,0x76180C,0x6FFFF3,0x001C00,0x006C00,0x018600,0x030300,0x0E0180,0x1C0060,0x18001C},
  {0x000100,0x000700,0x180308,0x3FFFF8,0x180018,0x19B898,0x1B9B18,0x18DB18,0x195A18,0x1BFFD8,0x181E18,0x187A18,0x199B18,0x1B1918,0x1B18D8,0x180C18,0x580C18,0xFFFFFF,0x002E00,0x00C700,0x078380,0xFE00E0,0x780038,0x400007},
  {0x000400,0x001C00,0x600C00,0xFFFFFF,0x004600,0x008300,0x0321C0,0x0E7360,0xFA1198,0x77FFC7,0x4018C0,0x03FFE0,0x0018D8,0x03FFC6,0x0418C0,0x0FFFC0,0x0180C0,0x618000,0xFFFFFF,0x018040,0x018180,0x018300,0x01F300,0x00C000},
  {0x000070,0x180030,0x3FFC30,0x182030,0x182330,0x1827FF,0x0C2318,0x0C4318,0x0C4318,0x064318,0x064198,0x02818C,0x03818C,0x01018C,0x0180CE,0x0380D6,0x02C060,0x0640E0,0x046120,0x0C2330,0x181310,0xF80808,0x700404,0x600303},
  {0x000070,0x300030,0x7FF830,0x300030,0x180330,0x0907FF,0x050318,0x030318,0x030318,0x630318,0xFFFD98,0x03018C,0x03018C,0x03018C,0x0300DE,0x0300E6,0x0300C0,0x030160,0x030320,0x030330,0x030610,0x030608,0x03E004,0x018003},
  {0x070070,0x030030,0x030030,0x031030,0x0B7330,0x3337FF,0x633318,0xE33318,0xC33318,0x031318,0x031998,0x13098C,0x73058C,0x33E18C,0x3980DE,0x1800E6,0x0C00C0,0x060160,0x030320,0x018330,0x00C010,0x006008,0x001804,0x000603},
  {0x010070,0x070030,0x030030,0x030030,0x010330,0x0187FF,0x048318,0x188318,0x304318,0x7FFB18,0xE0F198,0xC0118C,0x00018C,0x18218C,0x3FE0DE,0x1860E6,0x1860C0,0x186160,0x186320,0x186630,0x186610,0x1FE008,0x186004,0x186003},
  {0x000400,0x001C04,0x300C18,0x7FFC30,0x306660,0x086360,0x04B080,0x013080,0x061870,0xFC0C1F,0x780306,0x6002C2,0x000E00,0x600600,0xFFFFFF,0x018300,0x018180,0x00C0C0,0x0067F0,0x007830,0x01D800,0x0F0E00,0x1C03C0,0x18003E},
  {0x06E000,0x0C6000,0x0C6000,0x606008,0xFFFFF8,0x006018,0x006C18,0x087FF8,0x386018,0x18C398,0x18C198,0x18D998,0x0CFFF8,0x0D8D98,0x0D8CD8,0x0706D8,0x0706E8,0x47036C,0x47870C,0x4CCD84,0x5C6C84,0xF83042,0xF00C21,0x600318},
  {0x040438,0x1C1818,0x0E3018,0x623018,0xFFFF98,0x0331FF,0x333198,0x7FFF98,0x333198,0x33318C,0xFFFECC,0x3330CC,0x3330CC,0x3FFE46,0x333066,0x07386E,0x073830,0x0B3C70,0x1B34D0,0x3332D8,0xF33188,0x633184,0x433002,0x033001},
  {0x038038,0x018018,0x618018,0xFFFE18,0x018198,0x3183FF,0x7FFD98,0x000198,0x181198,0x3FF18C,0x1830CC,0x1830CC,0x1FF0CC,0x0C2046,0x0CC066,0x62C06E,0xFFFE30,0x000070,0x1810D0,0x3FF198,0x183388,0x183304,0x1FF002,0x183001},
  {0x000000,0x0C0000,0x1FFFF0,0x070000,0x018000,0x004800,0x002800,0x001800,0x001800,0x601800,0xFFFFFF,0x001800,0x001800,0x001800,0x001800,0x001800,0x001800,0x001800,0x001800,0x001800,0x001800,0x001800,0x001F00,0x000C00},
  {0x003800,0x001800,0x001808,0x601808,0xFFFFF8,0x60000C,0x30000E,0x0B0006,0x07FFE0,0x038000,0x00C800,0x003800,0x601800,0xFFFFFF,0x001800,0x001800,0x001800,0x001800,0x001800,0x001800,0x001800,0x001800,0x001F00,0x000C00},
  {0x000200,0x000E00,0x000600,0x600600,0xFFFFFF,0x000300,0x000300,0x180180,0x3FFD80,0x0C00C0,0x0240C0,0x014060,0x60C060,0xFFFFF0,0x00C068,0x00C064,0x00C063,0x00C060,0x00C060,0x00C060,0x00C060,0x00C060,0x00F860,0x006060},
  {0x060210,0x0E0C60,0x0318C4,0x609884,0xFFFFFC,0x600006,0x300007,0x0B0003,0x07FFF8,0x018000,0x00C800,0x002800,0x001800,0x601800,0xFFFFFF,0x001800,0x001800,0x001800,0x001800,0x001800,0x001800,0x001800,0x001F00,0x000C00},
  {0x3000C0,0x7C31E0,0x2E3F32,0xE3F30E,0x6473E6,0x2CB366,0x3DB366,0x11B76E,0x683B76,0xFFFB76,0x303366,0x1A3366,0x063366,0x663366,0xFFF366,0x063376,0x06336F,0x063F36,0x061B32,0x060310,0x060318,0x060308,0x07C304,0x030302},
  {0x003800,0x001804,0x601804,0xFFFFFC,0x600006,0x200007,0x160003,0x0FFFF0,0x001800,0x001800,0x001800,0x601800,0xFFFFFF,0x001800,0x001800,0x001800,0x001800,0x001800,0x001800,0x001800,0x001800,0x001800,0x001F00,0x000C00},
  {0x007000,0x003008,0x603008,0xFFFFF8,0x60000C,0x20000E,0x11C006,0x00C000,0x60C000,0xFFFFFF,0x00C000,0x00C000,0x00C020,0x00C0C0,0x00C180,0x00C380,0x00C300,0x00C000,0x00C000,0x00C000,0x00C000,0x00C000,0x00F800,0x006000},
  {0x003800,0x001808,0x601808,0xFFFFF8,0x30000C,0x10000E,0x081C06,0x000C00,0x000C00,0x600600,0xFFFFFF,0x030300,0x030300,0x018180,0x018180,0x00C0C0,0x00C7E0,0x007860,0x00F000,0x039800,0x060E00,0x1C0300,0x3800E0,0x30001E},
  {0x003800,0x001800,0x001804,0x601804,0xFFFFFC,0x600006,0x200007,0x160003,0x0FFFF8,0x000000,0x000000,0x600000,0xFFFFFF,0x006300,0x006300,0x006300,0x006300,0x006180,0x406180,0x4060C0,0x406060,0xC06030,0xFFE00C,0x7FC003},
  {0x003800,0x001804,0x601804,0xFFFFFC,0x600006,0x200007,0x118043,0x03FFC0,0x0180C0,0x0180C0,0x0180C0,0x0180C0,0x01FFC0,0x0180C0,0x0000C0,0x0300C0,0x07FFC0,0x0300C0,0x0300C0,0x0300C0,0x0300C0,0x0300C0,0x03FFC0,0x0300C0},
  {0x003800,0x001800,0x001808,0x601808,0xFFFFF8,0x600008,0x20000C,0x10380E,0x001806,0x0C1810,0x1FFFF0,0x0C1830,0x0C1830,0x0C1830,0x0C1830,0x0FFFF0,0x0C1830,0x0C1830,0x0C1830,0x0C1830,0x0C1830,0x0FFFF0,0x0C0030,0x0C0030},
  {0x003800,0x001800,0x001808,0x601808,0xFFFFF8,0x60000C,0x10000E,0x300006,0x7FFFF8,0x001800,0x001800,0x001820,0x0018E0,0x0C1860,0x1FF860,0x001860,0x001860,0x0018B0,0x001930,0x001A10,0x001C18,0x007808,0xFFE004,0x7F0003},
  {0x003800,0x001800,0x001808,0x601808,0xFFFFF8,0x60000C,0x20000E,0x0C0006,0x1FFFF8,0x001800,0x001800,0x001800,0x061800,0x0FFFF0,0x001800,0x001800,0x009800,0x031800,0x061800,0x061800,0x001800,0x301800,0x7FFFFE,0x000000},
  {0x003800,0x001808,0x601808,0xFFFFF8,0x60000C,0x10380E,0x0C1806,0x1FFFF8,0x001800,0x0C1800,0x1FFFF8,0x001800,0x001800,0x601800,0xFFFFFF,0x002C00,0x004600,0x00C600,0x018300,0x030180,0x0E00C0,0xFC0060,0x700018,0x400007},
  {0x003800,0x001808,0x601808,0xFFFFF8,0x60000C,0x10000E,0x0C0006,0x1FFFF8,0x000600,0x008200,0x030100,0x0FF880,0x1C0FFC,0x1800F8,0x003808,0x001800,0x0C1800,0x1FFFF8,0x001800,0x001800,0x001800,0x601800,0xFFFFFF,0x000000},
  {0x003800,0x001804,0x601804,0xFFFFFC,0x600006,0x100007,0x030043,0x07FFC0,0x0300C0,0x0300C0,0x0300C0,0x0300C0,0x03FFC0,0x030CC0,0x000400,0x180208,0x3FFFF8,0x180018,0x180018,0x180018,0x180018,0x180018,0x1FFFF8,0x180018},
  {0x003800,0x001808,0x601808,0xFFFFF8,0x60000C,0x103806,0x0C1806,0x1FFFF8,0x001800,0x061800,0x0FFFF0,0x001800,0x601800,0xFFFFFF,0x000000,0x000000,0x060020,0x0FFFE0,0x060060,0x060060,0x060060,0x060060,0x07FFE0,0x060060},
  {0x003800,0x001808,0x601808,0xFFFFF8,0x60000C,0x100006,0x0C0006,0x1FFFF8,0x004E00,0x044700,0x1C4D80,0x0C9C60,0x06961C,0x013300,0x0339C0,0x023C60,0x06361C,0x1C3300,0xF831C0,0x703070,0x60380F,0x001F80,0x001E00,0x000C00},
  {0x003800,0x001808,0x601808,0xFFFFF8,0x60000C,0x20804E,0x1101C6,0x0618C0,0x0C1860,0x182C20,0x184C10,0x00C608,0x018304,0x030180,0x0E00C0,0xFC0060,0x7BFFD0,0x6300CC,0x0300C3,0x0300C0,0x0300C0,0x0300C0,0x03FFC0,0x0300C0},
  {0x003800,0x001808,0x601808,0xFFFFF8,0x30000C,0x08004E,0x6001C6,0xFFFEC0,0x00C060,0x004060,0x182430,0x3FFC30,0x180C38,0x180C38,0x180C34,0x180C32,0x1FFC31,0x180C30,0x180C30,0x180C30,0x180C30,0x1FFC30,0x180C30,0x180C30},
  {0x003804,0x601804,0xFFFFFC,0x600006,0x201C07,0x160C03,0x0FFFF8,0x001600,0x00E300,0x038180,0x030070,0x600000,0xFFFFFF,0x060000,0x060C10,0x061FF0,0x060C30,0x060C30,0x060C30,0x060FF0,0x060C30,0x060030,0x07C000,0x030000},
  {0x003800,0x001808,0x601808,0xFFFFF8,0x60820C,0x238C0E,0x11D806,0x04DB90,0x186190,0x313190,0x610D88,0xE3038E,0xC3FFC6,0x01FF60,0x000018,0x003807,0x001800,0x1C1870,0x0C1830,0x0C1830,0x0C1830,0x0FFFF0,0x0C0030,0x0C0030},
  {0x003800,0x001804,0x601804,0xFFFFFC,0x200046,0x1818C7,0x3FFFE3,0x1C2C30,0x064678,0x01834C,0x03419B,0x0EFED0,0xFC0060,0x730018,0x47FFE7,0x001800,0x001840,0x0199C0,0x0618E0,0x0C1870,0x381818,0x70180C,0x601F03,0x000C00},
  {0x01C000,0x00C000,0x00C000,0x00C000,0x00C000,0x60C000,0xFFFFFF,0x00C000,0x00C010,0x00C060,0x00C0C0,0x00C180,0x00C380,0x00C300,0x00C300,0x00C000,0x00C000,0x00C000,0x00C000,0x00C000,0x00C000,0x00C000,0x00F800,0x006000},
  {0x1C00E0,0x0C0060,0x0C0060,0x0C0060,0x6C0C60,0xFFFFFF,0x0C0300,0x0C0302,0x0C0B04,0x0C1188,0x0C2190,0x0C60B0,0x0CC0E0,0x0CC040,0x0C00E0,0x0C01A0,0x0C03B0,0x0C0310,0x0C0308,0x0C0008,0x0C0004,0x0C0002,0x0F8001,0x060000},
  {0x1C0020,0x0C00E0,0x0C0664,0x0C0FFC,0x0C060C,0x6C060C,0xFFFFFC,0x0C060C,0x0C160C,0x0C27FC,0x0C660C,0x0CC60C,0x0CC7EC,0x0CC7BF,0x0C06CE,0x0C06C2,0x0C0660,0x0C0630,0x0C0618,0x0C060C,0x0C0603,0x0C0600,0x0F87C0,0x060300},
  {0x1800E0,0x3E0060,0x07C060,0x107E60,0x702061,0x30C266,0x198C6C,0x09986C,0x041860,0x0E0060,0x060060,0x660070,0xFFFF68,0x06006F,0x060466,0x061862,0x063060,0x063060,0x063060,0x060060,0x060060,0x060060,0x07C060,0x030060},
  {0x003800,0x001800,0x001800,0x001800,0x001800,0x001820,0x0118E0,0x021860,0x041860,0x081860,0x181830,0x301830,0x601818,0x601818,0xC0180C,0xC01804,0xC01802,0x001801,0x001800,0x001800,0x001800,0x001800,0x001F00,0x000C00},
  {0x003800,0x001800,0x001800,0x009820,0x0318E0,0x0C1860,0x181860,0x301830,0x601830,0xE21818,0xCE1808,0x061804,0x071F02,0x030C01,0x018000,0x00C000,0x006000,0x003000,0x001800,0x000E00,0x000300,0x0000C0,0x000038,0x000007},
  {0x003800,0x001840,0x0099C0,0x0118C0,0x0618C0,0x0C1860,0x181860,0x301830,0x701818,0x601F0C,0x000C03,0x000000,0x003800,0x001800,0x601800,0xFFFFFF,0x002C00,0x004600,0x008300,0x030180,0x0E00C0,0xFC0060,0x700018,0x400007},
  {0x180010,0x3FFFF0,0x180030,0x180030,0x180030,0x1FFFF0,0x180030,0x181C30,0x000C30,0x000C30,0x030C30,0x07FFF0,0x030C30,0x030C30,0x030C30,0x030C18,0x030C18,0x030C18,0x430608,0x43060C,0x430304,0xC30182,0xFF00C1,0x7E0038},
  {0x0C0020,0x1FFFE0,0x0C0060,0x0C0060,0x0C0060,0x0C0060,0x0FFFE0,0x0C4060,0x008060,0x008260,0x010430,0x011830,0x023030,0x066010,0x0C6018,0x1C0008,0xF8018C,0x700604,0x601802,0x003001,0x00E000,0x01C000,0x038000,0x030000},
  {0x180010,0x3FFFF0,0x180030,0x180030,0x180030,0x180030,0x1FFFF0,0x180030,0x007030,0x003030,0x603030,0xFFFFF0,0x003030,0x003030,0x003010,0x0C3098,0x1FFF98,0x0C0188,0x0C018C,0x0C0184,0x0C0182,0x0C0181,0x0FFF80,0x0C0180},
  {0x300008,0x7FFFF8,0x300018,0x300018,0x300018,0x3FFFF8,0x300018,0x00E018,0x386398,0x186198,0x186198,0x186198,0x186198,0x1FFF98,0x186198,0x00600C,0x7061CC,0x3060CC,0x3060C4,0x3060C6,0x3060C2,0x3FFFC1,0x3000C0,0x3000C0},
  {0x300010,0x7FFFF0,0x300030,0x300030,0x300030,0x3FFFF0,0x300030,0x00E030,0x006030,0x006030,0x1860B0,0x3FFFB0,0x1861B0,0x1861B0,0x186198,0x186198,0x1FFF98,0x186188,0x18618C,0x186184,0x186182,0x1FFF81,0x180180,0x180180},
  {0x180010,0x3FFFF0,0x180030,0x180030,0x180030,0x1FFFF0,0x000030,0x300030,0x7FFFF0,0x003830,0x021830,0x0C0430,0x1FFFB0,0x300F30,0x307130,0x003018,0x183018,0x3FFFE8,0x00300C,0x003004,0x003002,0x603001,0xFFFFF8,0x000000},
  {0x180008,0x3FFFF8,0x180018,0x180018,0x1FFFF8,0x1A0018,0x07C018,0x01FF98,0x003018,0x0C3098,0x1FFF98,0x0C3198,0x0C3198,0x0FFF98,0x0C3198,0x303038,0x7FFFE8,0x30B06C,0x33306C,0x37FFE4,0x360F66,0x300162,0x3E0061,0x180060},
  {0x003800,0x001800,0x001800,0x001800,0x001800,0x70181C,0x30180C,0x30180C,0x30180C,0x30180C,0x30180C,0x30180C,0x30180C,0x30180C,0x30180C,0x30180C,0x30180C,0x30180C,0x30180C,0x30180C,0x30180C,0x3FFFFC,0x30000C,0x30000C},
  {0x003800,0x381838,0x181818,0x181818,0x181818,0x181818,0x1FFFF8,0x180018,0x000000,0x600000,0xFFFFFF,0x000300,0x000180,0x000180,0x0C00C0,0x1FFFE0,0x0C00F0,0x0C00CC,0x0C00C3,0x0C00C0,0x0C00C0,0x0FFFC0,0x0C00C0,0x0C00C0},
  {0x003800,0x381838,0x181818,0x181818,0x1FFFF8,0x000000,0x300008,0x7FFFF8,0x000018,0x000018,0x180018,0x3FFFD8,0x003018,0x003018,0x003018,0x603018,0xFFFFF8,0x003008,0x00300C,0x003004,0x003006,0x003002,0x003001,0x003000},
  {0x038070,0x018030,0x018030,0x3181B6,0x7FFDB6,0x0181B6,0x1185B6,0x7189B6,0x3199B6,0x19B1B6,0x09B1B6,0x6581B6,0xFFFFB6,0x02C1B6,0x02C1B6,0x02C1B6,0x0461FE,0x046186,0x0C3006,0x083000,0x181800,0xF00C00,0x700600,0x600180},
  {0x003800,0x1C1870,0x0C1830,0x0C1830,0x0FFFF0,0x0C0030,0x300008,0x7FFFF8,0x000018,0x007018,0x0C3018,0x1FFFD8,0x003018,0x303018,0x7FFFF8,0x000018,0x007018,0x0C3008,0x1FFFCC,0x003004,0x003004,0x603002,0xFFFFF9,0x000000},
  {0x70381C,0x30180C,0x30180C,0x3FFFFC,0x30000C,0x000000,0x600002,0xFFFFFE,0x604086,0x61C306,0x60E606,0x632606,0x67FFE6,0x601806,0x601806,0x6719C6,0x6318C6,0x6318C6,0x6318C6,0x63FFC6,0x6300C6,0x600006,0x7C0006,0x300006},
  {0x003800,0x381838,0x181818,0x181818,0x181818,0x1FFFF8,0x000000,0x304608,0x7FCFF8,0x30C618,0x30C618,0x3FC7F8,0x30C618,0x30C618,0x30C618,0x3FC7F8,0x30C618,0x30C618,0x30C618,0x30660C,0x30660C,0x302604,0x3E17C2,0x180B01},
  {0x003800,0x70181C,0x30180C,0x30180C,0x30180C,0x3FFFFC,0x30000C,0x01C000,0x00C738,0x60C318,0xFFE318,0x607FFF,0x33A318,0x0D9318,0x018B18,0x0183F8,0x02C318,0x02C318,0x02C318,0x044318,0x1C6318,0xF823F8,0x701318,0x600C18},
  {0x003800,0x381838,0x181818,0x181818,0x1FFFF8,0x000000,0x0C0008,0x1FFFF8,0x0C8018,0x0DF018,0x0C3FD8,0x0C1818,0x0D9898,0x0DFF98,0x0D9998,0x0D9998,0x19FF98,0x599998,0x585808,0x59980C,0x73F804,0xF31FE4,0xE303C2,0x400041},
  {0x380070,0x180030,0x183830,0x181830,0x181830,0x181830,0x181830,0x181830,0x181830,0x181830,0x181830,0x181830,0x181830,0x181830,0x181830,0x181830,0x181830,0x181818,0x180018,0x180008,0x18000C,0x180004,0x180002,0x180001},
  {0x7000E0,0x307060,0x303060,0x303060,0x303060,0x303060,0x30B0E4,0x313164,0x333364,0x363664,0x363666,0x363667,0x303063,0x303060,0x303060,0x303060,0x303030,0x303030,0x303030,0x303010,0x300018,0x300008,0x300004,0x300003},
  {0x108402,0x739C04,0x318C08,0x18CC18,0x18C630,0x0C6630,0x042300,0x021100,0x010880,0x010880,0x021130,0x04237F,0x086230,0x18C630,0x18C630,0x318C30,0x318C30,0x318C30,0x000030,0x000030,0x000058,0xFFFF8F,0x7FFF06,0x000002},
  {0x010200,0x070C20,0x0398C0,0x009980,0x0641A0,0x0FFFE0,0x061860,0x061860,0x07FFE0,0x061860,0x061860,0x061860,0x07FFE0,0x061860,0x601800,0xFFFFFF,0x003E00,0x005B00,0x019B80,0x0719C0,0xFE1860,0x781818,0x601807,0x001800},
  {0x000000,0x000000,0x180000,0x3FFFFC,0x001800,0x001800,0x001800,0x001800,0x001800,0x001800,0x001800,0x001800,0x001800,0x001800,0x001800,0x001800,0x001800,0x001800,0x001800,0x001800,0x601800,0xFFFFFF,0x000000,0x000000},
  {0x000E00,0x000600,0x000600,0x000600,0x600600,0xFFFFFF,0x000300,0x000300,0x000300,0x000180,0x000180,0x0C00C0,0x1FFFC0,0x003060,0x003030,0x003010,0x003008,0x003004,0x003002,0x003001,0x003000,0x303000,0x7FFFFC,0x000000},
  {0x000000,0x600000,0xFFFE00,0x006180,0x0063FF,0x006030,0x003030,0x303030,0x7FF030,0x301830,0x301830,0x301830,0x300030,0x300230,0x3001B0,0x3000F0,0x30003F,0x18000E,0x180002,0x180000,0x0C0000,0x0FC000,0x070000,0x030000},
  {0x180004,0x3FFFFC,0x00000C,0x00000C,0x00000C,0x00000C,0x03000C,0x07FFFC,0x03000C,0x03000C,0x03000C,0x03000C,0x03000C,0x03000C,0x03FFFC,0x03000C,0x03000C,0x00000C,0x00000C,0x00000C,0x00000C,0x30000C,0x7FFFFC,0x00000C},
  {0x008040,0x038180,0x01C300,0x304300,0x7FFFFE,0x001800,0x001800,0x0C1800,0x1FFFF8,0x001800,0x001800,0x601800,0xFFFFFF,0x000180,0x000180,0x0C00C0,0x1FFFE0,0x003030,0x003018,0x00300C,0x003003,0x603000,0xFFFFFC,0x000000},
  {0x000000,0x0C0000,0x1FFFFE,0x0C0000,0x0C0000,0x0C0000,0x0C0000,0x0C0008,0x0FFFF8,0x0C0018,0x0C0018,0x000018,0x000018,0x000018,0x000018,0x000018,0x400018,0x400018,0x400018,0x400018,0xC00018,0xC00018,0xFFFFF8,0x7FFFF0},
  {0x023810,0x0E1860,0x0718C0,0x0118C0,0x18AC00,0x3FFFFC,0x002C00,0x004600,0x604600,0xFFFFFF,0x008180,0x030180,0x0660C0,0x1CFFE0,0xF86030,0x706018,0x40604C,0x007FC3,0x0860C0,0x0800C0,0x0800C0,0x1800C0,0x1FFFC0,0x0FFF80},
  {0x000400,0x001C00,0x000C00,0x600C00,0xFFFFFF,0x000600,0x007300,0x003300,0x003180,0x183080,0x3FFFC0,0x1830E0,0x1830D0,0x1830CC,0x1830C3,0x1830C0,0x1830C0,0x1830C0,0x1830C0,0x1F30C0,0x0C30C0,0x003000,0x003000,0x003000},
  {0x0C1070,0x1FF030,0x0C3030,0x0C3332,0x0C37FE,0x0C3336,0x0C3336,0x0C7336,0x0CB336,0x0DB336,0x0DB336,0x0DB336,0x0C3336,0x0C3336,0x0C33B6,0x0C3336,0x0C3030,0x4C3030,0x4C3030,0x4C1830,0x4C1830,0xCC0C30,0xFC0630,0x7801B0},
  {0x003800,0x001800,0x301800,0x7FFFFE,0x008040,0x038180,0x01C304,0x602304,0xFFFFFC,0x600006,0x103807,0x061823,0x0FFFE0,0x061860,0x061860,0x061860,0x061860,0x061860,0x061860,0x07D860,0x031860,0x001800,0x001800,0x001800},
  {0x000008,0x600038,0xFFFF18,0x0180CA,0x0181FE,0x3184C6,0x7FFCC6,0x318CC6,0x318CC6,0x318CFE,0x318CC6,0x318C06,0x318C06,0x318CC6,0x318DFE,0x318CC6,0x318CC6,0x3F8CC6,0x198CC6,0x0180C6,0x0180FE,0x0180C6,0x018006,0x018000},
  {0x0739C0,0x0318C0,0x6318C0,0xFFFFFF,0x0318C0,0x0318C0,0x0318C0,0x03FFC0,0x0300C4,0x600004,0xFFFFFC,0x601804,0x201806,0x161827,0x0FFFE3,0x061860,0x061860,0x061860,0x061860,0x061860,0x07D860,0x031860,0x001800,0x001800},
  {0x180070,0x3FFE30,0x180030,0x180030,0x1FFE30,0x180030,0x180032,0x1FFE32,0x180132,0x600132,0xFFFF33,0x60C1B3,0x30C3B3,0x7FFE30,0x30C630,0x30C630,0x30C618,0x30C618,0x30C618,0x3EC608,0x18C60C,0x00C004,0x00C002,0x00C001},
  {0x301070,0x7FF030,0x003030,0x003030,0x1831B2,0x3FF3FE,0x0031B6,0x1831B6,0x3FF1B6,0x0031B6,0x0031B6,0x6031B6,0xFFFFB6,0x1131B6,0x7131B6,0x3A31F6,0x0631B6,0x023030,0x043030,0x0D3030,0x18F030,0xF83F30,0x700E30,0x600230},
  {0x023820,0x0E18C0,0x071988,0x611988,0xFFFFF8,0x600008,0x21808C,0x13FF8E,0x018186,0x018180,0x018180,0x01FF80,0x019980,0x0C1810,0x1FFFF0,0x0C1830,0x0C1830,0x0C1830,0x0C1830,0x0C1830,0x0F9830,0x061830,0x001800,0x001800},
  {0x600070,0xFFFE30,0x000030,0x181030,0x3FF1B2,0x1833FE,0x1831B6,0x1831B6,0x1FF1B6,0x1831B6,0x0001B6,0x6005B6,0xFFFDB6,0x618DB6,0x618DB6,0x618DF6,0x7FFDB6,0x618C30,0x618C30,0x618C30,0x618C30,0x7FFC30,0x600C30,0x600C30},
  {0x01C700,0x60C300,0xFFFFFF,0x00C300,0x030040,0x07FFC0,0x0300C0,0x0300C0,0x03FFC0,0x0300C0,0x0300C0,0x03FFC0,0x030CC0,0x600600,0xFFFFFF,0x011980,0x0218C0,0x0FFFE0,0xFE1870,0x76186C,0x461863,0x07D860,0x031860,0x001800},
  {0x000000,0x180000,0x3FFFFC,0x001800,0x041810,0x1C1820,0x0E1860,0x0618C0,0x0318C0,0x0118C0,0x009800,0x605800,0xFFFFFF,0x001800,0x001800,0x001800,0x001800,0x001800,0x001800,0x001800,0x001800,0x001800,0x001800,0x001800},
  {0x000040,0x0001C0,0x0000C0,0x180060,0x3FFFE0,0x001830,0x001810,0x001818,0x001808,0x061824,0x0FFFE2,0x001860,0x001860,0x001860,0x001860,0x601860,0xFFFFFF,0x001800,0x001800,0x001800,0x001800,0x001800,0x001800,0x001800},
  {0x003800,0x001800,0x0C1800,0x1FFFF8,0x001800,0x001800,0x601800,0xFFFFFF,0x008040,0x038180,0x01C300,0x304300,0x7FFFFE,0x001800,0x001800,0x001800,0x181800,0x3FFFFC,0x001800,0x001800,0x001800,0x001800,0x001800,0x001800},
  {0x043810,0x1C1870,0x0E983A,0x1119C4,0x3318CC,0x1A1868,0x0C18B0,0x221908,0x7FDBFE,0x639B1C,0x0C9804,0x581808,0xFFFFF8,0x043018,0x1C3018,0x0E3038,0x0660D8,0x036198,0x41C318,0x41E308,0x43380C,0xCE0E04,0xFC01E2,0x700001},
  {0x007000,0x003000,0x003000,0x603010,0xFFFFF0,0x000030,0x000030,0x001030,0x007030,0x003030,0x003030,0x003030,0x001830,0x001830,0x011818,0x020818,0x040C18,0x0C0408,0x18060C,0x300204,0x3FC106,0x707FF2,0x6007E1,0x600020},
  {0x007000,0x003000,0x603010,0xFFFFF0,0x000030,0x00E030,0x006030,0x006030,0x306030,0x7FFFF0,0x00F830,0x017830,0x016C30,0x026C30,0x026C30,0x046618,0x0C6618,0x186318,0xF86188,0x7060CC,0x606034,0x006002,0x006001,0x006000},
  {0x003800,0x001800,0x301808,0x7FFFF8,0x000018,0x060018,0x0FC118,0x00FF18,0x00C318,0x00C318,0x60C318,0xFFFF18,0x018318,0x018318,0x018318,0x030318,0x03230C,0x461B0C,0x4607EC,0x4C01C4,0x5C0046,0xF8C002,0xF1FFF1,0x600000},
  {0x007000,0x003000,0x603008,0xFFFFF8,0x000018,0x000218,0x1C0E18,0x0C0618,0x0C0618,0x6C0318,0xFFFF18,0x0C0198,0x0C0998,0x0C31D8,0x0C61B8,0x0C618C,0x0C018C,0x0C018C,0x0C0184,0x0C0186,0x0C0182,0x0C0181,0x0F8180,0x060180},
  {0x007000,0x003000,0x603008,0xFFFFF8,0x000018,0x038E18,0x318618,0x7FFFF8,0x018618,0x018618,0x01FE18,0x018618,0x0C0018,0x1FFFD8,0x0C0218,0x060418,0x030818,0x019018,0x00E00C,0x00700C,0x039804,0xFE0602,0x7801C1,0x600038},
  {0x00E000,0x006000,0x606008,0xFFFFF8,0x000018,0x000018,0x00E018,0x1C6718,0x0C6318,0x0C6318,0x0C6318,0x166318,0x226598,0x616C98,0x60EC58,0x00602C,0x18600C,0x3FFF8C,0x006004,0x006006,0x006002,0x606001,0xFFFFF0,0x000000},
  {0x007000,0x603008,0xFFFFF8,0x000018,0x00E018,0x306018,0x7FFFF8,0x006018,0x0C6118,0x1FFF18,0x0C6318,0x0C6318,0x0FFF18,0x0C6318,0x0C6318,0x0FFF18,0x0C630C,0x00600C,0x60600C,0xFFFFF4,0x006006,0x006002,0x006001,0x006000},
  {0x007000,0x003000,0x603008,0xFFFFF8,0x003018,0x0C3018,0x1FFF98,0x0C3018,0x6C3018,0xFFFFF8,0x0C3018,0x0C3018,0x0FFF98,0x103058,0x707198,0x38B318,0x08B318,0x05380C,0x03370C,0x0E31F4,0xFC30E6,0x703022,0x403E01,0x001800},
  {0x007000,0x603008,0xFFFFF8,0x020018,0x063018,0x033F98,0x115858,0x308D98,0x198D18,0x0B0618,0x060318,0x1FFF18,0xF98C98,0x718C58,0x418C38,0x3FFFEC,0x018C0C,0x018C0C,0x018604,0x418606,0x418302,0xC18181,0xFF8060,0x7F001C},
  {0x003800,0x001800,0x601804,0xFFFFFC,0x00000C,0x00070C,0x60830C,0xFF9B4C,0x61BFCC,0x3198CC,0x1198CC,0x099FCC,0x0998CC,0x1198CC,0x319FCC,0x2198CC,0x6184CC,0x6188C4,0x6198C6,0x7DBEC2,0x31B1FA,0x018071,0x018010,0x018000},
  {0x180060,0x3E00FF,0x07C030,0x01FF30,0x018018,0x01800C,0x019C0C,0x018CC6,0x318DFF,0x7F8CC3,0x018CC4,0x018CC4,0x018CC4,0x018C64,0x018C68,0x018C68,0x618C30,0xFFFFB0,0x000030,0x000058,0x000188,0xFFFF04,0x7FFC02,0x000001},
  {0x01C000,0x00C060,0x18C0FF,0x3FFE30,0x18C030,0x58C018,0xFFFF18,0x18C0CC,0x18C1FC,0x1FFEC6,0x18C0C6,0x00C0C4,0x30C064,0x7FFF64,0x00C068,0x60C028,0xFFFFB8,0x00C010,0x00C038,0x00C068,0x0001CC,0xFFFF84,0x7FFE02,0x000001},
  {0x000200,0x000E00,0x008600,0x010300,0x060100,0x0FF880,0x180FFE,0x38007C,0x31C384,0x00C180,0x00C180,0x60C180,0xFFFFFF,0x00C180,0x00C180,0x00C180,0x00C180,0x00C180,0x00C0C0,0x00C0C0,0x00C060,0x00C030,0x00C018,0x00C006},
  {0x02E000,0x0C6000,0x186000,0x186000,0x006000,0x606000,0xFFFFFF,0x006000,0x006000,0x006000,0x00CC00,0x00DFFE,0x00C0C0,0x00C0C0,0x0180C0,0x0180C0,0x0300C0,0x4338C0,0x4607C0,0x4E00FF,0x5C001E,0xF80002,0xF00000,0x600000},
  {0x381800,0x183FFE,0x181800,0x181800,0x181800,0x181808,0x181FF8,0x181818,0x180018,0x180018,0x181818,0x183FFC,0x18180C,0x18180C,0x181800,0x181800,0x180C00,0x180C00,0x180C00,0x180600,0x180700,0x1803F0,0x1801C0,0x1800C0},
  {0x300300,0x7FF7FF,0x300300,0x300300,0x304304,0x3FC3FC,0x30C30C,0x00C00C,0x00C00C,0x60C60C,0xFFEFFE,0x606606,0x60E60E,0x630630,0x630630,0x700700,0x6C06C0,0x638638,0x31F31F,0x306306,0x182182,0x1F81F8,0x0E00E0,0x060060},
  {0x3010C0,0x7FF1FF,0x0030C0,0x0030C0,0x1830C0,0x3FF0C2,0x0030FE,0x1830C6,0x3FF006,0x003006,0x0030C6,0x6031FE,0xFFFEC3,0x1130C3,0x7130C0,0x3930C0,0x0630C0,0x023060,0x043060,0x0D3060,0x18F030,0xF83F3F,0x700E1C,0x60020C},
  {0x0040C0,0x01C1FF,0x00C0C0,0x0460C0,0x1820C0,0x3010C2,0x7FFEFE,0x619CC6,0x018406,0x318406,0x7FFCC6,0x318DFE,0x318CC3,0x318CC3,0x3FFCC0,0x318CC0,0x0180C0,0x0580C0,0x0980C0,0x198060,0x318060,0x7FFF7E,0x603E38,0x600218},
  {0x1022C0,0x70CDFF,0x3998C0,0x0998C0,0x3404C0,0x7FFCC2,0x318CFE,0x318CC6,0x318C06,0x3FFC06,0x318CC6,0x318DFE,0x318CC3,0x318CC3,0x3FFCC0,0x318CC0,0x0180C0,0x618060,0xFFFF60,0x018060,0x018030,0x01803F,0x01801C,0x01800C},
  {0x003800,0x041808,0x1C1810,0x0C1860,0x0618C0,0x0218C0,0x0118C0,0x009800,0x001800,0x181800,0x3FFFF8,0x180000,0x180000,0x180000,0x180000,0x1FFFF8,0x180000,0x180000,0x180000,0x180000,0x180000,0x1FFFF8,0x180000,0x180000},
  {0x080000,0x383000,0x1C7FFE,0x0C0630,0x060630,0x030630,0x10C630,0x700630,0x386630,0x18FFFF,0x0C0630,0x060630,0x230630,0xE18630,0x606630,0x700630,0x300618,0x180618,0x0C0618,0x060608,0x03060C,0x018604,0x006602,0x001E01},
  {0x003800,0x001800,0x301800,0x7FFFFE,0x008080,0x038300,0x01C600,0x304608,0x7FFFF8,0x000018,0x002018,0x00F018,0x013818,0x078C18,0x11C318,0x78E0D8,0x1C300C,0x0E0C0C,0x03030C,0x01C0E4,0x007006,0x001C02,0x000381,0x000078},
  {0x040C00,0x1C1F00,0x0C0BE0,0x0E383F,0x061840,0x030CC6,0x1104CC,0x70820C,0x3841C0,0x1820C0,0x0C18C0,0x063FFF,0x2300E0,0xE180E0,0x60C1F0,0x7036F0,0x300CD8,0x180CD8,0x0C00CC,0x0600C6,0x0300C1,0x0180C0,0x0060C0,0x001CC0},
  {0x083004,0x387FFC,0x1C300C,0x0C338C,0x06318C,0x03318C,0x10B7EC,0x70718C,0x38318C,0x18318C,0x0C3FFC,0x06300C,0x03362C,0x21B7EC,0xE0766C,0x70366C,0x30366C,0x3837EC,0x18366C,0x0C3064,0x063006,0x033002,0x01BE02,0x005801},
  {0x040C04,0x1C1FFC,0x0C0C0C,0x060C0C,0x060FFC,0x030C0C,0x118C0C,0x706FFC,0x380CCC,0x1830C0,0x0C7FFF,0x060000,0x230FFC,0xE18C0C,0x606C0C,0x300FFC,0x3000C0,0x1802C4,0x0C0CDC,0x0618CC,0x0318C6,0x0180C2,0x0060F9,0x001860},
  {0x030820,0x07F8E0,0x031870,0x031830,0x231818,0x23182C,0x2318E4,0x630C62,0x7F0C71,0x3E0630,0x0001B0,0x0C0038,0x1FFF38,0x060834,0x060832,0x031031,0x031030,0x01A030,0x00C030,0x00E030,0x033030,0xFE0C30,0x780330,0x6000F0},
  {0x01C020,0x00C0E0,0x00C060,0x60C230,0xFFFE30,0x60C618,0x20C628,0x10C6E4,0x18C662,0x3FFE31,0x181630,0x0C1618,0x0C2618,0x06261C,0x06461A,0x034319,0x018318,0x018318,0x02C118,0x066198,0x1C3098,0xF81858,0x700638,0x400198},
  {0x01C020,0x00C0E0,0x00C070,0x18C030,0x3FFF18,0x00C02C,0x00C0E4,0x60C062,0xFFFFF1,0x000030,0x0E0038,0x660038,0xFFFFB4,0x060032,0x060431,0x061830,0x063030,0x063030,0x060030,0x060030,0x060030,0x060030,0x07C030,0x030030},
  {0x004020,0x01C0E0,0x00C070,0x024430,0x0E2818,0x071848,0x0331C4,0x01B0C2,0x088061,0x304060,0x7FFFB0,0xE02F30,0xC0E138,0x0C6034,0x1FF032,0x0C3031,0x061830,0x032C30,0x01C330,0x01E030,0x0F3030,0xFC1830,0x700630,0x4001F0},
  {0x040210,0x1C0C70,0x0C1830,0x063018,0x023018,0x61002C,0xFFFFE4,0x00C062,0x00C061,0x00C230,0x00CE30,0x30C618,0x7FC618,0x00C61C,0x00C61A,0x00C619,0x00C618,0x00CB18,0x00D318,0x00E118,0x00C198,0x038098,0xFF0058,0x7C0038},
  {0x0C0820,0x1FF8E0,0x0C1870,0x0C1830,0x0FF818,0x0C1848,0x0C19C4,0x0FF8C2,0x0C18E1,0x600060,0xFFFF30,0x000038,0x0E0038,0x660034,0xFFFF32,0x060031,0x060430,0x061830,0x063030,0x063030,0x060030,0x060030,0x07C030,0x030030},
  {0x000210,0x620E70,0xFE0630,0x664618,0x66FE18,0x661B0C,0x661914,0x6698F2,0x67FFB1,0x661838,0x661818,0x665B18,0x66FB1C,0x661B1C,0x661B1A,0x661B19,0x661B18,0x7EFB18,0x361FD8,0x060398,0x060098,0x060018,0x060018,0x060018},
  {0x000420,0x001CE0,0x300C70,0x7FFE30,0x000218,0x0C0508,0x1FFCA4,0x0C0CE2,0x0C0C61,0x0FFC30,0x0C0C30,0x0C0C38,0x0FFC38,0x003034,0x063032,0x0FF831,0x061830,0x032C30,0x01C630,0x00E1B0,0x073030,0xFC1830,0x700630,0x4001B0},
  {0x020C08,0x0E6DB8,0x066D98,0x066D98,0x036D8C,0x637F84,0xFFE196,0x188072,0x194031,0x197FB0,0x190C18,0x190C18,0x0D0C1C,0x0D2C1C,0x0E7F9A,0x060C19,0x060C18,0x0B0C18,0x0B7C18,0x198FD8,0x388398,0xF04098,0x702018,0x601818},
  {0x000400,0x001800,0x003000,0x006000,0x00E700,0x00C300,0x000300,0x000300,0x040300,0x080310,0x100310,0x300310,0x600318,0xE00308,0xC0030C,0xC00306,0x040307,0x040303,0x040300,0x040300,0x0C0300,0x0FFF00,0x07FE00,0x000000},
  {0x000200,0x000C00,0x021800,0x0E3000,0x063380,0x070180,0x030180,0x018180,0x098190,0x10C190,0x206190,0x603188,0xC0198C,0xC00D86,0xC00787,0x000383,0x000180,0x0401C0,0x0401B0,0x04018C,0x0C0183,0x0FFF80,0x07FF00,0x000000},
  {0x018000,0x03FFF8,0x018000,0x018000,0x018010,0x01FFF0,0x018030,0x000030,0x100030,0x100030,0x300030,0x3FFFF0,0x1FFFE0,0x000000,0x000400,0x041B80,0x083188,0x306188,0x606188,0xC2018C,0xC20186,0x060187,0x07FF83,0x03FF00},
  {0x000000,0x180000,0x3FFFFE,0x181800,0x181860,0x180D80,0x180600,0x181E00,0x0C3B00,0x0C3180,0x0FC0C0,0x070060,0x030018,0x000807,0x003380,0x086180,0x10C190,0x30C190,0x620188,0xE2018C,0xC20186,0x060187,0x07FF83,0x03FF00},
  {0x003800,0x001800,0x001800,0x001800,0x601800,0xFFFFFF,0x001800,0x001800,0x001800,0x001800,0x0C1800,0x1FFFF8,0x000800,0x001000,0x002000,0x046380,0x18C180,0x30C190,0x600190,0xE20188,0xC2018C,0x060187,0x07FF83,0x03FF00},
  {0x003800,0x001800,0x601800,0xFFFFFF,0x0000C0,0x0000C0,0x0000C0,0x0000C0,0x0000C0,0x0FFFC0,0x0FFF80,0x000000,0x000000,0x000800,0x043380,0x086190,0x306190,0x606188,0xE0018C,0xC20186,0xC20187,0x060183,0x07FF80,0x03FF00},
  {0x007000,0x003000,0x303008,0x7FFFF8,0x000018,0x002018,0x00C018,0x018018,0x033818,0x031818,0x081818,0x101918,0x201918,0x601918,0xC01918,0xC01998,0xC01888,0x1018C8,0x1018EC,0x301864,0x301804,0x3FF802,0x1FF001,0x000000},
  {0x00E070,0x006030,0x006030,0x006070,0x1860B0,0x3FFFB4,0x1861B4,0x1861B4,0x186036,0x186033,0x186033,0x586030,0xFFFFF0,0x00B030,0x00B030,0x013030,0x011830,0x021830,0x060830,0x0C0C30,0x1C0430,0xF80230,0x700130,0x6000F0},
  {0x001800,0x001C00,0x002C00,0x004600,0x00C600,0x018300,0x036180,0x06FEC0,0x1C0060,0xF98030,0x73FFCC,0x418003,0x00C000,0x006000,0x006400,0x021800,0x043380,0x183190,0x303190,0x610188,0xE1018C,0xC30187,0x03FF83,0x01FF00},
  {0x000070,0x000030,0x180030,0x3FF618,0x184FFF,0x0C4618,0x0C830C,0x06830C,0x0301B6,0x0300C6,0x058360,0x1CC630,0xF83610,0x700C0C,0x400003,0x040B80,0x083190,0x306190,0x626190,0xE20188,0xC2018E,0x060187,0x07FF83,0x03FF00},
  {0x002070,0x00E030,0x006030,0x606030,0xFFFF30,0x003074,0x03B0B4,0x0191B4,0x0199B6,0x318837,0x7FFC33,0x318C30,0x318E30,0x318D30,0x318CB0,0x318C70,0x318C30,0x318C30,0x3F8C30,0x198C30,0x018030,0x018030,0x018030,0x018030},
  {0x0C0010,0x1FFFF0,0x0C1830,0x0C1830,0x0C1830,0x0FFFF0,0x0C1830,0x0C1830,0x0C1830,0x0C1830,0x0FFFF0,0x0C0030,0x000800,0x001000,0x042380,0x086180,0x10C180,0x30C190,0x600190,0xE20188,0xC2018C,0x060187,0x07FF83,0x03FF00},
  {0x000100,0x000700,0x006380,0x00FFC0,0x006060,0x0C1030,0x1FFFF8,0x0C000C,0x0C0003,0x0C0000,0x0FFFF0,0x0C0000,0x0C0000,0x0C0000,0x0FFFF0,0x0C0000,0x000B80,0x0C3190,0x306190,0x626188,0xE2018C,0xC60187,0x07FF83,0x03FF00},
  {0x0C0070,0x1FFE30,0x0C0830,0x0C1070,0x0610B0,0x0621B4,0x034334,0x018334,0x03C036,0x0E6033,0xFC3033,0x780C30,0x60E3B0,0x006030,0x006030,0x186030,0x3FFF30,0x006030,0x006030,0x006030,0x006030,0x606030,0xFFFFF0,0x000030},
  {0x01C070,0x00C030,0x00C030,0x00C030,0x30C030,0x7FFE74,0x00C0B4,0x00C1B4,0x00C1B6,0x00C036,0x60C033,0xFFFFB3,0x002030,0x00E030,0x006030,0x006030,0x022030,0x043030,0x081030,0x181030,0x3F8830,0x30FFB0,0x600F30,0x600130},
  {0x060800,0x0FF980,0x061BFE,0x061830,0x063830,0x065830,0x06D830,0x46DB30,0x460CF0,0xC60C3F,0xFE060E,0x7C0302,0x0000C0,0x000000,0x000800,0x043380,0x186190,0x30C190,0x60C190,0xE40188,0xC4018C,0x0C0187,0x0FFF83,0x07FF00},
  {0x008600,0x030FFF,0x06018C,0x0E018C,0x0C018C,0x01C18C,0x00C1FC,0x00C18C,0x00C18C,0x10C18C,0x20C18C,0x60D1FC,0x40D18C,0xC0D18C,0xC0D98C,0xC0CD8C,0x00CFCC,0x10C5BC,0x10C19F,0x10C186,0x10C182,0x30C180,0x3FC180,0x1F8180},
  {0x000200,0x000E00,0x030640,0x07FFC0,0x0300C0,0x0300C0,0x03FFC0,0x0300C0,0x0300C0,0x03FFC0,0x0300C0,0x0300C0,0x03FFC0,0x0300C0,0x000800,0x041380,0x083190,0x106190,0x306188,0x61018C,0xE10186,0xC30187,0x03FF83,0x01FF00},
  {0x003800,0x001800,0x601800,0xFFFFFF,0x001800,0x0C1810,0x1FFFF0,0x0C1830,0x0C1830,0x0C1830,0x0FFFF0,0x0C1830,0x0C1830,0x0C1830,0x0FFFF0,0x0C0430,0x041800,0x083390,0x306190,0x626188,0xE2018E,0xC60187,0x07FF83,0x03FF00},
  {0x003870,0x001830,0x601830,0xFFF870,0x000CB0,0x000DB4,0x1805B4,0x3FFE34,0x199A36,0x199933,0x1998B3,0x599830,0xFFFFB0,0x18CC30,0x18CC30,0x18CC30,0x18CC30,0x58CC30,0xFFFE30,0x0C0630,0x0C0630,0x0C0030,0x0F8030,0x060030},
  {0x300070,0x7FFF30,0x006030,0x006030,0x006030,0x0C6074,0x1FFDB4,0x0C3336,0x0C3336,0x0C3033,0x0C3033,0x6C3030,0xFFFFB0,0x000030,0x000030,0x0C0430,0x1FFC30,0x0C0C30,0x0C0C30,0x0C0C30,0x0C0C30,0x0C0C30,0x0FFC30,0x0C0C30},
  {0x300000,0x7FFFFE,0x00C300,0x00C300,0x18C308,0x3FFFF8,0x18C318,0x18C318,0x18C318,0x1FFFF8,0x18C318,0x00C300,0x00C300,0x60C300,0xFFFFFF,0x000800,0x083380,0x306190,0x60C190,0xC2C188,0xC2018C,0x060187,0x07FF83,0x03FF00},
  {0x00E700,0x006300,0x306300,0x7FE3FE,0x006300,0x186300,0x3FE3FC,0x006300,0x006300,0x6063E0,0xFFE19F,0x006186,0x0060C2,0x006060,0x006030,0x00080C,0x043380,0x186190,0x306190,0x620188,0xC2018E,0xC60187,0x07FF83,0x03FF00},
  {0x602602,0xFFEFFE,0x606606,0x606606,0x7FE7FE,0x606606,0x606606,0x7FE7FE,0x606606,0x600006,0x600406,0x601806,0x603706,0x613346,0x660346,0x6C8346,0x6C8366,0x618336,0x61FF36,0x60FE06,0x600006,0x600006,0x7C0006,0x300006},
  {0x038070,0x318030,0x7FFE30,0x018030,0x198070,0x3FFCB4,0x0181B4,0x6181B4,0xFFFFB6,0x000036,0x180833,0x3FF833,0x181830,0x181830,0x1FF830,0x181830,0x181830,0x1FF830,0x181830,0x181830,0x181830,0x181830,0x1F1830,0x0C1830},
  {0x033800,0x061800,0x061800,0x601800,0xFFFFFF,0x043000,0x1C3308,0x0E67F8,0x066318,0x03C318,0x4183F8,0x43C018,0x476780,0xDE18FE,0xFC071C,0x700004,0x040C00,0x083380,0x306190,0x616190,0xE1018C,0xC30187,0x03FF83,0x01FF00},
  {0x0E7070,0x063030,0x063030,0x363030,0x7FFE70,0x0631B4,0x063334,0x063334,0x663036,0xFFFF36,0x000033,0x000033,0x180430,0x3FFC30,0x180C30,0x180C30,0x180C30,0x1FFC30,0x180C30,0x180C30,0x180C30,0x1FFC30,0x180C30,0x180C30},
  {0x0000E0,0x301060,0x7FF060,0x303660,0x303FFF,0x3FF070,0x3030F0,0x303378,0x3FF668,0x30366C,0x303064,0x303062,0x3FF061,0x303060,0x000000,0x041700,0x086310,0x10C310,0x30C310,0x620308,0xE2030E,0xC60307,0x07FF03,0x03FE00},
  {0x003800,0x181800,0x3FFFFC,0x008080,0x01C300,0x604100,0xFFFFFF,0x000000,0x030040,0x07FFC0,0x0300C0,0x0300C0,0x03FFC0,0x0300C0,0x0300C0,0x03FFC0,0x080800,0x103390,0x306190,0x626188,0xE2018C,0xC60187,0x07FF83,0x03FF00},
  {0x626270,0xFEFE30,0x666630,0x666630,0x666630,0x7E7E74,0x6666B4,0x0001B4,0x1801B6,0x3FFC36,0x000033,0x600033,0xFFFF30,0x003030,0x183030,0x3FF030,0x181830,0x181830,0x180030,0x0C0030,0x0C0030,0x07C030,0x070030,0x030030},
  {0x060020,0x0FFFE0,0x061860,0x061860,0x07FFE0,0x061860,0x061860,0x07FFE0,0x061860,0x181808,0x3FFFF8,0x185818,0x189818,0x19FFD8,0x198798,0x1E0098,0x0C0418,0x001B90,0x0C3190,0x313188,0x61018C,0xE30187,0xC3FF83,0x01FF00},
  {0x0F0000,0x1FF800,0x023FFC,0x0E0420,0x070844,0x6098C4,0xFFFFFC,0x600406,0x321B87,0x0D3193,0x193190,0x330198,0x33FF8E,0x01FF06,0x000100,0x030300,0x07FF00,0x01C380,0x00E4C0,0x003830,0x00FC0C,0xFFC700,0x7E01E0,0x60001E},
  {0x037000,0x063000,0x363008,0x7FFFF8,0x003018,0x046818,0x1C7FD8,0x0C6018,0x06CC58,0x06DFD8,0x438CCC,0x438CCC,0x46CFC4,0xDC3006,0xF80E02,0x600001,0x040800,0x083390,0x306190,0x626188,0xC2018C,0xC60187,0x07FF83,0x03FF00},
  {0x062300,0x0FE7C8,0x266078,0x266318,0x6667F8,0x7E3318,0x3C13F8,0x000F18,0x1FF3F8,0x0C2618,0x064FF8,0x038608,0x03860C,0xFEC3E4,0x786382,0x601981,0x000400,0x0C1B90,0x303190,0x626188,0xC2618C,0xC60187,0x07FF83,0x03FF00},
  {0x008040,0x038180,0x01C300,0x604300,0xFFFFFF,0x010040,0x0300C0,0x099264,0x1C6718,0x0CC330,0x06C1B0,0x090240,0x308420,0x7FFFFE,0x60EC3C,0x002004,0x041720,0x186320,0x30C310,0x62C318,0xE2030C,0xC60307,0x07FF03,0x03FE00},
  {0x10E030,0x386170,0x1E6610,0x23EFFF,0x206C1E,0x606002,0x7FE7FC,0x3FC60C,0x00060C,0x10E7FC,0x38660C,0x1E660C,0x23E7FC,0x20660C,0x60660C,0x7FE7CC,0x3FC30C,0x000800,0x0833A0,0x326190,0x62618C,0xC60187,0xC7FF83,0x03FF00},
  {0x0E7070,0x663030,0xFFFFB0,0x063030,0x063074,0x01C0B4,0x60C1B4,0xFFFFB6,0x000CB6,0x000C33,0x000C33,0x3FFC30,0x3FF830,0x000030,0x1DDC30,0x0CCC30,0x0CCC30,0x0CCC30,0x0CCC30,0x4CCC30,0x4CC630,0xCCC630,0xFC0330,0x7800F0},
  {0x01C070,0x30C030,0x7FFFB0,0x00C030,0x0CC470,0x1FFCB4,0x0C0DB4,0x0C0DB4,0x0FFC36,0x0C0C36,0x0C0C33,0x0FFC33,0x0C0C30,0x0C0C30,0x0FFC30,0x0C0C30,0x600030,0xFFFFF0,0x000830,0x023830,0x0C1C30,0x380E30,0x700330,0x6000F0},
  {0x0C0870,0x1FF830,0x0C1830,0x0C1870,0x0FF8B0,0x0C19B4,0x0C19B4,0x0FF834,0x600136,0xFFFF37,0x633333,0x633330,0x7FFF30,0x600330,0x0C0030,0x1FFE30,0x060830,0x031030,0x01A030,0x00C030,0x076030,0xFE3030,0x780C30,0x6003B0},
  {0x180870,0x3FF830,0x199830,0x599830,0xFFFF30,0x199874,0x1998B4,0x1FF9B4,0x3005B6,0x7FFC36,0x300C33,0x300C33,0x3FFC30,0x300C30,0x300C30,0x3FFC30,0x300C30,0x300C30,0x3FFC30,0x001030,0x0C7030,0x303830,0xE00C30,0xC003B0},
  {0x038770,0x019B30,0x01BFFF,0x318330,0x7FFB34,0x318FFC,0x318CCC,0x318CCC,0x318FFC,0x3180C0,0x30DFFE,0x18C0C0,0x184FFC,0x1F60C0,0x0E3FFF,0x06103E,0x001802,0x0C6710,0x30C310,0x62C308,0xE2030E,0xC60307,0x07FF03,0x03FE00},
  {0x01C070,0x60C030,0xFFFFB0,0x00C030,0x30C230,0x7FFE74,0x3366B4,0x3367B4,0x3366B6,0x3FFE33,0x00C033,0x60C030,0xFFFFB0,0x006030,0x08B030,0x389830,0x1D1C30,0x051B30,0x0218F0,0x069830,0x0C7830,0xF81F30,0x700E30,0x600230},
  {0x017000,0x063000,0x0C3000,0x0C3000,0x303008,0x7FFFF8,0x003018,0x003018,0x046018,0x1C6618,0x0C6FF8,0x0C6618,0x06C618,0x06C618,0x03C618,0x018618,0x038618,0x02C7D8,0x46638C,0x4C318C,0x5C1804,0xF80606,0xF001C2,0x600001},
  {0x00E600,0x026F80,0x0C61E0,0x1860DE,0x1860C0,0x0060C0,0x6060C0,0xFFFFFF,0x0060C0,0x08C0C0,0x38C0C0,0x18CCC0,0x18C3E0,0x0D80FF,0x0D80CE,0x0780C2,0x0300C0,0x0380C0,0x46C0C0,0x4E60C0,0x5C18C0,0xF807C0,0xF000FC,0x600070},
  {0x017000,0x063000,0x0C3000,0x0C3000,0x603000,0xFFFFFF,0x003000,0x003000,0x086738,0x386318,0x186318,0x186B18,0x0CDFFF,0x0CC318,0x06C318,0x078318,0x038318,0x438318,0x46C308,0x4E630C,0x5C3004,0xF80C02,0xF00381,0x600000},
  {0x0B8410,0x319C61,0x618CC6,0x6186CC,0x01990A,0x61BFFE,0xF998C6,0x0798C6,0x11F8C6,0x719FFE,0x3318C6,0x3318C6,0x1B18C6,0x1B1FFE,0x0B18C6,0x0E00C0,0x4618C0,0x4F3FFF,0x4D00C0,0x5980C0,0x58C0C0,0xF060C0,0xF018C0,0x6006C0},
  {0x000000,0x600000,0xFFFFFF,0x000000,0x000000,0x0C0010,0x1FFFF0,0x0C0030,0x0C0030,0x0C0030,0x0C0030,0x0FFFF0,0x0C0030,0x0C0030,0x000030,0x000030,0x000018,0x000018,0x000018,0x000008,0x00000C,0x000004,0x000002,0x000001},
  {0x600000,0xFFFFFF,0x000000,0x180010,0x3FFFF0,0x180030,0x180030,0x180030,0x1FFFF0,0x180030,0x007030,0x003030,0x303030,0x7FFFF0,0x005818,0x009818,0x008C18,0x010C08,0x03060C,0x060304,0x1C0182,0xF800C1,0x700030,0x40000C},
  {0x600000,0xFFFFFF,0x000000,0x180010,0x3FFFF0,0x180030,0x180030,0x180030,0x1FFFF0,0x180030,0x007030,0x603030,0xFFFFF0,0x001830,0x0C1830,0x1FF818,0x0C1818,0x0C0C18,0x0C0C08,0x06060C,0x060304,0x07E182,0x0380C1,0x018030},
  {0x180000,0x3C0600,0x071FFF,0x00F000,0x003000,0x003304,0x6037FC,0xFFF30C,0x06330C,0x06330C,0x06330C,0x0633FC,0x06330C,0x06330C,0x06300C,0x06180C,0x06180C,0x06180C,0x06080C,0x060C0C,0x060404,0x060206,0x060102,0x060001},
  {0x600000,0xFFFFFF,0x000000,0x180008,0x3FFFF8,0x180018,0x180018,0x180018,0x1FFFF8,0x180018,0x01DC18,0x30CC18,0x7FCFF8,0x00CC18,0x18CC18,0x3FCFCC,0x00CC0C,0x00CC0C,0x60C7F4,0xFFC666,0x00C322,0x00C181,0x00C0C0,0x00C030},
  {0x030000,0x07C000,0x00FC00,0x001FF0,0x001800,0x001800,0x001800,0x181800,0x3FFFFC,0x001800,0x001800,0x001800,0x601800,0xFFFFFF,0x001800,0x001800,0x001800,0x001800,0x001800,0x001800,0x001800,0x001800,0x001F00,0x000C00},
  {0x007000,0x003000,0x003000,0x003000,0x603000,0xFFFFFF,0x023000,0x0E3000,0x073000,0x03B000,0x01B000,0x00F000,0x007000,0x003800,0x003C00,0x003600,0x003380,0x0030E0,0x003038,0x003007,0x003000,0x003000,0x003E00,0x001800},
  {0x000070,0x600030,0xFFFE30,0x030030,0x030330,0x0307FF,0x030030,0x030030,0x030030,0x030230,0x0301B0,0x030078,0x03003F,0x030036,0x030032,0x030030,0x030030,0x030030,0x030030,0x030030,0x030030,0x030030,0x03E03E,0x018018},
  {0x008070,0x038030,0x018030,0x018030,0x018330,0x0187FF,0x018030,0x00C030,0x00C030,0x00C030,0x00C230,0x0041B0,0x016078,0x02603F,0x042036,0x0C2032,0x083030,0x181030,0x301030,0x3F0830,0x61FFB0,0x601F30,0x60013E,0x000018},
  {0x030070,0x07FF30,0x031830,0x031830,0x0319B0,0x031BFF,0x019830,0x319830,0x7FB830,0x31AD30,0x302CF0,0x184C38,0x184C3F,0x0C4C36,0x0CC432,0x068630,0x078630,0x030230,0x038230,0x06C130,0x1C6130,0xF830B0,0x700C7E,0x600318},
  {0x030000,0x07FFF0,0x038000,0x00C800,0x002800,0x211800,0xE118C0,0x7119FF,0x1958C0,0x07FFC0,0x021860,0x021860,0x049820,0x05FFB0,0x0C1810,0x081818,0x191808,0xF3FFC4,0x701802,0x601801,0x001800,0x001800,0x001F00,0x000C00},
  {0x038070,0x018030,0x018030,0x018030,0x6181B0,0xFFFFFF,0x018030,0x018030,0x018030,0x198030,0x3FFE30,0x1810F0,0x18103F,0x0C2036,0x0C2032,0x064030,0x06C030,0x038030,0x038030,0x06C030,0x1C6030,0xF83030,0x700C3E,0x600318},
  {0x006070,0x00F230,0x609E30,0xFF8630,0x6186B0,0x6187FF,0x618630,0x618630,0x618630,0x618630,0x6186B0,0x618678,0x61863F,0x618636,0x61C632,0x61A630,0x619E30,0x7D87B0,0x318330,0x018130,0x018030,0x018030,0x01803E,0x018018},
  {0x030870,0x07F830,0x031830,0x031830,0x0319B0,0x231BFF,0x231830,0x631830,0x7F0830,0x3E0C30,0x0005B0,0x0C0278,0x1FFE3F,0x0C1036,0x061032,0x062030,0x032030,0x01C030,0x00C030,0x036030,0x0E3030,0xFC1830,0x70063E,0x400198},
  {0x0C0070,0x1E0030,0x038830,0x007830,0x0019B0,0x001BFF,0x601830,0xFFF830,0x061830,0x061B30,0x0618F0,0x061838,0x06183F,0x061836,0x061832,0x060C30,0x060C30,0x060430,0x060630,0x060230,0x060130,0x0600B0,0x06007E,0x060018},
  {0x00E070,0x006030,0x006030,0x006030,0x6061B0,0xFFFFFF,0x006030,0x006030,0x0C6030,0x1FE130,0x0C30B0,0x063078,0x06303F,0x035836,0x034832,0x018C30,0x018430,0x02C230,0x046130,0x0C30B0,0x381870,0xF00C30,0x60033E,0x4000D8},
  {0x001070,0x007030,0x003030,0x303030,0x7FF9B0,0x301BFF,0x301830,0x318C30,0x33FC30,0x318630,0x3182B0,0x318178,0x3184BF,0x19FC36,0x198C32,0x1F0C30,0x0E0C30,0x460C30,0x400C30,0x400C30,0x400C30,0xC00C30,0xFFFC3E,0x7FF818},
  {0x000070,0x600230,0xFFFE30,0x618630,0x6186B0,0x6187FF,0x618630,0x618630,0x7FFE30,0x618630,0x6187B0,0x618678,0x61863F,0x618636,0x7FFE32,0x618630,0x618630,0x018030,0x018030,0x018030,0x018030,0x018030,0x01803E,0x018018},
  {0x004070,0x01C030,0x00C030,0x004030,0x3025B0,0x7FFFFF,0x300C30,0x300C30,0x300C30,0x300C30,0x300DB0,0x300C78,0x3FFC3F,0x300C36,0x300C32,0x300C30,0x300C30,0x300C30,0x300C30,0x300C30,0x300C30,0x3FFC30,0x300C3E,0x300C18},
  {0x0E0438,0x061C18,0x060C18,0x060C18,0x6604D8,0xFFE6FF,0x661258,0x667298,0x663198,0x663118,0x661B18,0x661B78,0x66081F,0x660C1E,0x63141A,0x632418,0x636218,0x317A18,0x31A7D8,0x308398,0x30C098,0x1F4018,0x1C201F,0x0C180C},
  {0x038070,0x018030,0x719C30,0x318C30,0x318DB0,0x318FFF,0x318C30,0x318C30,0x318C30,0x3FFC30,0x318DB0,0x018078,0x01803F,0xE18E36,0x618632,0x618630,0x618630,0x618630,0x618630,0x618630,0x618630,0x7FFE30,0x60063E,0x600618},
  {0x000070,0x600030,0xFFFE30,0x60C030,0x60C1B0,0x60C3FF,0x606030,0x306030,0x303030,0x1F3130,0x1C18F0,0x0C0C38,0x00063F,0x1809B6,0x3FF832,0x181830,0x181830,0x181830,0x181830,0x181830,0x181830,0x1FF830,0x18183E,0x181818},
  {0x000238,0x188E18,0x3F8618,0x198618,0x1986D8,0x19B7FF,0x19BE18,0x19B618,0x19B318,0x19B318,0x19B358,0x19B138,0x199B9F,0x599A9E,0x599A9A,0x588C58,0xD8CC38,0xF84C18,0x703618,0x001218,0x006318,0x03C118,0xFF009F,0x7C006C},
  {0x023820,0x0E18C0,0x071980,0x189980,0x3FFFFC,0x002C00,0x604600,0xFFFFFF,0x008300,0x010180,0x0660C0,0x0CF860,0xF81FB0,0x70180C,0x661803,0x0FFFF0,0x001800,0x301800,0x7FFFFE,0x001800,0x001800,0x001800,0x001F00,0x000C00},
  {0x222070,0xEEE030,0x666030,0x333030,0x0889B0,0x0447FF,0x199830,0x333030,0x666030,0x666030,0x004330,0x01C0F8,0x30C03F,0x7FE036,0x306032,0x183030,0x18D830,0x0D8C30,0x070330,0x030030,0x018030,0x00E030,0x00383E,0x000718},
  {0x00C070,0x00C030,0x016030,0x016030,0x0231B0,0x0233FF,0x041830,0x0C0830,0x3B0430,0xF7FA30,0x6001B0,0x4000F8,0x00003F,0x0C0436,0x1FFC32,0x0C0C30,0x0C0C30,0x0C0C30,0x0C0C30,0x0C0C30,0x0C0C30,0x0FFC30,0x0C0C3E,0x0C0C18},
  {0x01C070,0x00C030,0x00C030,0x18C030,0x3FFEB0,0x00C1FF,0x00C030,0x60C030,0xFFFF30,0x000030,0x0E01B0,0x660078,0xFFFF3F,0x060036,0x060432,0x061830,0x063030,0x063030,0x060030,0x060030,0x060030,0x060030,0x07C03E,0x030018},
  {0x003870,0x181830,0x3C1830,0x071830,0x00F9B0,0x401BFF,0x401830,0xC01830,0xFFF830,0x7FF030,0x0003B0,0x000078,0x18083F,0x3FF836,0x181832,0x181830,0x181830,0x1FF830,0x181830,0x181830,0x181830,0x181830,0x1FF83E,0x181818},
  {0x03B870,0x019830,0x019830,0x0198B0,0x119930,0x7199FF,0x399B30,0x0D9B30,0x039B30,0x019830,0x0198B0,0x039C78,0x0D9A3F,0x399BF6,0x7199B2,0x6198B0,0x019830,0x019830,0x418C30,0x418C30,0x418C30,0xC18630,0xFF833E,0x7F00D8},
  {0x01C070,0x00C030,0x00C030,0x30C030,0x7FFEB0,0x00C1FF,0x08C230,0x38C430,0x18CC30,0x0CD830,0x04D9B0,0x62C078,0xFFFFBF,0x00C036,0x016032,0x016030,0x026030,0x023030,0x063030,0x0C1830,0x180C30,0xF80630,0x70033E,0x6000D8},
  {0x002070,0x00E030,0x026030,0x0C2030,0x1811B0,0x3FFFFF,0x303E30,0x300430,0x003830,0x181830,0x3FF9B0,0x00DC78,0x00CC3F,0x60C236,0xFFFFB2,0x016030,0x016030,0x026030,0x023030,0x043030,0x1C1830,0xF80C30,0x70063E,0x600198},
  {0x300270,0x7FFE30,0x000630,0x000630,0x180630,0x3FF7FF,0x000630,0x000630,0x600630,0xFFFE30,0x0267B0,0x226678,0xE2663F,0x726636,0x146632,0x0C6630,0x046630,0x0C6330,0x086330,0x1B6130,0x30F0B0,0xF03E70,0x600C3E,0x400418},
  {0x001070,0x007030,0x063030,0x0FF030,0x0319B0,0x010BFF,0x308430,0x7FFE30,0x318D30,0x318C30,0x318DB0,0x318C78,0x3FFC3F,0x330C36,0x031032,0x037030,0x033030,0x033030,0x031830,0x431830,0x430C30,0xC30630,0xFF033E,0x7E00D8},
  {0x300470,0x7FFC30,0x300C30,0x300C30,0x300DB0,0x300FFF,0x300C30,0x300C30,0x3FFC30,0x318C30,0x0181B0,0x018478,0x019C3F,0x318C36,0x7F8C32,0x018C30,0x018C30,0x018C30,0x019630,0x01A630,0x01C230,0x038230,0xFF013E,0x7C00D8},
  {0x0B8070,0x318030,0x318030,0x418030,0xFFFEB0,0x0181FF,0x318430,0x7FFC30,0x318C30,0x318C30,0x318DB0,0x3FFC78,0x318C3F,0x318C36,0x318C32,0x3FFC30,0x318C30,0x318C30,0x318C30,0x318C30,0x318C30,0x318C30,0x3F8C3E,0x180C18},
  {0x00E070,0x006030,0x306030,0x7FFF30,0x0060B0,0x18B1FF,0x3FFF30,0x00B030,0x611830,0xFFFFB0,0x020CB0,0x060C78,0x0CE63F,0xF86236,0x766132,0x6FFEB0,0x006070,0x006030,0x306030,0x7FFFB0,0x006030,0x006030,0x00603E,0x006018},
  {0x00C070,0x00C030,0x016030,0x016030,0x0231B0,0x0633FF,0x0DD830,0xF8CC30,0x74C630,0x6FF9B0,0x00C0B0,0x00C078,0x30C03F,0x7FFF36,0x000032,0x000030,0x0C0430,0x1FFC30,0x0C0C30,0x0C0C30,0x0C0C30,0x0C0C30,0x0FFC3E,0x0C0C18},
  {0x300470,0x7FFC30,0x300C30,0x300C30,0x300DB0,0x3FFFFF,0x300C30,0x070C30,0x030C30,0x630E30,0xFFFDB0,0x030C78,0x030C3F,0x030C36,0x030632,0x331630,0x7FF630,0x303230,0x303330,0x303130,0x3030B0,0x303070,0x3FF03E,0x303018},
  {0x00C070,0x00C030,0x016030,0x016030,0x0231B0,0x0633FF,0x0D1830,0x1BE830,0xF80430,0x760230,0x6FFDB0,0x060078,0x03003F,0x018036,0x018032,0x083830,0x105A30,0x209A30,0x619A30,0xC59B30,0xC419B0,0x0C19B0,0x0FF83E,0x07F018},
  {0x180070,0x3FF830,0x180030,0x180030,0x1FF9B0,0x1803FF,0x180030,0x1FF830,0x180330,0x6002B0,0xFFFE70,0x218338,0x31873F,0x7FFC36,0x318C32,0x318C30,0x318C30,0x318C30,0x318C30,0x3F8C30,0x198C30,0x018030,0x01803E,0x018018},
  {0x300270,0x7FFE30,0x300630,0x300630,0x3006B0,0x3FFFFF,0x300630,0x070630,0x030630,0x737630,0x333730,0x3336F0,0x33363F,0x333636,0x3FF632,0x333630,0x030330,0xE33B30,0x631930,0x6319B0,0x6318B0,0x631870,0x7FF83E,0x601818},
  {0x1C3870,0x0C1830,0x0C5830,0x0CFF30,0x0C18B0,0x0C19FF,0x0C1830,0x0C9830,0x0DFFB0,0x3C0030,0x6C3930,0xCC18F8,0xCC183F,0x0C9836,0x0DFFB2,0x0C1830,0x0C1830,0x0C1830,0x0C1830,0x0D9830,0x0C7FB0,0x0C0F30,0x0C013E,0x0C0018},
  {0x038070,0x018030,0x618030,0xFFFE30,0x0001B0,0x0003FF,0x180830,0x3FF830,0x181830,0x181830,0x1819B0,0x181878,0x1FF83F,0x199836,0x018432,0x099C30,0x118C30,0x318C30,0x618630,0x618230,0x618130,0x0180B0,0x01F03E,0x00C018},
  {0x000470,0x600430,0xFFFC30,0x631630,0x2376B0,0x1333FF,0x033330,0x7F1830,0x7E0C30,0x0003B0,0x01C070,0x00C038,0x60C03F,0xFFFFB6,0x01F032,0x02F030,0x02D830,0x04D830,0x0CCC30,0xF8C630,0x70C330,0x60C0F0,0x00C03E,0x00C018},
  {0x01C070,0x00C030,0x30C030,0x7FFE30,0x0409B0,0x1C13FF,0x0E3030,0x023030,0x610030,0xFFFE30,0x0021B0,0x00E078,0x60603F,0xFFFF36,0x0C3032,0x0C3030,0x061830,0x066C30,0x038C30,0x038030,0x0CC030,0x386030,0x70183E,0x600798},
  {0x600270,0xFFFE30,0x600630,0x640630,0x6FF6B0,0x6187FF,0x618630,0x618630,0x618630,0x658630,0x6FF7B0,0x618678,0x63863F,0x658636,0x6D8632,0x6D8630,0x618630,0x618630,0x658630,0x6FF630,0x600630,0x600630,0x7FFE3E,0x600618},
  {0x180070,0x3FFE30,0x181030,0x0C2030,0x0621B0,0x0343FF,0x018030,0x0EE030,0xFC3030,0x71CD30,0x40C3B0,0x18C478,0x3FFC3F,0x18CC36,0x18CC32,0x18CC30,0x1FFC30,0x18CC30,0x04C030,0x08C030,0x10C030,0x3FFFB0,0x703F3E,0x600118},
  {0x180070,0x3FFE30,0x0C2030,0x06C030,0x6181B0,0xFFFFFF,0x61C030,0x31E030,0x09B030,0x0599B0,0x018C70,0x01E338,0x00C03F,0x60C036,0xFFFFB2,0x02F030,0x02F030,0x04D830,0x0CCC30,0xF8C630,0x70C330,0x60C0F0,0x00C03E,0x00C018},
  {0x0E7070,0x063030,0x063030,0x663030,0xFFFF30,0x0631FF,0x063030,0x063030,0x000030,0x300230,0x7FFFB0,0x30C678,0x30C63F,0x30C636,0x30C632,0x3FFE30,0x30C630,0x30C630,0x30C630,0x30C630,0x30C630,0x3FFE30,0x30063E,0x300618},
  {0x180870,0x3FF830,0x181830,0x181830,0x1FF9B0,0x181BFF,0x181830,0x181830,0x1FF830,0x181930,0x6000F0,0xFFFF38,0x01803F,0x018436,0x019C32,0x318C30,0x7F8C30,0x018C30,0x019630,0x01A630,0x01C330,0x038130,0xFF00BE,0x7C0058},
  {0x0C0870,0x1FF830,0x0C1830,0x0C1830,0x0FF9B0,0x0C1BFF,0x0C1830,0x0C1830,0x0FF830,0x0C1930,0x6000F0,0xFFFF38,0x00303F,0x301836,0x7FF832,0x336C30,0x336630,0x31B1B0,0x319830,0x18CC30,0x186330,0x1FB030,0x0E0C3E,0x060018},
  {0x001070,0x007030,0x063030,0x0FF830,0x0318B0,0x310DFF,0x7FFE30,0x336730,0x3366B0,0x336630,0x3367B0,0x3F3678,0x3E163F,0x31CE36,0x30C632,0x30C630,0xFFFFB0,0x016030,0x023030,0x063030,0x0C1830,0xF80C30,0x70063E,0x400198},
  {0x300270,0x7FFE30,0x300630,0x300630,0x3006B0,0x3FFFFF,0x000630,0x300630,0x7FFE30,0x018730,0x0486F0,0x184638,0x3FFE3F,0x60F636,0x601632,0x038330,0x018330,0x198330,0x3FF930,0x0181B0,0x0180B0,0x618070,0xFFFE3E,0x000018},
  {0x000870,0x600830,0xFFFC30,0x600630,0x2386B0,0x6181FF,0xFFFE30,0x018030,0x318430,0x7FFC30,0x318D30,0x318CF8,0x3FFC3F,0x318C36,0x318C32,0x3FFC30,0x318C30,0x618030,0xFFFF30,0x018030,0x018030,0x018030,0x01803E,0x018018},
  {0x180070,0x3E0030,0x17C030,0x707E30,0x3845B0,0x198BFF,0x0D9830,0x041830,0x320030,0x7FFE30,0x00C1B0,0x00C078,0x60C03F,0xFFFF36,0x00C032,0x00C030,0x38CE30,0x18C630,0x18C630,0x18C630,0x18C630,0x1FFE30,0x18063E,0x180618},
  {0x180870,0x3FF830,0x181830,0x181830,0x1819B0,0x1FFBFF,0x181830,0x300430,0x7FFC30,0x300C30,0x300DB0,0x3FFC78,0x300C3F,0x300C36,0x3FFC32,0x300C30,0x300C30,0x3FFC30,0x001030,0x047030,0x183830,0x701C30,0xE0063E,0xC00198},
  {0x010870,0x073830,0x331830,0x7FFC30,0x018DB0,0x198FFF,0x3FFE30,0x018D30,0x198CB0,0x3FFC30,0x018D30,0x618CF0,0xFFFC3F,0x00003E,0x0FFFB2,0x063030,0x663030,0xFF3030,0x631830,0x601830,0x300C30,0x3F0630,0x1C033E,0x0C00D8},
  {0x038070,0x018030,0x618030,0xFFFF30,0x0410B0,0x1C21FF,0x0E6030,0x626230,0xFFFE30,0x600630,0x6386B0,0x658678,0x6FF63F,0x618636,0x65A632,0x6FE630,0x666630,0x666630,0x666630,0x67E630,0x666630,0x606630,0x7C063E,0x300618},
  {0x0C41C0,0x5FCCC0,0x4CDFFF,0xFCC0C0,0x786FFC,0x001CCC,0x3FEFFC,0x184CCC,0x0D8FFC,0x0708C0,0xFD9FFF,0x7070C0,0x4300C0,0x07F000,0x003FF0,0x181800,0x3FFFFC,0x001800,0x601800,0xFFFFFF,0x001800,0x001800,0x001F00,0x000C00},
  {0x000870,0x003830,0x001830,0x000C30,0x3005B0,0x7FFFFF,0x1B6E30,0x1B6D30,0x1B6CB0,0x5B6C30,0xFFFFB0,0x1B6C78,0x1B6C3F,0x1B6C36,0x1B6C32,0x5B6C30,0xFFFFB0,0x000030,0x112430,0x222230,0x622230,0xC63330,0xC631BE,0xC63198},
  {0x038070,0x018230,0x618230,0xFFFF30,0x600B30,0x1199FF,0x7FFC30,0x62CC30,0x32D630,0x147330,0x0C65B0,0x1A3C78,0xF7D83F,0x600C36,0x500332,0x3FFCF0,0x018030,0x098430,0x119C30,0x318C30,0x618630,0x618330,0x01F0FE,0x00C018},
  {0x003800,0x001800,0x001800,0x001800,0x601800,0xFFFFFF,0x001800,0x001800,0x001800,0x061800,0x0FFFF8,0x060100,0x030100,0x030200,0x018200,0x00C400,0x006C00,0x003800,0x007800,0x00CE00,0x078300,0xFE00C0,0x780038,0x600007},
  {0x002000,0x00E000,0x006180,0x0063FF,0x603180,0xFFF180,0x0C1180,0x0C3982,0x0C29FE,0x0C2586,0x062386,0x064006,0x064006,0x034006,0x038006,0x018206,0x018206,0x02C606,0x06C606,0x0C67FE,0x1C33FC,0xF81800,0x700C00,0x600300},
  {0x001000,0x007000,0x003000,0x003180,0x601BFF,0xFFF830,0x0C0830,0x0C1C30,0x0C1430,0x0C1230,0x062130,0x062030,0x062030,0x034330,0x0340F0,0x01803F,0x01800E,0x03C002,0x066000,0x0C3000,0x1C1800,0xF80C00,0x700300,0x6000C0},
  {0x0040E0,0x01C060,0x00C060,0x00CC60,0x60DFFF,0xFFC060,0x186060,0x186060,0x182660,0x0C57E0,0x0C5630,0x0C4E30,0x068630,0x068630,0x028630,0x030330,0x018318,0x028318,0x06C318,0x0C4388,0x1C218C,0xF811F4,0x7008E2,0x600661},
  {0x004304,0x01C7FC,0x00C30C,0x00C30C,0x60630C,0xFFE30C,0x0C23FC,0x0C330C,0x0C530C,0x0C4B0C,0x06470C,0x0643FC,0x06830C,0x02830C,0x03830C,0x01030C,0x0383FC,0x028008,0x04C0B8,0x0C4118,0x18230C,0xF81304,0x700802,0x600601},
  {0x0084E0,0x039C60,0x018C60,0x018FFE,0x018660,0x60C660,0xFFC360,0x0C6FFF,0x0C2180,0x0C56C0,0x0C4FFE,0x064660,0x068330,0x06814C,0x0380C3,0x030CC0,0x0303E0,0x0580FF,0x0580CE,0x0CC0C2,0x1860C0,0xF830C0,0x7018F8,0x600660},
  {0x008000,0x038C00,0x019FFE,0x0180C0,0x6180C0,0xFFD8C0,0x18FFFF,0x18C618,0x184618,0x0C6618,0x0CA7F8,0x0C9618,0x068618,0x068618,0x0307F8,0x030618,0x070618,0x058618,0x0C87D8,0x18C67F,0x38461E,0xF02602,0x601600,0x400E00},
  {0x008770,0x038330,0x018B30,0x019FFE,0x018330,0x60C330,0xFFD330,0x187FFF,0x186000,0x18A604,0x189FFC,0x0C860C,0x0C860C,0x0D07FC,0x07060C,0x06060C,0x0207FC,0x07060C,0x05060C,0x0D860C,0x18860C,0xF8460C,0x7027CC,0x601B0C},
  {0x008770,0x038330,0x019B30,0x01BFFF,0x618330,0xFF8330,0x18C008,0x18CC18,0x185FF8,0x186C18,0x0CAC0C,0x0C9CCC,0x0C8DFE,0x068CDA,0x068CD9,0x070CD8,0x030CF8,0x0706D8,0x058618,0x0D8600,0x18C300,0xF863F0,0x7031C0,0x600CC0},
  {0x0085C2,0x039CCC,0x018ED8,0x0182D8,0x618DC0,0xFFDFFF,0x18C0F0,0x1843F0,0x186ED8,0x18ACCC,0x0C90C3,0x0C8860,0x0D1860,0x053FFF,0x070630,0x020630,0x070318,0x05036C,0x0D818C,0x188780,0x384CC0,0xF02C60,0x601018,0x400C07},
  {0x0081C0,0x0398C0,0x01BFFF,0x6180C0,0xFFCCC4,0x0C5FFC,0x0CACCC,0x069CCC,0x070FFC,0x030CEC,0x0D83F0,0xF8CED8,0x703CCC,0x4008C3,0x180000,0x3FFFFC,0x001800,0x0C18E0,0x1FF860,0x001860,0x001860,0x601860,0xFFFFFF,0x000000},
  {0x0101C0,0x0700C0,0x0318C0,0x033FFF,0x030108,0x618710,0xFF8330,0x189932,0x18DFFE,0x185806,0x18B9C6,0x0C98C6,0x0D1BF6,0x0D18C6,0x0D18C6,0x061BF6,0x061B36,0x061B36,0x0B1BF6,0x091B36,0x199836,0xF09806,0x705F06,0x602C06},
  {0x010DC0,0x0718C0,0x0318C0,0x037FFF,0x6180C0,0xFF8FFC,0x188CCC,0x18CCCC,0x184FFC,0x18ACCC,0x0C9CCC,0x0D0FFC,0x0D00E0,0x071860,0x063FFF,0x030060,0x050630,0x058FF0,0x088630,0x18C618,0x304308,0xF02304,0x6011F2,0x400CC1},
  {0x003800,0x001800,0x001800,0x001800,0x601800,0xFFFFFF,0x030080,0x030080,0x018100,0x018100,0x018100,0x00C200,0x00C200,0x006400,0x006C00,0x003800,0x003800,0x006C00,0x00C600,0x018300,0x070180,0xFE0060,0x780018,0x600007},
  {0x3800E0,0x182261,0x18CE66,0x19866C,0x19836C,0x1800EC,0x181060,0x186660,0x18CFFF,0x18C070,0x1800F0,0x580370,0xF80678,0x1C0668,0x1B8068,0x18706C,0x180E64,0x180062,0x180061,0x180060,0x180060,0x180060,0x180060,0x180060},
  {0x3800C0,0x1840C0,0x198160,0x1B0660,0x1B0C30,0x181810,0x181B08,0x1827F8,0x18C0C4,0x1980C2,0x198CC1,0x581FFE,0xF800C0,0x1E00C4,0x1982DC,0x1864CC,0x180CCC,0x1818C4,0x1818C6,0x1818C2,0x1800C1,0x1800C0,0x1800F8,0x180060},
  {0x000100,0x018700,0x0E4380,0x39C0C0,0x70E260,0x607418,0x003806,0x006C00,0x038300,0xFE00C0,0x79C038,0x43F827,0x000FE0,0x000060,0x300060,0x7FFFE0,0x003060,0x003030,0x003030,0x003018,0x003008,0x003004,0x003003,0x003000},
  {0x3000E0,0x780060,0x1E4660,0x03CFFF,0x00C060,0x00C060,0x00C662,0x60CFFE,0xFFC666,0x18C666,0x18C7FE,0x18C666,0x18C666,0x18C666,0x18C7FE,0x18C666,0x186060,0x186660,0x182FFF,0x183060,0x181060,0x180860,0x180460,0x180060},
  {0x180380,0x3E258E,0x03FD96,0x006D96,0x0065B6,0x0063B6,0x606186,0xFFED86,0x0C7FFE,0x0C61C6,0x0C63C6,0x0C65E6,0x0C6DA6,0x0C6DA6,0x0C61B6,0x0C6196,0x0C618E,0x0C6186,0x0C6186,0x0C6006,0x0C2C06,0x0C3FFE,0x0C1006,0x0C0806},
  {0x1801C0,0x3C00C0,0x064CC0,0x01DFFE,0x00C208,0x00CE10,0x60C730,0xFFD930,0x18FFFF,0x18C1C0,0x18C0C0,0x18D8C0,0x18FFFF,0x18C0F0,0x18C1F0,0x1866D8,0x186CD8,0x186CCC,0x1820C6,0x1830C1,0x1810C0,0x1808C0,0x1804C0,0x1800C0},
  {0x003800,0x001800,0x001800,0x601800,0xFFFFFF,0x000600,0x000600,0x000600,0x060600,0x0FFE00,0x060600,0x060600,0x060600,0x060600,0x060300,0x060300,0x060300,0x030180,0x030180,0x0300C0,0x018060,0x01F830,0x00E00C,0x006003},
  {0x004070,0x01C030,0x00C030,0x606330,0xFFE7FF,0x003018,0x071818,0x030D98,0x3373F8,0x7B3198,0x373198,0x33B198,0x337198,0x333198,0x333D98,0x3F3198,0x1B3198,0x033188,0x03318C,0x4330CC,0x4030C4,0xC030FE,0xFFF072,0x7FE031},
  {0x0020E0,0x00E060,0x006060,0x603360,0xFFF7FF,0x021830,0x0E0830,0x070430,0x018330,0x10C7F0,0x706330,0x38F330,0x0CEF30,0x036330,0x016330,0x016318,0x026318,0x026318,0x046308,0x0C618C,0x186184,0xF861FE,0x7060E2,0x606061},
  {0x000000,0x0C0010,0x1FFFF0,0x0C0030,0x0C0030,0x0C0030,0x0C0030,0x0C0030,0x0C0030,0x0C0030,0x0FFFF0,0x0C0030,0x0C0030,0x0C0030,0x0C0030,0x0C0030,0x0C0030,0x0C0030,0x0C0030,0x0C0030,0x0FFFF0,0x0C0030,0x0C0030,0x000000},
  {0x060020,0x0FFFE0,0x060060,0x060060,0x060060,0x07FFE0,0x060060,0x060060,0x060060,0x060060,0x07FFE0,0x061860,0x001800,0x001800,0x601800,0xFFFFFF,0x001800,0x001800,0x001800,0x001800,0x001800,0x001800,0x001800,0x001800},
  {0x302000,0x7FE302,0x3067FE,0x306306,0x306306,0x306306,0x3FE306,0x3063FE,0x306306,0x306306,0x306306,0x306306,0x3FE306,0x3063FE,0x306306,0x306306,0x306006,0x303000,0x303000,0x301800,0x301800,0x300C00,0x3E0600,0x180180},
  {0x01C700,0x00C300,0x00C300,0x18C300,0x3FFFFC,0x00C300,0x00C300,0x00C300,0x60C300,0xFFFFFF,0x000000,0x000000,0x030040,0x07FFC0,0x0300C0,0x0300C0,0x0300C0,0x03FFC0,0x0300C0,0x0300C0,0x0300C0,0x03FFC0,0x0300C0,0x0300C0},
  {0x01C000,0x00C000,0x00C000,0x00C061,0x18C2FF,0x3FFE63,0x18C663,0x18C663,0x18C663,0x18C67F,0x18C663,0x58C663,0xFFFFE3,0x00C063,0x016063,0x01607F,0x016063,0x023003,0x063000,0x0C1800,0x1C0C00,0xF80600,0x700300,0x6000C0},
  {0x060040,0x0FFFC0,0x0600C0,0x0600C0,0x0600C0,0x07FFC0,0x0640C0,0x0080C0,0x018060,0x030060,0x07FFE0,0x1F00F0,0xFB00D0,0x7300C8,0x43FFC4,0x0300C3,0x0300C0,0x0300C0,0x03FFC0,0x0300C0,0x000000,0x600000,0xFFFFFF,0x000000},
  {0x01C000,0x00C000,0x00C0C2,0x18C1FE,0x3FFEC6,0x00C0C6,0x00C0C6,0x60C0C6,0xFFFFC6,0x0000FE,0x0E00C6,0x6600C6,0xFFFFC6,0x0600C6,0x0604C6,0x0618C6,0x0630FE,0x0630C6,0x060006,0x060000,0x060000,0x060000,0x07C000,0x030000},
  {0x008040,0x038180,0x01C300,0x304300,0x7FFFFE,0x08C308,0x38C330,0x18C360,0x0CC360,0x62C300,0xFFFFFF,0x000000,0x030040,0x07FFC0,0x0300C0,0x0300C0,0x0300C0,0x03FFC0,0x0300C0,0x0300C0,0x0300C0,0x0300C0,0x03FFC0,0x0300C0},
  {0x038000,0x018000,0x3180C2,0x7FFFFE,0x0180C6,0x1980C6,0x3FFCC6,0x0180C6,0x6180C6,0xFFFFFE,0x0000C6,0x1808C6,0x3FF8C6,0x1818C6,0x1818C6,0x1FF8FE,0x1818C6,0x1818C6,0x1FF806,0x181800,0x181800,0x181800,0x1E1800,0x0C1800},
  {0x030040,0x07FFC0,0x0300C0,0x0300C0,0x0300C0,0x03FFC0,0x0300C0,0x0300C0,0x0300C0,0x03FFC0,0x0300C0,0x000000,0x602602,0xFFEFFE,0x606606,0x606606,0x606606,0x7FE7FE,0x606606,0x606606,0x606606,0x7FE7FE,0x606606,0x606606},
  {0x1C0000,0x3F80C2,0x10FEFE,0x7044C6,0x3998C6,0x0998C6,0x2400C6,0x7FFEC6,0x0060FE,0x6060C6,0xFFFFC6,0x0060C6,0x0030C6,0x1830C6,0x3FF0C6,0x1818FE,0x0C28C6,0x064C06,0x034606,0x018300,0x0EE180,0xFC3060,0x700E00,0x4001C0},
  {0x038000,0x018000,0x3180C2,0x7FFDFE,0x0408C6,0x1C30C6,0x0C60C6,0x0460C6,0x6200C6,0xFFFEFE,0x0000C6,0x0000C6,0x1808C6,0x3FF8C6,0x1818C6,0x1818C6,0x1818FE,0x1FF8C6,0x181806,0x181800,0x181800,0x181800,0x1FF800,0x181800},
  {0x030040,0x07FFC0,0x0300C0,0x0300C0,0x03FFC0,0x0300C0,0x0300C0,0x03FFC0,0x00C300,0x18C300,0x3FFFFC,0x00C300,0x60C300,0xFFFFFF,0x0101C0,0x023860,0x1D99B0,0xF9998C,0x605A03,0x41D9C0,0x1E187C,0x381818,0x301F08,0x000C00},
  {0x01C700,0x00C300,0x00C300,0x00C300,0x00C300,0x30C304,0x7FFFFC,0x30C30C,0x30C30C,0x30C30C,0x30C30C,0x30C30C,0x30C30C,0x3FFFFC,0x30C30C,0x30C30C,0x30C30C,0x30C30C,0x30C30C,0x30C30C,0x30C30C,0x3FFFFC,0x30000C,0x30000C},
  {0x003800,0x0C1800,0x1FFFF0,0x0C1800,0x6C1800,0xFFFFFF,0x0C1800,0x0C1800,0x0FFFF0,0x0C1800,0x181800,0x3FFFFC,0x001800,0x601800,0xFFFFFF,0x000000,0x07FFE0,0x060060,0x060060,0x07FFE0,0x060060,0x060060,0x07FFE0,0x060060},
  {0x0381C0,0x0180C0,0x198CC0,0x3FFFFC,0x0180C0,0x618CC0,0xFFFFFF,0x02C0C0,0x02C160,0x046260,0x0C6630,0xF83630,0x730858,0x67FFCC,0x0300C3,0x0300C0,0x0300C0,0x03FFC0,0x0300C0,0x0300C0,0x0300C0,0x0300C0,0x03FFC0,0x0300C0},
  {0x030040,0x07FFC0,0x0300C0,0x0300C0,0x03FFC0,0x0300C0,0x0300C0,0x03FFC0,0x600000,0xFFFFFF,0x000318,0x180318,0x3FFFF8,0x182318,0x0C2318,0x0C43F8,0x064318,0x068318,0x030318,0x0783D8,0x1CC33F,0xF8330E,0x700F02,0x400300},
  {0x060040,0x0FFFC0,0x0600C0,0x0600C0,0x0600C0,0x0600C0,0x07FFC0,0x0600C0,0x0600C0,0x0600C0,0x0600C0,0x0600C0,0x07FFC0,0x0600C0,0x0600C0,0x0600C0,0x0600C0,0x060060,0x060060,0x060020,0x060030,0x060010,0x07E008,0x030006},
  {0x000400,0x001C00,0x000C00,0x600600,0xFFFFFF,0x000600,0x000300,0x060300,0x0FFF80,0x060180,0x0601C0,0x0601E0,0x07FFB0,0x060198,0x06018C,0x060183,0x07FF80,0x060180,0x060180,0x060180,0x060180,0x060180,0x07C180,0x030180},
  {0x3041C0,0x7FC0C0,0x30CCC0,0x30DFFF,0x3FC018,0x30C018,0x30C018,0x3FC018,0x30C018,0x3067F8,0x3027F0,0x3E1000,0x180800,0x000400,0x3FFFFC,0x001800,0x001800,0x0C1800,0x1FFFF8,0x001800,0x001800,0x601800,0xFFFFFF,0x000000},
  {0x608E38,0xFF8618,0x619618,0x61BFFF,0x618618,0x618618,0x7F8618,0x6187F8,0x618618,0x618618,0x618618,0x6187F8,0x7F8618,0x618618,0x61B618,0x61FFFF,0x618000,0x618108,0x618238,0x60C618,0x60CC18,0x606C0C,0x7C3006,0x300C01},
  {0x003800,0x001800,0x001800,0x001800,0x601800,0xFFFFFF,0x003E00,0x005E00,0x005B00,0x009B00,0x009B00,0x019980,0x011980,0x0318C0,0x0618C0,0x0E1860,0x1C1830,0xF81818,0x70180C,0x601803,0x001800,0x001800,0x001800,0x001800},
  {0x003800,0x001800,0x001800,0x001800,0x601800,0xFFFFFF,0x001800,0x001800,0x001800,0x301800,0x7FFFFE,0x003E00,0x005B00,0x005B00,0x009980,0x019980,0x0318C0,0x061860,0x1C1830,0xF81818,0x70180C,0x401803,0x001800,0x001800},
  {0x003800,0x001800,0x001800,0x001800,0x601800,0xFFFFFF,0x003E00,0x005E00,0x005B00,0x009B00,0x009980,0x011980,0x0318C0,0x0618C0,0x0C1860,0x1D9830,0xFBFFD8,0x70180C,0x601803,0x001800,0x001800,0x001800,0x001800,0x001800},
  {0x00E0E0,0x006060,0x006060,0x006060,0x006660,0x006FFF,0x006060,0x006070,0x0060F0,0x006170,0x006278,0x006678,0x006C68,0x006C6C,0x006064,0x006064,0x006062,0x406061,0x406060,0x406060,0xC06060,0xC06060,0xFFE060,0x7FC060},
  {0x000070,0x030830,0x07F830,0x031B30,0x031FFF,0x031830,0x031830,0x031838,0x031878,0x0319B8,0x031B38,0x031B3C,0x031834,0x031834,0x031836,0x031832,0x031831,0x431830,0x431830,0x430C30,0xC30C30,0xC30630,0xFF0330,0x7E00F0},
  {0x000070,0x600030,0xFFFE30,0x0061B0,0x0063FF,0x006030,0x003030,0x303038,0x7FF078,0x3019B8,0x301B38,0x30033C,0x300034,0x300034,0x300036,0x300032,0x180031,0x180030,0x180030,0x0C0030,0x0E0030,0x07E030,0x038030,0x018030},
  {0x1C00E0,0x0C0060,0x0C0060,0x6C0660,0xFFFFFF,0x0C0060,0x0C0070,0x0E00F0,0x0E0370,0x0F0678,0x0F0668,0x0D8668,0x0D806C,0x0CC064,0x0C6066,0x0C3062,0x0C1861,0x0C0C60,0x0C0360,0x0C0060,0x0C0060,0x0C0060,0x0F8060,0x060060},
  {0x038070,0x018030,0x018030,0x0181B0,0x6183FF,0xFFFE30,0x018030,0x019078,0x0191B8,0x019338,0x01A338,0x01A03C,0x01A034,0x00C034,0x00C036,0x00C032,0x016031,0x036030,0x023030,0x061830,0x1C0C30,0xF80630,0x700330,0x6000F0},
  {0x003800,0x001800,0x601800,0xFFFFFF,0x001800,0x001800,0x181808,0x3FFFF8,0x181818,0x181818,0x181818,0x181818,0x1FFFF8,0x185E18,0x005B00,0x009B00,0x019980,0x031980,0x0618C0,0x1C1860,0xF81830,0x70180C,0x601803,0x001800},
  {0x003800,0x001800,0x001800,0x301800,0x7FFFFE,0x021800,0x0E1810,0x061860,0x0318C0,0x0118C0,0x609800,0xFFFFFF,0x005E00,0x009B00,0x009B00,0x011980,0x031980,0x0618C0,0x1C1860,0xF81830,0x70180C,0x601803,0x001800,0x001800},
  {0x01C070,0x00C030,0x00C030,0x60C1B0,0xFFFFFF,0x000030,0x000030,0x030878,0x07F9B8,0x031B38,0x031B38,0x03183C,0x031834,0x031834,0x031836,0x031832,0x031831,0x431830,0x431830,0x430C30,0xC30C30,0xC30630,0xFF0330,0x7E00F0},
  {0x000070,0x600030,0xFFFE30,0x0201B0,0x0E03FF,0x070030,0x030030,0x018078,0x0181B8,0x02C338,0x0CE338,0x18F03C,0x30D834,0x60CC34,0xE0C636,0xC0C1B2,0x00C031,0x00C030,0x00C030,0x00C030,0x00C030,0x00C030,0x00C030,0x00C030},
  {0x003800,0x001800,0x601800,0xFFFFFF,0x001800,0x061820,0x0FFFE0,0x061860,0x061860,0x061860,0x07FFE0,0x061860,0x061860,0x061860,0x07FFE0,0x065E60,0x009B00,0x019980,0x0318C0,0x0E1860,0xFC1830,0x70180C,0x401803,0x001800},
  {0x011070,0x017030,0x013030,0x0231B0,0x0233FF,0x061830,0x041830,0x0C0C38,0x182478,0xF8E2B8,0x7061B8,0x60633C,0x006334,0x006034,0x002036,0x003032,0x023031,0x041030,0x081830,0x180830,0x3F8430,0x70FFB0,0x600F30,0x600130},
  {0x000070,0x600430,0xFFFC30,0x000DB0,0x000FFF,0x000C30,0x0C0C30,0x1FFC78,0x0C2CB8,0x0C2DB8,0x062DB8,0x064C3C,0x064C34,0x034C34,0x034636,0x018632,0x018631,0x02C230,0x06C330,0x0C6130,0x1C30B0,0xF81870,0x700C30,0x600330},
  {0x0380E0,0x018060,0x018060,0x618660,0xFFFFFF,0x018060,0x01C070,0x03C0F0,0x03C370,0x05E670,0x05A678,0x0DA668,0x09B068,0x19906C,0x319864,0xF18864,0x618462,0x618261,0x018160,0x018060,0x018060,0x018060,0x018060,0x018060},
  {0x002070,0x00E030,0x006030,0x0061B0,0x6033FF,0xFFF030,0x0C1830,0x0C1878,0x0C15B8,0x062338,0x062338,0x06203C,0x034034,0x034034,0x018036,0x018032,0x02C031,0x024030,0x046030,0x0C2030,0x181030,0xF80830,0x700430,0x600330},
  {0x0C0010,0x1FFFF0,0x0C1830,0x0C1830,0x0C1830,0x0FFFF0,0x0C1830,0x0C1830,0x0C1830,0x0FFFF0,0x0C1830,0x001800,0x601800,0xFFFFFF,0x005E00,0x005B00,0x009B00,0x019980,0x0318C0,0x0E1860,0xFC1830,0x70180C,0x401803,0x001800},
  {0x038070,0x018030,0x018030,0x0181B0,0x6183FF,0xFFFE30,0x018030,0x018038,0x018078,0x1981B8,0x3FFF38,0x18133C,0x0C1034,0x0C2034,0x062036,0x064032,0x034031,0x018030,0x038030,0x06C030,0x0C6030,0xF83030,0x700C30,0x600330},
  {0x00E070,0x006030,0x006030,0x0C61B0,0x1FFFFF,0x0C6030,0x0C6030,0x4C6078,0x4C31B8,0xCC3338,0xFC1B38,0x7B8C3C,0x018334,0x018034,0x318036,0x7FFE32,0x018031,0x018030,0x018030,0x018030,0x018030,0x018030,0x018030,0x018030},
  {0x038070,0x018030,0x018030,0x0181B0,0x0183FF,0x618030,0xFFFE30,0x018038,0x018078,0x0181B8,0x018338,0x01833C,0x018034,0x198834,0x3FF836,0x181832,0x181831,0x181830,0x181830,0x181830,0x181830,0x1FF830,0x181830,0x181830},
  {0x0000E0,0x000060,0x304C60,0x7FDFFF,0x30CC60,0x30CC60,0x30CC30,0x30CC30,0x30C618,0x3FC7C8,0x30C384,0x003983,0x001800,0x601800,0xFFFFFF,0x003E00,0x005B00,0x009B00,0x031980,0x0E18C0,0xFC1860,0x701818,0x401807,0x001800},
  {0x000070,0x600030,0xFFFF30,0x00C0B0,0x00C1FF,0x30C230,0x7FFE30,0x30C678,0x30C6B8,0x30C7B8,0x30C6B8,0x33663C,0x366634,0x362634,0x363636,0x301632,0x300E31,0x300630,0x300630,0x300630,0x300630,0x300630,0x3E0630,0x180630},
  {0x007008,0x003030,0x003061,0x063066,0x0FFF0C,0x06308C,0x463040,0x461830,0x46181F,0xC60C1E,0xFE060C,0x7C030C,0x0038DC,0x001818,0x601800,0xFFFFFF,0x005B00,0x009980,0x0318C0,0x0E1860,0xFC1830,0x70180C,0x401803,0x001800},
  {0x001070,0x00E030,0x01C030,0x0181B0,0x3003FF,0x7FFE30,0x00C030,0x00C078,0x00C1B8,0x00C338,0x00C338,0x18C03C,0x3FFE34,0x00C034,0x00C036,0x00C032,0x00C031,0x00C030,0x00C030,0x00C030,0x00C030,0x60C030,0xFFFFB0,0x000030},
  {0x020400,0x0E1820,0x0730C0,0x013188,0x608188,0xFFFFF8,0x60000C,0x30380E,0x081806,0x001800,0x601800,0xFFFFFF,0x003E00,0x005E00,0x00DB00,0x019B00,0x031980,0x0618C0,0x0C1860,0xF81830,0x70180C,0x601803,0x001800,0x001800},
  {0x180870,0x3FF830,0x181830,0x1819B0,0x181BFF,0x1FF830,0x181830,0x181878,0x1819B8,0x181B38,0x1FFB38,0x20983C,0xE09834,0x711834,0x191836,0x051832,0x031831,0x021830,0x061830,0x0D9830,0x1C7830,0xF81FB0,0x700730,0x600130},
  {0x004070,0x01C030,0x18C030,0x3FE330,0x1C67FF,0x0C3030,0x065030,0x064878,0x0384B8,0x0181B8,0x06C338,0x0C633C,0xF83034,0x700C34,0x600336,0x0C0832,0x1FF831,0x0C1830,0x0C1830,0x0C1830,0x0C1830,0x0C1830,0x0FF830,0x0C1830},
  {0x003800,0x001808,0x601808,0xFFFFFC,0x200006,0x100E06,0x600600,0xFFFFFF,0x038380,0x01C0C0,0x006FE0,0x00F860,0x078F00,0x0E39C0,0x0C183C,0x601800,0xFFFFFF,0x003E00,0x00DB00,0x039980,0xFE18E0,0x781838,0x601807,0x001800},
  {0x700C00,0x339F80,0x3180FE,0x3180C0,0x3198C0,0x31BFFF,0x3181F0,0x3006D8,0x300CD8,0x300CCC,0x3000C6,0x3E00C1,0x1838C0,0x001800,0x601800,0xFFFFFF,0x005E00,0x009B00,0x031B80,0x0E18C0,0xFC1860,0x701818,0x401807,0x001800},
  {0x040870,0x1C3030,0x0E6030,0x3261B0,0x7FFFFF,0x318030,0x318030,0x318478,0x3FFCB8,0x318DB8,0x018DB8,0x018C3C,0x618C34,0xFFFC34,0x61C636,0x61E632,0x61A031,0x61B030,0x619830,0x3D8C30,0x398630,0x1981B0,0x018030,0x018030},
  {0x370070,0x630030,0x630030,0x0301B0,0x6303FF,0xFFFE30,0x030030,0x0300F8,0x236DB8,0xE36DB8,0x666C38,0x666C3C,0x37FF34,0x366C34,0x166C36,0x1C6C32,0x0C6431,0x5E6630,0x5A0230,0x5B0130,0x718030,0xF0C030,0xE03030,0x400C30},
  {0x01C070,0x00C030,0x30C030,0x7FFDB0,0x00C3FF,0x18C030,0x3FFC30,0x016078,0x6161B8,0xFFFF38,0x023338,0x04D83C,0x0CC834,0x1AC434,0xF7FA36,0x70C132,0x60C0F1,0x18C030,0x3FFF30,0x00C030,0x00C030,0x00C030,0x00C030,0x00C030},
  {0x626270,0xFEFE30,0x666630,0x6666B0,0x6667FF,0x666630,0x7E7E30,0x666678,0x6666B8,0x6667B8,0x6667B8,0x66663C,0x7E7E34,0x666634,0x666636,0x666632,0x666631,0x666630,0x666630,0x626230,0x636330,0x616130,0x7D7CB0,0x30B070},
  {0x003800,0x001800,0x0C1800,0x1FFFF8,0x003E00,0x005B00,0x019980,0x0718C0,0x3E1830,0x18180C,0x0399C0,0x0180C0,0x618CC0,0xFFFFFF,0x03C0E0,0x05E3F0,0x05E6F0,0x09B6D8,0x19B0D8,0xF198CC,0x718CC6,0x6182C1,0x0180C0,0x0180C0},
  {0x038070,0x018030,0x018430,0x6184B0,0xFFFDFF,0x600630,0x2C0B30,0x1FFB38,0x0C1878,0x0C19B8,0x0C1B38,0x0C1B3C,0x0FF834,0x0C1834,0x001836,0x181832,0x3FF831,0x181830,0x181830,0x181830,0x181830,0x181830,0x1FF830,0x181830},
  {0x003870,0x301830,0x7F9830,0x3159B0,0x31FBFF,0x311830,0x311830,0x311878,0x1AD8B8,0x1BFFB8,0x1A19B8,0x1A383C,0x1C5934,0x0CDB34,0x0D9B36,0x0D99B2,0x0E19B1,0x1618B0,0x121870,0x331830,0xF11830,0x609830,0x605F30,0x402C30},
  {0x08EE08,0x386630,0x1C6660,0x046660,0x626600,0xFFFFFF,0x008080,0x01C300,0x184100,0x3FFFFC,0x001800,0x0C1800,0x1FFFF8,0x001800,0x601800,0xFFFFFF,0x005E00,0x009B00,0x019B80,0x0718C0,0xFE1860,0x781818,0x601807,0x001800},
  {0x000400,0x101C00,0x718C82,0x33FF8C,0x198198,0x058198,0x01FF80,0x0781C0,0x1981B8,0x31818F,0x71FF86,0x618182,0x003800,0x601800,0xFFFFFF,0x003F00,0x005B00,0x019980,0x0318C0,0x0E1860,0xFC1830,0x70180C,0x401803,0x001800},
  {0x0E7070,0x063030,0x263030,0x7FFEB0,0x0633FF,0x163030,0x3FFE30,0x063078,0x4630B8,0xFFFFB8,0x0181B8,0x31843C,0x7FFC34,0x318C34,0x318C36,0x3FFC32,0x318C31,0x318C30,0xFFFF30,0x300C30,0x300C30,0x300C30,0x3E0C30,0x180C30},
  {0x00C070,0x00C030,0x016030,0x0261B0,0x0633FF,0x1D1030,0xFBF830,0x700878,0x4C0DB8,0x1FFB38,0x0C1B38,0x0C183C,0x0FF834,0x0C1834,0x0C1836,0x0FF832,0x001831,0x180C30,0x3FF430,0x183630,0x183230,0x183130,0x1FF0B0,0x183030},
  {0x040470,0x1C1830,0x0E3030,0x3231B0,0x7FFFFF,0x00C030,0x18C030,0x3FFC78,0x00C1B8,0x60C338,0xFFFF38,0x10C03C,0x70C134,0x39C634,0x0ACC36,0x06CC32,0x04E031,0x0CD030,0x18CC30,0xF8C7B0,0x70C330,0x60C130,0x00F830,0x006030},
  {0x300070,0x7FFF30,0x036030,0x0361B0,0x3363FF,0x7FFE30,0x336630,0x336678,0x3366B8,0x3FFFB8,0x3006B8,0x18003C,0x3FFE34,0x000034,0x600036,0xFFFFB2,0x00C031,0x04C230,0x18CE30,0x30C630,0x60C330,0x60C1B0,0x60F870,0x006030},
  {0x000870,0x003830,0x301830,0x7FFDB0,0x006FFF,0x006430,0x606230,0xFFFE78,0x0231B8,0x061B38,0x331B38,0x7FFC3C,0x018C34,0x018E34,0x198D36,0x3FFCB2,0x018C31,0x198C30,0x3FFC30,0x018C30,0x018C30,0x618C30,0xFFFC30,0x000C30},
  {0x0E7070,0x063030,0x363030,0x7FFEB0,0x0631FF,0x063030,0x663030,0xFFFFB8,0x00C078,0x30C2B8,0x7FFFB8,0x30C7BC,0x30C634,0x3FFE34,0x30C636,0x30C632,0x30C631,0x3FFE30,0x300630,0x061030,0x187030,0x703830,0xE00C30,0xC003B0},
  {0x0C0070,0x1F8030,0x01FE30,0x00C0B0,0x6061FF,0xFFFF30,0x023030,0x041878,0x1FFCB8,0xFB33B8,0x6331B8,0x43F03C,0x033034,0x300134,0x7FFF36,0x300332,0x333331,0x37F330,0x333330,0x333330,0x33F330,0x333330,0x3C0330,0x180330},
  {0x09C470,0x18CC30,0x0CC630,0x15CAB0,0x72F9FF,0x36DB30,0x08CC30,0x24C478,0x7FD2B8,0x62FFB8,0x04E338,0x0CC03C,0x698134,0xFFFF34,0x018336,0x118332,0x730731,0x3B1B30,0x1B3330,0x4E3130,0x4F01B0,0xD980B0,0xF06070,0x601C30},
  {0x000040,0x0001C0,0x0000C0,0x3000C0,0x7FFFC0,0x300060,0x180060,0x041C30,0x020C10,0x000C18,0x000C08,0x000C04,0x001602,0x001600,0x001600,0x002600,0x006300,0x00C300,0x018180,0x0300C0,0x0E0060,0xFC0030,0x78000C,0x600003},
  {0x000800,0x003802,0x00180C,0x001818,0x601830,0xFFF830,0x600C30,0x300C80,0x09C640,0x04C240,0x00C120,0x00C0A0,0x016010,0x016018,0x01600C,0x02300F,0x02300E,0x06180C,0x04180C,0x0C0C0C,0x18061C,0xF8031C,0x700198,0x600060},
  {0x004010,0x01C170,0x00C630,0x00CC30,0x606C18,0xFFEC08,0x6020C4,0x2010C2,0x170960,0x030660,0x030C30,0x030C30,0x030C18,0x058008,0x05860C,0x058FFA,0x0D8619,0x088618,0x18C618,0x184618,0x306618,0xF027F8,0x601618,0x600818},
  {0x004C00,0x01DFFF,0x00C300,0x00C332,0x60637E,0xFFE336,0x602336,0x17333E,0x0B1336,0x030BC0,0x030180,0x030C00,0x031FFF,0x058300,0x058332,0x05837E,0x0D8336,0x08C336,0x08C33E,0x184336,0x306300,0xF02300,0x6013E0,0x600D80},
  {0x007000,0x003000,0x003000,0x003000,0x003000,0x0030E0,0x003060,0x003060,0x183060,0x3FF060,0x003060,0x003060,0x003060,0x003060,0x003060,0x003060,0x003060,0x003060,0x003060,0x003060,0x003060,0x603060,0xFFFFFF,0x000000},
  {0x000000,0x300000,0x7FFFFE,0x003000,0x003000,0x003000,0x003000,0x0031C0,0x0030C0,0x0C30C0,0x1FF0C0,0x0030C0,0x0030C0,0x0030C0,0x0030C0,0x0030C0,0x0030C0,0x0030C0,0x0030C0,0x0030C0,0x0030C0,0x6030C0,0xFFFFFF,0x000000},
  {0x00E000,0x026000,0x0C6600,0x186FFC,0x186000,0x006000,0x606000,0xFFFFFF,0x00C180,0x00C180,0x00C1B8,0x00D998,0x01BF98,0x018198,0x018198,0x030198,0x432198,0x461998,0x460798,0x4C01F8,0x5C003F,0xF8000E,0xF00002,0x600000},
  {0x003800,0x0018E0,0x181860,0x3FF860,0x001860,0x001860,0x001860,0x601860,0xFFFFFF,0x000000,0x023820,0x0C18E0,0x181860,0x311870,0x771830,0x639818,0x01DF08,0x00EC04,0x007002,0x001800,0x000E00,0x000300,0x0000E0,0x00001E},
  {0x003800,0x001800,0x0C18E0,0x1FF860,0x001860,0x001860,0x601860,0xFFFFFF,0x000000,0x38B838,0x1B9998,0x199B18,0x18DB18,0x195818,0x1BFFD8,0x183E18,0x18DA18,0x199B18,0x1B1998,0x1B1858,0x181818,0x180018,0x1FFFF8,0x180018},
  {0x000000,0x600000,0xFFFFFF,0x006060,0x006060,0x006060,0x106630,0x706FF0,0x386630,0x186618,0x0C6618,0x066328,0x01E36C,0x0061E4,0x006182,0x0060C1,0x006040,0x406060,0x406030,0x406010,0xC06008,0xFFE004,0x7FC002,0x000001},
  {0x0DC600,0x18CFFF,0x18C030,0x20C030,0x7FC030,0x00FF30,0x18C3F0,0x3FC318,0x00FF18,0x60C318,0xFFC388,0x00FDBC,0x0981A4,0x3980C6,0x1D80C2,0x0D8061,0x070060,0x430030,0x478010,0x4CC018,0x5C7008,0xF81C04,0xF00382,0x600001},
  {0x061300,0x0FF784,0x0630FC,0x06300C,0x06300C,0x46318C,0x4633FC,0xC6100C,0xFE180C,0x7C080C,0x00058C,0x1803FC,0x3FFC0C,0x18100C,0x0C200C,0x0C238C,0x06407C,0x03401F,0x01800E,0x03C00C,0x0E600C,0xFC300C,0x780C0C,0x60038C},
  {0x062100,0x0FE70C,0x0663B0,0x0661E0,0x0660C0,0x466360,0x466630,0xC6260C,0xFE30E3,0x7C1060,0x000B60,0x1807FF,0x3FF870,0x182070,0x0C40F8,0x0C4378,0x068668,0x03866C,0x030064,0x058062,0x1CC061,0xF86060,0x701860,0x600660},
  {0x0C4C04,0x1FDFFC,0x0CCC0C,0x0CCC0C,0x4CCC0C,0x4CCFFC,0xCC4C0C,0xFC66CC,0x7826CC,0x0016CC,0x181FFC,0x3FE6CC,0x1846CC,0x1846CC,0x0C86CC,0x0CBFFC,0x06800C,0x03022C,0x030CE4,0x059866,0x1CD832,0xF86011,0x703008,0x600C04},
  {0x000000,0x060020,0x0FFFE0,0x060060,0x060460,0x061860,0x063060,0x063060,0x060060,0x660060,0xFFFFFF,0x030030,0x030230,0x030C30,0x031830,0x031830,0x030018,0x330018,0x7FFFF8,0x01800C,0x01800C,0x01F800,0x00E000,0x006000},
  {0x00E070,0x006030,0x006030,0x006030,0x006030,0x006030,0x106030,0x706030,0x386630,0x0C6FF0,0x066030,0x01E030,0x006030,0x006030,0x006030,0x006030,0x006030,0x006830,0x406630,0x4061F0,0x40607F,0xC0600E,0xFFE002,0x7FC000},
  {0x038180,0x1183C0,0x3990F0,0x0D903C,0x019C33,0x02CC30,0x0CC1B0,0x1863FF,0x303030,0x338C30,0x018030,0x1181B0,0x3993FF,0x0D9030,0x039C30,0x04CC30,0x0CC030,0x186030,0x583030,0x400C30,0x400030,0xC00030,0xFFFFF0,0x7FFFE0},
  {0x060000,0x0FC000,0x01FC10,0x0037F0,0x003030,0x003030,0x003030,0x603030,0xFFFFF0,0x003030,0x006030,0x006030,0x006030,0x00C030,0x00C030,0x00C030,0x418030,0x418030,0x431830,0x470730,0x4E01F0,0xFC007F,0xF8000E,0x600002},
  {0x0C0010,0x1FFFF0,0x0C0030,0x0C0030,0x0C0030,0x0C0030,0x0FFFF0,0x0C1830,0x001830,0x001830,0x601830,0xFFFFF0,0x003030,0x003030,0x006030,0x006030,0x00C030,0x40C030,0x418C30,0x4383B0,0x4700F0,0xCE003F,0xFC000E,0x700002},
  {0x000020,0x0000E0,0x180060,0x3FFFE0,0x000030,0x060030,0x0FFFD8,0x000008,0x030004,0x07FFFE,0x030001,0x030800,0x033818,0x031860,0x030DC0,0x060F00,0x060600,0x460F00,0x4C1980,0x5C30C0,0x787060,0xF06030,0xE0000C,0x400003},
  {0x003800,0x001800,0x001800,0x001800,0x101800,0x703800,0x383980,0x0C5BFE,0x035980,0x00D980,0x0058C0,0x0098C0,0x019840,0x011860,0x031820,0x061830,0x0E1810,0x1C1808,0xF81804,0x701802,0x601801,0x001800,0x001F00,0x000C00},
  {0x000600,0x003800,0x007000,0x006000,0x000000,0x001800,0x003FE0,0x081800,0x383800,0x1C3980,0x065BFE,0x035980,0x00D980,0x0098C0,0x0198C0,0x011860,0x031860,0x061830,0x1C1818,0xF8180C,0x701803,0x601800,0x001F00,0x000C00},
  {0x013800,0x061800,0x0C1800,0x0C1800,0x601800,0xFFFFFF,0x001800,0x001800,0x081808,0x383830,0x1C3860,0x0658C0,0x0158C0,0x009800,0x009800,0x011A00,0x031980,0x0618E0,0x0E183E,0x7C181C,0x381804,0x301800,0x001F00,0x000C00},
  {0x000008,0x300030,0x7FFF60,0x003060,0x003000,0x003001,0x603046,0xFFFFCC,0x00184C,0x001820,0x001820,0x180C10,0x3FFC10,0x180618,0x180608,0x18000C,0x18000F,0x0C000E,0x0C000C,0x0C000C,0x06000C,0x07E01C,0x03801C,0x018018},
  {0x002008,0x00E030,0x006060,0x006060,0x003000,0x603001,0xFFFF86,0x0C308C,0x0C184C,0x0C1840,0x0C0C20,0x060C20,0x060C30,0x060610,0x030E18,0x03330C,0x01C30F,0x01800E,0x06C00C,0x0C600C,0x18300C,0x30180C,0x70061C,0x6001D8},
  {0x01C008,0x00C030,0x00CE60,0x00C660,0x18C600,0x3CC601,0x1AC606,0x19C68C,0x18E64C,0x18D640,0x18CE20,0x18C720,0x18C6F0,0x18C610,0x1FC618,0x0CC60C,0x00C60F,0x00C60E,0x40060C,0x40060C,0x40060C,0xC0061C,0xFFFE1C,0x7FFC18},
  {0x060008,0x0FFF30,0x061860,0x061860,0x031800,0x031801,0x1B1806,0x3F988C,0x19984C,0x182C40,0x182C20,0x0C2C20,0x0C4C30,0x0C4C10,0x068418,0x06860C,0x03060F,0x03820E,0x05830C,0x0CC10C,0x18608C,0xF8305C,0x700C3C,0x600318},
  {0x00E008,0x006030,0x006060,0x006060,0x186000,0x3FFF01,0x186006,0x18604C,0x18604C,0x186020,0x586020,0xFFFFE0,0x00B030,0x00B010,0x00B018,0x01300C,0x01180F,0x02180E,0x060C0C,0x0C0C0C,0x1C060C,0xF8031C,0x70019C,0x600078},
  {0x00E008,0x006030,0x006060,0x006260,0x606200,0xFFFE01,0x606306,0x20638C,0x10618C,0x03B040,0x01B020,0x01B020,0x01B030,0x01B010,0x019818,0x01980C,0x01880F,0x018C0E,0x41840C,0x41860C,0x41820C,0xC1811C,0xFF809C,0x7F0078},
  {0x038008,0x018030,0x018060,0x018060,0x018000,0x618201,0xFFFE06,0x61868C,0x61868C,0x618640,0x618640,0x618620,0x618630,0x7FFE10,0x618618,0x61860C,0x61860F,0x61860E,0x61860C,0x61860C,0x61860C,0x7FFE1C,0x60061C,0x600618},
  {0x004008,0x01C030,0x00C060,0x00C060,0x006000,0x022001,0x043006,0x18108C,0x30084C,0x7FFF40,0xE03E20,0xC00220,0x000030,0x180410,0x3FFC18,0x180C0C,0x180C0F,0x180C0E,0x180C0C,0x180C0C,0x180C0C,0x1FFC1C,0x180C1C,0x180C18},
  {0x008808,0x00B830,0x011860,0x011860,0x011800,0x020C01,0x060C06,0x04048C,0x0C064C,0x180240,0xF80120,0x7000A0,0x6C0250,0x1FFE10,0x0C0618,0x0C060C,0x0C060F,0x0C060E,0x0C060C,0x0C060C,0x0C060C,0x0FFE1C,0x0C061C,0x0C0618},
  {0x00E004,0x006018,0x006030,0x006030,0x306000,0x7FFF81,0x006006,0x00604C,0x00604C,0x006020,0x606020,0xFFFFF0,0x007010,0x003018,0x003018,0x00300C,0x02100F,0x04180E,0x0C080C,0x18080C,0x3F840C,0x70FFDC,0x600F9C,0x600098},
  {0x01C008,0x00C030,0x00C060,0x60C160,0xFFFF00,0x60C301,0x10C306,0x00C30C,0x0CC34C,0x1FFF20,0x0C0B20,0x060B30,0x061310,0x031318,0x032318,0x01A30C,0x00C18F,0x00C18E,0x01608C,0x0330CC,0x0E184C,0xFC0C2C,0x70031C,0x6000D8},
  {0x01C008,0x00C030,0x00C060,0x00C060,0x30C000,0x7FFF81,0x000006,0x04000C,0x1C014C,0x0C0240,0x0C0420,0x0C0420,0x060C30,0x060810,0x061818,0x02180C,0x03180F,0x01180E,0x01180C,0x00800C,0x00800C,0x60401C,0xFFFFDC,0x000018},
  {0x300104,0x7FFF18,0x300330,0x300330,0x300300,0x300301,0x3FFF06,0x30030C,0x00034C,0x007340,0x083320,0x383320,0x1C3330,0x0C3310,0x063318,0x01B30C,0x00730F,0x00318E,0x40318C,0x40308C,0x40308C,0xC0305C,0xFFF03C,0x7FE018},
  {0x001004,0x00E018,0x01C030,0x018030,0x300000,0x7FFF81,0x00C006,0x00C08C,0x00C04C,0x00C040,0x00C020,0x18C020,0x3FFF30,0x00C010,0x00C018,0x00C00C,0x00C00F,0x00C00E,0x00C00C,0x00C00C,0x00C00C,0x60C01C,0xFFFFDC,0x000018},
  {0x001808,0x00E030,0x01C060,0x018060,0x000000,0x006001,0x00FE06,0x00604C,0x08604C,0x38EC20,0x18FFE0,0x0D6C30,0x036C10,0x016C18,0x026608,0x06660C,0x04620F,0x0C630E,0x18610C,0xF8608C,0x70604C,0x60603C,0x007C1C,0x003018},
  {0x040204,0x1C0C18,0x0E1830,0x021830,0x310000,0x7FFF81,0x00C006,0x00C00C,0x00C04C,0x18C040,0x3FFF20,0x00C020,0x00C030,0x00C010,0x60C018,0xFFFFCC,0x00C00F,0x00C00E,0x00C00C,0x00C00C,0x00C00C,0x00C01C,0x00C01C,0x00C018},
  {0x600104,0xFFFF18,0x600330,0x600330,0x660300,0x6FFB01,0x600306,0x60030C,0x66134C,0x6FF340,0x663320,0x663320,0x663330,0x663310,0x663318,0x67F30C,0x66330F,0x60330E,0x60030C,0x60030C,0x60030C,0x60031C,0x7C031C,0x300318},
  {0x01C004,0x00C018,0x60C030,0xFFFFF0,0x00C000,0x026001,0x0C2006,0x30104C,0x7FFF4C,0x601E20,0x000220,0x1DDC30,0x0CCC10,0x0CCC18,0x0CCC18,0x0CCC0C,0x0CCC0F,0x0CCC0E,0x4CCC0C,0x4CC60C,0x4CC60C,0xCCC31C,0xFC019C,0x780078},
  {0x06E004,0x0C6018,0x0C6030,0x306030,0x7FFF80,0x006001,0x306006,0x7FFF4C,0x00604C,0x00C020,0x60C020,0xFFFFF0,0x08C010,0x398018,0x1D8018,0x0D800C,0x07000F,0x43000E,0x47800C,0x4CE00C,0x5C300C,0xF80E1C,0xF001DC,0x600018},
  {0x060004,0x0F8018,0x00E430,0x001C30,0x000C00,0x000C01,0x180C06,0x3FFC8C,0x030C4C,0x030C40,0x030C20,0x030C20,0x030C30,0x630C10,0xFFFFD8,0x00000C,0x02040F,0x041C0E,0x080E0C,0x18060C,0x30030C,0x70019C,0x6000DC,0x600038},
  {0x0C0004,0x1F8018,0x09F030,0x381FB0,0x186200,0x0CCC01,0x04CC06,0x1A000C,0x3FFF4C,0x0C0040,0x064020,0x014020,0x00C030,0x60C010,0xFFFFD8,0x00C00C,0x00C00F,0x00C00E,0x00C00C,0x00C00C,0x00C00C,0x00C01C,0x00F81C,0x006018},
  {0x000808,0x003830,0x001860,0x600C60,0xFFFC00,0x000601,0x180606,0x3FFD0C,0x198C8C,0x198C20,0x198C20,0x598C10,0xFFFFD0,0x18C618,0x18C608,0x18C60C,0x18C60F,0x58C60E,0xFFFF0C,0x0C030C,0x0C030C,0x0C001C,0x0FC01C,0x070018},
  {0x138008,0x718230,0x318C60,0x199860,0x099800,0x058001,0x318406,0x7FFC0C,0x300C8C,0x300C40,0x300C40,0x3FFC20,0x300C30,0x300C10,0x300C18,0x3FFC0C,0x300C0F,0x300C0E,0x300C0C,0x300C0C,0x300C0C,0x300C1C,0x3E0C1C,0x180C18},
  {0x180004,0x3C0C18,0x0F1FB0,0x07EC30,0x060600,0x060601,0x06C606,0x36C34C,0x7EDB4C,0x06DFA0,0x06D9A0,0x06D830,0x06D890,0x06CC98,0x06CD08,0x06CD0C,0x06C50F,0x66C60E,0xFFFA0C,0x00050C,0x000D0C,0xFFF89C,0x7FE05C,0x000038},
  {0x000104,0x600118,0xFFFF30,0x6189B0,0x21B9C0,0x1198C1,0x019806,0x7F8C0C,0x7F064C,0x00E1A0,0x006020,0x606030,0xFFFF90,0x017018,0x017808,0x02780C,0x066C0F,0x0C6C0E,0x18660C,0xF8630C,0x70618C,0x60607C,0x00601C,0x006018},
  {0x0C0208,0x1FFE30,0x0C0660,0x0C0660,0x0C0600,0x0FFE01,0x0C0606,0x0C068C,0x0C064C,0x0FFE40,0x0C0620,0x000020,0x038E30,0x118610,0x718618,0x39A60C,0x0DFE0F,0x03860E,0x01860C,0x41860C,0x41F60C,0xC19FEC,0xFF83DC,0x7F0058},
  {0x180408,0x3FFC30,0x180C60,0x180C60,0x1FFC00,0x180C01,0x180C06,0x1FFC0C,0x18304C,0x003040,0x601820,0xFFFC20,0x600E30,0x618F10,0x63CD98,0x607C6C,0x620C0F,0x660C0E,0x67FC0C,0x33F80C,0x30000C,0x3F001C,0x1C001C,0x0C0018},
  {0x01C008,0x00C030,0x00CE60,0x00C660,0x18C600,0x3FC601,0x00C606,0x00C64C,0x00C64C,0x60C620,0xFFFFE0,0x080130,0x180610,0x3C0C18,0x061808,0x01180C,0x00000F,0x01200E,0x06100C,0x1C0E0C,0x3807CC,0x70019C,0x60009C,0x000018},
  {0x01C004,0x00C018,0x60C130,0xFFFF30,0x000300,0x0EE301,0x366306,0x7FFF0C,0x06634C,0x066340,0x07E320,0x066320,0x180330,0x3FFF10,0x181318,0x0C230C,0x06230F,0x03430E,0x01818C,0x01C18C,0x0E608C,0xFC185C,0x70063C,0x400198},
  {0x0C0408,0x1FFC30,0x0C0C60,0x0C0C60,0x0C4C00,0x0FCC01,0x0CCC06,0x0CCC4C,0x0CCC4C,0x6CCCA0,0xFFFFA0,0x6001A0,0x630990,0x67F990,0x631998,0x63198C,0x63198F,0x63198E,0x63F98C,0x63198C,0x60198C,0x60018C,0x7C019C,0x300198},
  {0x000408,0x600430,0xFFFE60,0x600360,0x11C300,0x30C001,0x7FFF06,0x00C08C,0x18C24C,0x3FFE40,0x18C620,0x18C620,0x1FFE30,0x18C610,0x18C618,0x1FFE0C,0x18C60F,0x60C00E,0xFFFFCC,0x00C00C,0x00C00C,0x00C01C,0x00C01C,0x00C018},
  {0x611C08,0xFF0C30,0x630C60,0x630C60,0x636C00,0x63FFC1,0x7F0C06,0x630C4C,0x630C4C,0x630C20,0x630C20,0x632CB0,0x7F7F90,0x633198,0x633198,0x63318C,0x63318F,0x63318E,0x633F8C,0x61B18C,0x61818C,0x60C01C,0x7C601C,0x301818},
  {0x0C0004,0x1FFF98,0x061030,0x01A030,0x306100,0x7FFF01,0x30C306,0x30C34C,0x3FFF4C,0x30C320,0x30C320,0x3FFF30,0x300310,0x00E018,0x306018,0x7FFFCC,0x30600F,0x30300E,0x30300C,0x18180C,0x180C0C,0x1F861C,0x0E019C,0x060078},
  {0x180208,0x3FFE30,0x180660,0x180660,0x180600,0x1FFE01,0x180606,0x18060C,0x18064C,0x1FFE40,0x180620,0x000020,0x077030,0x233090,0xE33118,0x63330C,0x33320F,0x13360E,0x0B360C,0x07360C,0x03300C,0x63301C,0xFFFFDC,0x000018},
  {0x0E3804,0x061818,0x361830,0x7FFFB0,0x061800,0x061801,0x661806,0xFFFFCC,0x00C04C,0x00C020,0x30C120,0x7FFF30,0x30C310,0x30C318,0x36DB18,0x36DB0C,0x36DB0F,0x36DB0E,0x37FB0C,0x361B0C,0x301B0C,0x30031C,0x3E031C,0x180318},
  {0x006004,0x60F118,0xFF9F30,0x660330,0x660300,0x661301,0x632306,0x63732C,0x616F2C,0x7C87E0,0x304190,0x002090,0x180218,0x3FFE08,0x18C60C,0x18C60C,0x18C60F,0x1FFE0E,0x18C60C,0x18C60C,0x18C60C,0x18C61C,0x1FFE1C,0x180618},
  {0x01C004,0x00C218,0x60C230,0xFFFE30,0x600300,0x120B81,0x0C3986,0x38184C,0x70CC4C,0x60C420,0x016220,0x026130,0x063010,0x0C1818,0xF80C18,0x70060C,0x6FFD0F,0x0C0CCE,0x0C0C0C,0x0C0C0C,0x0C0C0C,0x0C0C1C,0x0FFC1C,0x0C0C18},
  {0x301804,0x7FBFD8,0x301830,0x301830,0x311880,0x3F1F81,0x331986,0x03018C,0x0301AC,0x6331A0,0xFFFFD0,0x61B0D0,0x623110,0x663318,0x663308,0x70380C,0x6C360F,0x67F3EE,0x61B0CC,0x30984C,0x30180C,0x3F1F9C,0x1C0E1C,0x0C0618},
  {0x1B8008,0x318030,0x318060,0x018060,0x618080,0xFFFF81,0x018186,0x01A18C,0x11FFAC,0x7381A0,0x333990,0x331990,0x1B5998,0x1BDD98,0x0E7F8C,0x0E1B8F,0x46198E,0x4E2C8C,0x5B6CCC,0x59664C,0x70824C,0xF0413C,0xE0209C,0x401818},
  {0x0C0408,0x1FFC30,0x0C0C60,0x0C4C60,0x0FCC00,0x0CCC01,0x0CCD06,0x6CCD0C,0xFFFF0C,0x600120,0x2C05A0,0x1FFD90,0x0C0C10,0x0C0C18,0x0FFC08,0x0C0C0C,0x0C0C0F,0x0FFC0E,0x0C0C0C,0x0C0C0C,0x0C0C0C,0x0C0C1C,0x0F8C1C,0x060C18},
  {0x01C004,0x00C218,0x60C230,0xFFFF30,0x600300,0x21C181,0x18C186,0x3FFE4C,0x04084C,0x0C1020,0x063020,0x621030,0xFFFF90,0x00C018,0x00C018,0x30C00C,0x7FFF0F,0x00C00E,0x00C00C,0x00C00C,0x00C00C,0x00C01C,0x00C01C,0x00C018},
  {0x01C008,0x00C030,0x30C060,0x7FFF60,0x040800,0x0E3001,0x621006,0xFFFFCC,0x00004C,0x180220,0x3FFE20,0x18C630,0x18C610,0x18C618,0x1FFE18,0x18C60C,0x18C60F,0x18C60E,0x1FFE0C,0x58C60C,0x40C60C,0xC0C01C,0xFFC01C,0x7F8018},
  {0x01C004,0x00C018,0x60C030,0xFFFFB0,0x020800,0x0E1001,0x073006,0x61310C,0xFFFF4C,0x600320,0x61C320,0x64C310,0x6FFB10,0x60C318,0x66D308,0x6FF30C,0x66330F,0x66330E,0x66330C,0x67F30C,0x66330C,0x60331C,0x7C031C,0x300318},
  {0x000808,0x003830,0x061860,0x0FFC60,0x030C00,0x010601,0x308206,0x7FFF0C,0x30C6CC,0x30C640,0x30C620,0x3FFE20,0x30C630,0x30C610,0x30C618,0x3FFE0C,0x30060F,0x00000E,0x088A0C,0x11120C,0x23130C,0x62311C,0xC631DC,0xC630D8},
  {0x600004,0xFFFF98,0x033030,0x033030,0x333100,0x7FFF01,0x333306,0x33330C,0x33334C,0x3FFF20,0x300320,0x000030,0x3FFF10,0x000018,0x600018,0xFFFFCC,0x00C00F,0x04C20E,0x18CE0C,0x30C60C,0x60C30C,0x60C19C,0x60F87C,0x006018},
  {0x300104,0x7FFF18,0x300330,0x300330,0x300300,0x3FFF01,0x300306,0x60034C,0xFFFF4C,0x018320,0x018320,0x618330,0xFFFF10,0x618718,0x659718,0x6DB78C,0x61868F,0x638E8E,0x6596CC,0x6DB64C,0x61862C,0x61861C,0x7D861C,0x300618},
  {0x00E004,0x006118,0x606130,0xFFFF30,0x600180,0x1800C1,0x3FFFC6,0x00600C,0x18610C,0x3FFF20,0x186320,0x186310,0x186310,0x1FFF18,0x186308,0x18630C,0x18630F,0x1FFF0E,0x18030C,0x03040C,0x0C1C0C,0x380E1C,0x70031C,0x6000D8},
  {0x077004,0x033018,0x633030,0xFFFFF0,0x033000,0x333101,0x7FFF06,0x33330C,0x33334C,0x3FFF40,0x333320,0x333320,0x3FFF30,0x300310,0x0C0418,0x1FFC0C,0x0C0C0F,0x0C0C0E,0x0FFC0C,0x0C0C0C,0x0C0C0C,0x0C0C1C,0x0FFC1C,0x0C0C18},
  {0x001C04,0x602C18,0xFFFFF0,0x660C30,0x662C00,0x667F81,0x630C06,0x630C0C,0x3D7FEC,0x3883A0,0x1930A0,0x077110,0x039610,0x04CC18,0x082808,0x3FFFCC,0x70FF8F,0x60C08E,0x02C20C,0x0CCE0C,0x18C60C,0x30C31C,0x70C19C,0x60C078},
  {0x0E1C04,0x060C18,0x366C30,0x7FFFB0,0x060C00,0x666C01,0xFFFFC6,0x060C0C,0x0B164C,0x133620,0x31B320,0xE0C110,0x6C2490,0x5FFC58,0x0C0C08,0x0C0C0C,0x0C0C0F,0x0FFC0E,0x0C0C0C,0x0C0C0C,0x0C0C0C,0x0C0C1C,0x0FFC1C,0x0C0C18},
  {0x613084,0xFF7F98,0x6331B0,0x6331B0,0x7F3F80,0x633181,0x633186,0x7F3F8C,0x63318C,0x6001A0,0x6401A0,0x6FFD90,0x60C190,0x62C198,0x67F988,0x60C18C,0x60C18F,0x64C18E,0x6FFD8C,0x60018C,0x60018C,0x60019C,0x7C019C,0x300198},
  {0x01C004,0x18C218,0x3FFE30,0x18C630,0x18C600,0x1FFE01,0x60C006,0xFFFFCC,0x00000C,0x0FFC20,0x0C0C20,0x0C0C10,0x0FFC10,0x0C0C18,0x0C0C08,0x0FFC0C,0x0C0C0F,0x0C0C0E,0x0FFC0C,0x00080C,0x06380C,0x381C1C,0x70061C,0x6001D8},
  {0x086008,0x18FE30,0x4D6160,0xE53260,0x223600,0x161601,0x0D0806,0x1BFC8C,0x38044C,0xF00240,0x6C0520,0x5FFCA0,0x0C0C70,0x0C0C10,0x0C0C18,0x0FFC0C,0x02020F,0x0E040E,0x060C0C,0x03180C,0x01180C,0x60801C,0xFFFFDC,0x000018},
  {0x010204,0x070E18,0x0336B0,0x037FB0,0x633180,0xFF3181,0x333F86,0x31B18C,0x31B18C,0x317FA0,0x3131A0,0x1A0C10,0x1A6C10,0x1AFFD8,0x1A0608,0x0C360C,0x0C7E0F,0x0C330E,0x0E330C,0x1A310C,0x1B198C,0xF11E9C,0x709C5C,0x606C38},
  {0x180084,0x3FFF98,0x1999B0,0x1999B0,0x199980,0x1FFF81,0x180586,0x001C0C,0x300E4C,0x7FFE20,0x303320,0x333110,0x37FF90,0x333358,0x333328,0x33FF0C,0x33330F,0x30B00E,0x33300C,0x1BFF8C,0x1A0F0C,0x1F811C,0x0E001C,0x060018},
  {0x0EE004,0x366418,0x7FFC30,0x366C30,0x3FFC00,0x366C01,0x366C86,0x3FFC4C,0x40014C,0xFFFF20,0x000320,0x1FF330,0x000310,0x600318,0xFFFF18,0x21330C,0x61330F,0x72330E,0x0A310C,0x04318C,0x0DB08C,0xF87F5C,0x700E3C,0x600218},
  {0x003800,0x001800,0x001800,0x001800,0x001800,0x081800,0x381820,0x1C1820,0x0E1820,0x031820,0x00AC30,0x002C18,0x002C1C,0x004C0C,0x004600,0x00C600,0x008300,0x018300,0x030180,0x0600C0,0x1E0060,0xFC0030,0x78000C,0x600003},
  {0x000070,0x600030,0xFFFE30,0x030030,0x030130,0x030730,0x030334,0x0301B4,0x030074,0x030036,0x030037,0x030033,0x030030,0x030030,0x030058,0x030098,0x030198,0x030318,0x030308,0x03030C,0x030004,0x030006,0x03E002,0x018001},
  {0x600010,0xFFFFF0,0x000030,0x000030,0x00E030,0x006030,0x106030,0x706430,0x386430,0x0C6430,0x066630,0x016330,0x0063B0,0x00B1B0,0x00B018,0x013018,0x013018,0x031808,0x02180C,0x060C04,0x1C0604,0xF80302,0x7000C1,0x600030},
  {0x600070,0xFFFF30,0x000030,0x000030,0x3008B0,0x7FFBB0,0x3019B4,0x3018B4,0x301876,0x301833,0x3FF833,0x301830,0x301830,0x001830,0x001870,0x000C98,0x000D98,0x000D98,0x000418,0x000608,0x00020C,0x000104,0x000082,0x000041},
  {0x003800,0x041800,0x1C1840,0x0E1840,0x031820,0x009C38,0x006C18,0x018600,0x060300,0x1C0180,0x3838C0,0x301830,0x04180C,0x0C1800,0x1E1840,0x032C40,0x00AC20,0x004638,0x00C618,0x018300,0x070180,0xFE00C0,0x780030,0x20000F},
  {0x003800,0x381870,0x181830,0x181830,0x1FFFF0,0x180030,0x600008,0xFFFFF8,0x000018,0x007018,0x003018,0x083018,0x383118,0x1C3118,0x065918,0x015998,0x0098D8,0x008CC8,0x010C0C,0x030604,0x0E0304,0xFC0182,0x780061,0x600018},
  {0x003800,0x001800,0x001800,0x301800,0x7FF800,0x001800,0x001800,0x001800,0x061820,0x0FFFE0,0x060060,0x060060,0x060060,0x060060,0x060060,0x060060,0x07FFE0,0x060060,0x084210,0x108210,0x208208,0x61830C,0xE18307,0xC18303},
  {0x001020,0x0070C0,0x003180,0x003980,0x061800,0x0FFFFC,0x060C00,0x060C00,0x160600,0x3FFF00,0x180300,0x180180,0x5800C0,0xFFFFE0,0x608030,0x610818,0x62108C,0x662113,0x666210,0x306630,0x300630,0x3F0030,0x1E0000,0x0E0000},
  {0x700000,0x301800,0x33BFFF,0x318060,0x318060,0x318C30,0x319FF0,0x318C18,0x318628,0x318664,0x318342,0x300181,0x3000C0,0x300060,0x300030,0x30000C,0x3E0003,0x180000,0x044210,0x088210,0x308208,0x61830C,0xC18307,0xC18303},
  {0x000020,0x0000E0,0x000060,0x300030,0x7FFFF0,0x066678,0x066668,0x066664,0x066662,0x666661,0xFFFFFF,0x066660,0x066660,0x066660,0x066660,0x666660,0xFFFFFF,0x000000,0x042220,0x084210,0x104208,0x30C30C,0x60C307,0x60C303},
  {0x038010,0x058070,0x198030,0x318630,0x318FF0,0x618618,0xFFFB18,0x018368,0x02C1CC,0x02C184,0x04C0DA,0x0460D1,0x086060,0x183030,0xF01810,0x700C08,0x600304,0x040003,0x082210,0x104210,0x30C208,0x61830C,0xE18307,0xC18303},
  {0x038070,0x018030,0x318030,0x7FFC30,0x018130,0x018730,0x1DBB34,0x0C19B4,0x6C18B4,0xFFFF76,0x0C1837,0x0C1833,0x0C1830,0x300030,0x7FFE30,0x033058,0x033198,0x033318,0x031B18,0x431808,0x430C0C,0xC30604,0xFF0302,0x7E00C1},
  {0x600070,0xFFFFB0,0x036030,0x036030,0x336230,0x7FFEB4,0x3367B4,0x3366B4,0x336676,0x336633,0x3FFE33,0x300630,0x01C030,0x00C030,0x00C030,0x18C070,0x3FFE98,0x00C198,0x00C198,0x00C188,0x00C00C,0x60C004,0xFFFFC2,0x000001},
  {0x600000,0xFFFD82,0x60C3FE,0x60C186,0x606186,0x306186,0x3F3186,0x1C11FE,0x000986,0x181586,0x3FF386,0x183186,0x183186,0x1831FE,0x183186,0x1FF186,0x183006,0x000000,0x084210,0x108210,0x308208,0x61830C,0xE18307,0xC18303},
  {0x021C00,0x0E0C00,0x074C00,0x03FFF0,0x018C00,0x00CC00,0x606C00,0xFFFFFF,0x001C00,0x060600,0x0FFF80,0x0601E0,0x0601B8,0x07FF87,0x060180,0x060180,0x060180,0x07FF80,0x084200,0x108210,0x208208,0x61830C,0xC18307,0xC18303},
  {0x0381C0,0x0180C0,0x018CC0,0x019FFF,0x198000,0x3FFBF8,0x198318,0x1993F8,0x18A400,0x18CFFE,0x598600,0x51C140,0x7347FF,0x7660DE,0x6630C2,0xE018C0,0xC006F8,0x000060,0x084220,0x108210,0x308208,0x61830C,0xE18307,0xC18303},
  {0x01C1C0,0x00C4C0,0x00CFFC,0x0CC0C0,0x1FF8C0,0x0CCFFF,0x0CC1B0,0x0CDFB0,0x0CEF18,0x0CC0CC,0x0DE4C3,0x4D6FFC,0x4F20C0,0xCD30C0,0xFC17C0,0x7808FF,0x00041E,0x000002,0x084220,0x108210,0x308208,0x61830C,0xE18307,0xC18303},
  {0x0E0238,0x360E18,0x660618,0x666658,0x06FED8,0x6666D8,0xFFE35A,0x066F3A,0x06391A,0x0B319B,0x0B169B,0x091C59,0x198818,0x308C18,0xF04418,0x602238,0x60194C,0x0000CC,0x1122CC,0x222204,0x622106,0xC63182,0xC630E1,0xC63060},
  {0x138470,0x719830,0x39B030,0x09B130,0x658330,0xFFFFB0,0x05B0B4,0x09B074,0xF99834,0x718C36,0x618637,0x198DB3,0x186C30,0x187C30,0x7FE630,0x1B6258,0x1B6DD8,0x5B3898,0xFFD198,0x181988,0x180C0C,0x180604,0x180302,0x1800C1},
  {0x062070,0x0FE030,0x066030,0x066130,0x07E730,0x000334,0x3265B4,0x7EFCB4,0x366C74,0x366C36,0x3E7C37,0x366C33,0x018030,0x618030,0xFFFF30,0x03E058,0x05E098,0x05B198,0x09B198,0x199808,0xF18C0C,0x718604,0x618182,0x018001},
  {0x300470,0x7FFC30,0x336C30,0x336C30,0x336CB0,0x3FFFB0,0x306DB4,0x0030B4,0x603074,0xFFF836,0x606C37,0x666633,0x6FFFB0,0x666630,0x666630,0x67FE58,0x666698,0x60E198,0x616198,0x326008,0x37FF0C,0x3E1E04,0x1C0202,0x0C0001},
  {0x180870,0x3FF830,0x181830,0x181830,0x1FF8B0,0x181BB0,0x1819B4,0x1FF8B4,0x066074,0x366036,0x7FFE37,0x066033,0x666030,0xFFFF30,0x043030,0x0B9858,0xF98C98,0x75B398,0x67B198,0x01C008,0x1DBF0C,0x718E04,0x61F202,0x00C001},
  {0x008080,0x010380,0x060180,0x0C00C0,0x1800C0,0x308060,0x738130,0x618118,0x01810C,0x00C203,0x00C200,0x006200,0x006400,0x003400,0x001800,0x001800,0x002C00,0x006600,0x00C300,0x038180,0x0F00C0,0xFC0060,0x700018,0x400007},
  {0x007070,0x003030,0x003030,0x003030,0x003030,0x003030,0x603030,0xFFFFF0,0x000030,0x000030,0x000030,0x00C030,0x01FFF0,0x00C030,0x00C030,0x00C018,0x00C018,0x00C018,0x00C008,0x00C00C,0x00C004,0x00C002,0x00C001,0x00C000},
  {0x180000,0x3FFFFC,0x00C180,0x00C180,0x00C180,0x00C180,0x00C180,0x00C180,0x60C180,0xFFFFFF,0x00F000,0x00D800,0x00D800,0x00CC00,0x00C600,0x00C300,0x00C180,0x00C060,0x00C018,0x00C007,0x00C000,0x00C000,0x00FC00,0x007000},
  {0x0010E0,0x007062,0x00306E,0x003066,0x603366,0xFFF7FE,0x66D866,0x66D866,0x66D862,0x66C862,0x66CD61,0x6664E0,0x636278,0x63206F,0x633066,0x611062,0x619860,0x308860,0x30C460,0x304260,0x182060,0x1F9060,0x0E0860,0x060060},
  {0x0380E0,0x018062,0x01806E,0x318066,0x7FFD66,0x0183FE,0x018066,0x618062,0xFFFE62,0x000061,0x1C0160,0x6C00E0,0xFFFE78,0x0C006F,0x0C0866,0x0C3062,0x0C6060,0x0C6060,0x0C0060,0x0C0060,0x0C0060,0x0C0060,0x0F8060,0x060060},
  {0x000080,0x000180,0x3000C2,0x7FFEC4,0x018068,0x018030,0x018030,0x018038,0x018064,0x018072,0x198071,0x3FFCD8,0x0180C8,0x0180CC,0x0180C4,0x0180C2,0x0180C1,0x0180C0,0x0180C0,0x018060,0x018060,0x61807E,0xFFFF38,0x000018},
  {0x0C0880,0x1FFB80,0x0C19C2,0x0C18C4,0x0C1868,0x0C1830,0x0C1830,0x0FF838,0x0C1864,0x0C1872,0x0C1871,0x0C18D8,0x0C18C8,0x0C18CC,0x0FF8C4,0x0C18C2,0x0C18C1,0x0C18C0,0x0C18C0,0x0C1860,0x0C1860,0x6C187E,0xFFFFB8,0x000018},
  {0x038080,0x018380,0x0181C2,0x6180C4,0xFFFF68,0x020830,0x0C3830,0x381838,0x700C64,0x641672,0x1C1171,0x0C10D8,0x0E20C8,0x0620CC,0x0340C4,0x0340C2,0x0180C1,0x0180C0,0x02C0C0,0x066060,0x1C3060,0xF8187E,0x700638,0x600198},
  {0x038080,0x018380,0x0181C2,0x0180C4,0x318468,0x7FFC30,0x318C30,0x318C38,0x318C64,0x318C72,0x318C71,0x318CD8,0x3FFCC8,0x318CCC,0x018CC4,0x0180C2,0x0580C1,0x0980C0,0x1180C0,0x318060,0x7F8060,0x61FF7E,0xC01E38,0xC00218},
  {0x01C080,0x00C180,0x00C0C2,0x30C0C4,0x7FFF68,0x00C230,0x08C430,0x38CC38,0x18C864,0x0CD872,0x04D871,0x62C0D8,0xFFFFC8,0x0160CC,0x0160C4,0x0260C2,0x0260C1,0x0630C0,0x0430C0,0x0C1860,0x181860,0xF80C7E,0x700638,0x600198},
  {0x1701C0,0x2300C0,0x6318C0,0x633FFF,0x0300C0,0x6300C0,0xFFF8C2,0x031FFE,0x031916,0x031B26,0x031966,0x071AA6,0x051FFE,0x0518C6,0x0518C6,0x0D9AC6,0x099FFE,0x0998C6,0x1998C6,0x1898C6,0x3098C6,0xF0D8C6,0x605EC6,0x602C06},
  {0x0E0020,0x063060,0x367FE1,0x660032,0x666034,0x06FFDC,0x660008,0xFFB01C,0x067F94,0x060012,0x063039,0x067FB8,0x060038,0x0A0034,0x0B3134,0x0B7F32,0x0B3331,0x133330,0x113330,0x31B330,0x30BF30,0xE0B31F,0x60431C,0x60200C},
  {0x0E7080,0x663180,0xFFFFC2,0x0630C4,0x010868,0x231830,0x7FFC30,0x018C38,0x3FFE64,0x018D72,0x3FFC71,0x018CD8,0x618CC8,0xFFFCCC,0x000CC4,0x0C00C2,0x1FFEC1,0x0C10C0,0x0620C0,0x034060,0x03C060,0xFE607E,0x781838,0x600718},
  {0x000000,0x300000,0x7FFFFE,0x001800,0x001800,0x001800,0x001800,0x001800,0x001800,0x181800,0x3FFFFC,0x001800,0x001800,0x005800,0x019800,0x031800,0x061800,0x0E1800,0x0C1800,0x001800,0x001800,0x601800,0xFFFFFF,0x000000},
  {0x000000,0x300000,0x7FFFFE,0x001800,0x001800,0x001800,0x001800,0x001800,0x001800,0x181800,0x3FFFFC,0x001800,0x001800,0x001800,0x001800,0x001800,0x001800,0x001800,0x001800,0x001800,0x601800,0xFFFFFF,0x000000,0x000000},
  {0x01C000,0x00C400,0x00DCC0,0x00CDFF,0x30CC18,0x7FFC18,0x00C618,0x00C218,0x00C158,0x60C0FF,0xFFFF18,0x01F018,0x02D018,0x02D818,0x02D898,0x04CC78,0x04CC1F,0x0CC60E,0x18C302,0xF8C180,0x70C0C0,0x60C030,0x00C000,0x00C000},
  {0x007000,0x603180,0xFFF3FF,0x063030,0x063030,0x063230,0x063230,0x063230,0x0632B0,0x2633FF,0x7FF330,0x063330,0x063030,0x063030,0x063030,0x061830,0x061B30,0x0618F0,0x06083F,0x060C0E,0x060402,0x660200,0xFFF100,0x000080},
  {0x180800,0x3FF980,0x181BFF,0x181830,0x181830,0x1FF830,0x181830,0x1819B0,0x181BFF,0x1FF830,0x181830,0x181830,0x181830,0x181830,0x1FFB30,0x0310F0,0x03703F,0x43300E,0x433802,0x431800,0x430C00,0xC30600,0xFF0180,0x7E0060},
  {0x0DC000,0x18C000,0x18C0C0,0x00C1FF,0x60C018,0xFFFF18,0x00C018,0x10C218,0x70C4D8,0x30CDFF,0x19D818,0x09D818,0x06C018,0x02E018,0x02D018,0x04C898,0x0CCE78,0x18C79F,0xF8C30E,0x70C102,0x60C000,0x00C000,0x00F800,0x006000},
  {0x300400,0x7FFCC0,0x318DFF,0x318C18,0x318C18,0x318C18,0x3FFC18,0x318CD8,0x318DFF,0x318C18,0x318C18,0x3FFC18,0x318C18,0x018018,0x018118,0x0180D8,0x31803F,0x7FFE0E,0x018002,0x018000,0x018000,0x618000,0xFFFF80,0x000000},
  {0x003000,0x607960,0xFFCFFF,0x630318,0x630B18,0x631318,0x633318,0x637358,0x636F7F,0x318798,0x3E8318,0x184118,0x002018,0x1FFE18,0x18C698,0x18C678,0x18C61F,0x1FFE0E,0x18C602,0x18C600,0x18C600,0x18C600,0x1FFE00,0x180600},
  {0x038000,0x018000,0x618180,0xFFFFFF,0x020018,0x761C18,0x336C18,0x318C18,0x324CD8,0x362DFF,0x300C18,0x3FFC18,0x018018,0x608218,0xFFFE18,0x608698,0x614658,0x66463F,0x6FFE0E,0x6C7602,0x601600,0x600600,0x7C0600,0x300600},
  {0x070608,0x030FF8,0x1B0618,0x3FF618,0x0847F8,0x1CC618,0x248018,0x7FFC18,0x0307F8,0x1B063C,0x3FF634,0x030634,0x0307F2,0x030631,0x180000,0x3FFFFC,0x001800,0x0C1800,0x1FFFF8,0x011800,0x061800,0x661800,0xFFFFFF,0x000000},
  {0x000102,0x60070C,0xFFFB18,0x006098,0x006FFF,0x006198,0x0C6198,0x1FE198,0x0C6198,0x0C6598,0x0CEFFF,0x0D6198,0x0F6198,0x0D6198,0x0C6198,0x0C6198,0x586198,0x586188,0x58618C,0x5C618C,0x736184,0xF0FD84,0xE03982,0x400981},
  {0x0701C0,0x0300C0,0x0300C0,0x0300C0,0x6300C0,0xFFFFFF,0x0300C0,0x0300C0,0x0300C0,0x0300C0,0x0300C0,0x0300C0,0x03FFC0,0x0300C0,0x0300C0,0x0300C0,0x0300C0,0x0300C0,0x0300C0,0x0300C0,0x0300C0,0x03FFC0,0x0300C0,0x0300C0},
  {0x003800,0x001820,0x0018E0,0x001860,0x001860,0x181860,0x3FFFF0,0x001830,0x001810,0x001818,0x001808,0x00180C,0x0C1804,0x1FFFF2,0x001801,0x001800,0x001800,0x001800,0x001800,0x001800,0x001800,0x601800,0xFFFFFF,0x000000},
  {0x180010,0x3FFFF0,0x181830,0x181830,0x181830,0x181830,0x181830,0x1FFFF0,0x181830,0x181830,0x181830,0x181830,0x181830,0x1FFFF0,0x181830,0x181830,0x181818,0x181818,0x181818,0x181808,0x18180C,0x181804,0x1F1802,0x0C0001},
  {0x003800,0x001800,0x001800,0x001800,0x001800,0x181808,0x3FFFF8,0x181818,0x181818,0x181818,0x181818,0x181818,0x181818,0x1FFFF8,0x181818,0x181818,0x181818,0x181818,0x181818,0x181818,0x181818,0x1FFFF8,0x180018,0x180018},
  {0x180008,0x3FFFF8,0x181818,0x181818,0x181818,0x181818,0x181818,0x1FFFF8,0x181818,0x181818,0x181818,0x181818,0x181818,0x1FFFF8,0x181818,0x181818,0x001800,0x001800,0x001800,0x001800,0x001800,0x001800,0x001800,0x001800},
  {0x003800,0x001800,0x001800,0x181808,0x3FFFF8,0x181818,0x181818,0x181818,0x181818,0x1FFFF8,0x181818,0x181818,0x181818,0x181818,0x181818,0x1FFFF8,0x181818,0x181818,0x001800,0x001800,0x001800,0x001800,0x001800,0x001800},
  {0x0C0010,0x1FFFF0,0x0C1830,0x0C1830,0x0C1830,0x0FFFF0,0x0C1830,0x0C1830,0x0C1830,0x0FFFF0,0x0C0030,0x001C00,0x000C00,0x300C00,0x7FFFFE,0x300C00,0x300600,0x300600,0x180300,0x180180,0x0C00C0,0x0FC060,0x070018,0x030007},
  {0x600000,0xFFFFFF,0x001800,0x001800,0x001800,0x73185C,0x37FFCC,0x3318CC,0x3318CC,0x3318CC,0x3318CC,0x33FFCC,0x3318CC,0x3318CC,0x3318CC,0x3318CC,0x3318CC,0x33FFCC,0x3300CC,0x30000C,0x30000C,0x3FFFFC,0x30000C,0x30000C},
  {0x0C0010,0x1FFFF0,0x0C1830,0x0C1830,0x0C1830,0x0FFFF0,0x0C1830,0x0C1830,0x0C1830,0x0FFFF0,0x0C2630,0x004300,0x018180,0x0700E0,0xFEC738,0x78C307,0x60C300,0x00C300,0x00C300,0x00C180,0x00C180,0x00C0C0,0x00C060,0x00C018},
  {0x000C00,0x601F08,0xFFF1F8,0x618018,0x618018,0x618118,0x60C618,0x30CC18,0x3F6F98,0x1C2CF8,0x0C101F,0x000806,0x060422,0x0FFFE0,0x061860,0x061860,0x061860,0x07FFE0,0x061860,0x061860,0x061860,0x061860,0x07FFE0,0x060060},
  {0x008000,0x038000,0x018602,0x198FFE,0x3FC666,0x18C666,0x0C6666,0x0CA666,0x071666,0x030FFE,0x058666,0x0CC666,0xF86666,0x703666,0x602E66,0x1FE666,0x1867FE,0x186606,0x186006,0x186006,0x186000,0x1FE000,0x186000,0x186000},
  {0x070000,0x0FF800,0x011FF8,0x071820,0x0318C0,0x011980,0x609980,0xFFFFFF,0x005B00,0x009B80,0x019980,0x0318C0,0x061860,0x1C1830,0xFBFFD8,0x7318CC,0x4318C3,0x0318C0,0x03FFC0,0x0318C0,0x0318C0,0x0318C0,0x03FFC0,0x0300C0},
  {0x060020,0x0FFFE0,0x061860,0x061860,0x07FFE0,0x061860,0x061860,0x07FFE0,0x060064,0x600004,0xFFFFFC,0x600006,0x218087,0x13FF83,0x018180,0x018180,0x01FF80,0x018180,0x018180,0x01FF80,0x018180,0x618180,0xFFFFFF,0x000000},
  {0x00E000,0x006000,0x606010,0xFFFFF0,0x000031,0x00E032,0x006036,0x306136,0x7FFF30,0x306330,0x106338,0x0C6334,0x1FFF37,0x0C1336,0x061332,0x062318,0x032198,0x01C198,0x00C088,0x0360CC,0x0E3044,0xFC1822,0x700611,0x4001C8},
  {0x007000,0x003000,0x603010,0xFFFFF0,0x000030,0x0C0031,0x1FFFB2,0x061036,0x016036,0x18C130,0x3FFF30,0x186338,0x186334,0x1FFF37,0x186336,0x186332,0x186318,0x1FFF18,0x186308,0x18630C,0x186304,0x186302,0x1F6301,0x0C0300},
  {0x007000,0x003000,0x603010,0xFFFFF0,0x00E030,0x186131,0x3FFF32,0x186336,0x186336,0x1FFF30,0x186338,0x186334,0x1FFF37,0x186336,0x066032,0x0FFFB0,0x060218,0x030418,0x019808,0x00E00C,0x03B804,0xFE0E02,0x780381,0x600070},
  {0x007000,0x003000,0x603010,0xFFFFF0,0x001030,0x007031,0x183232,0x3FFE36,0x18C636,0x18C630,0x1FFE38,0x18C634,0x18C637,0x1FFE36,0x180832,0x039818,0x618C18,0xFFFFF8,0x018008,0x01800C,0x018004,0x018002,0x018001,0x018000},
  {0x007000,0x603008,0xFFFFF8,0x003018,0x005818,0x018C19,0x0F061A,0xFDFB1E,0x70009A,0x581FF8,0x1B999C,0x199F9B,0x19999A,0x199F9A,0x199998,0x181998,0x1F1D8C,0x0C198C,0x106E04,0x22C646,0x62C642,0xC60661,0xC7FE38,0x03FC18},
  {0x021800,0x071FF8,0x012C04,0x10A618,0x384330,0x08C320,0x058180,0x0300C0,0x07FFE0,0x1C6330,0xF86318,0x70630C,0x406303,0x3FFFFC,0x006300,0x006300,0x006300,0x006180,0x406180,0x4060C0,0x406060,0xC06030,0xFFE00C,0x7FC003},
  {0x011800,0x031FF0,0x11AC04,0x304618,0x18C630,0x058330,0x030180,0x0EC0C0,0xFDFF60,0x700030,0x41808C,0x03FF83,0x018180,0x018180,0x018180,0x01FF80,0x008040,0x038180,0x018300,0x00C300,0x004300,0x302000,0x7FFFFE,0x000000},
  {0x000200,0x000E00,0x000600,0x000200,0x0C0110,0x1FFFF0,0x0C0030,0x0C0030,0x0C0030,0x0C0030,0x0C0030,0x0C0030,0x0FFFF0,0x0C0030,0x0C0030,0x0C0030,0x0C0030,0x0C0030,0x0C0030,0x0C0030,0x0C0030,0x0FFFF0,0x0C0030,0x0C0030},
  {0x000000,0x600000,0xFFFFFF,0x000600,0x000600,0x000200,0x060120,0x0FFFE0,0x060060,0x060060,0x060060,0x060060,0x060060,0x060060,0x07FFE0,0x060060,0x060060,0x060060,0x060060,0x060060,0x060060,0x07FFE0,0x060060,0x060060},
  {0x002010,0x00E070,0x006030,0x006192,0x6033FE,0xFFF186,0x601186,0x601986,0x600986,0x602586,0x60C3FE,0x618186,0x618186,0x618186,0x600186,0x600186,0x600186,0x3001FE,0x300186,0x300006,0x180006,0x1F8000,0x0E0000,0x060000},
  {0x007070,0x183030,0x3C3630,0x073FF0,0x00F030,0x203030,0x203030,0x603030,0x7FF7F0,0x3FE07F,0x00020E,0x000E02,0x030640,0x07FFC0,0x0300C0,0x0300C0,0x0300C0,0x03FFC0,0x0300C0,0x0300C0,0x0300C0,0x0300C0,0x03FFC0,0x0300C0},
  {0x003800,0x001800,0x001800,0x301810,0x7FFFF0,0x301830,0x101830,0x081830,0x001830,0x061830,0x0FFFF0,0x060230,0x030430,0x030430,0x018830,0x008818,0x00D018,0x006018,0x007008,0x01980C,0x070C04,0x7E0302,0x3800C1,0x300038},
  {0x008020,0x0380C0,0x018180,0x00C380,0x004300,0x602000,0xFFFFFF,0x004080,0x008380,0x0301C0,0x0600C0,0x1C0060,0xF80030,0x70000C,0x4C000B,0x1FFFF8,0x0C6318,0x0C6318,0x0C6318,0x0C6318,0x0C6318,0x6C6318,0xFFFFFF,0x000000},
  {0x000802,0x00380C,0x001818,0x300C18,0x7FFC80,0x186640,0x086320,0x04B1B0,0x01305F,0x03180E,0x060C0C,0x7C060C,0x38030C,0x3000DC,0x000018,0x0C0008,0x1FFFF8,0x0C6318,0x0C6318,0x0C6318,0x0C6318,0x6C6318,0xFFFFFF,0x000000},
  {0x008602,0x038FFE,0x018066,0x00C066,0x604666,0xFFEFFE,0x002606,0x001606,0x000FFE,0x300666,0x7FE066,0x000666,0x000FFE,0x000006,0x0C0008,0x1FFFF8,0x0C6318,0x0C6318,0x0C6318,0x0C6318,0x0C6318,0x6C6318,0xFFFFFF,0x000000},
  {0x000020,0x062668,0x4FEFF8,0x466638,0xC666D8,0xFE66D8,0x7C2618,0x0017D8,0x1FEE7F,0x0C461E,0x0C86DA,0x0686D8,0x0306CC,0xFD8604,0x7067C2,0x401B01,0x0C0008,0x1FFFF8,0x0C6318,0x0C6318,0x0C6318,0x6C6318,0xFFFFFF,0x000000},
  {0x0C0010,0x1FFFF0,0x0C0030,0x0C0030,0x0C0030,0x0C0030,0x0C0030,0x0FFFF0,0x0C0030,0x0C0030,0x0C0030,0x0C0030,0x0C0030,0x0C0030,0x0FFFF0,0x0C0030,0x0C0030,0x0C0030,0x0C0030,0x0C0030,0x0C0030,0x0FFFF0,0x0C0030,0x0C0030},
  {0x003800,0x001800,0x601800,0xFFFFFF,0x001800,0x001800,0x061880,0x0FFFB8,0x060198,0x060198,0x07FF98,0x060198,0x060198,0x07FF98,0x060198,0x060198,0x060198,0x07FF98,0x060198,0x000018,0x600018,0xFFFFF8,0x000018,0x000018},
  {0x0000E0,0x301060,0x7FF060,0x303060,0x303660,0x303FFF,0x303060,0x303070,0x3FF070,0x3030F0,0x303378,0x303668,0x303668,0x30306C,0x3FF064,0x303064,0x303062,0x303061,0x303060,0x303060,0x303060,0x3FF060,0x303060,0x303060},
  {0x070000,0x0FE000,0x007FF0,0x000C00,0x180C00,0x3FFFFC,0x000600,0x600600,0xFFFFFF,0x000300,0x000180,0x0C0180,0x1FFFC0,0x0C01E0,0x0C01B0,0x0FFF98,0x0C018C,0x0C0183,0x0FFF80,0x0C0180,0x0C0180,0x0C0180,0x0FFF80,0x0C0180},
  {0x003800,0x301800,0x7FFFFE,0x001800,0x031840,0x07FFC0,0x0300C0,0x0300C0,0x03FFC0,0x0300C0,0x0300C0,0x03FFC0,0x0300C0,0x0300C0,0x03FFC0,0x0300C0,0x600000,0xFFFFFF,0x000100,0x018780,0x0E01C0,0x380060,0x700018,0x600006},
  {0x300800,0x7FF982,0x301BFE,0x301986,0x301986,0x301986,0x3FF986,0x3319FE,0x031986,0x031986,0x631986,0xFFF986,0x0319FE,0x061986,0x061986,0x061986,0x061986,0x4C19FE,0x4C1986,0x4D9806,0x587806,0xF81F80,0xF00700,0x600100},
  {0x077062,0x0330FE,0x033066,0x033066,0x2330E6,0xE33366,0x73367E,0x1B3666,0x073666,0x033066,0x033066,0x0F387E,0x333466,0x633666,0xE333E6,0xC33366,0x033166,0x03187E,0x431866,0x431806,0x430C00,0xC30600,0xFF0300,0x7E00E0},
  {0x008040,0x038180,0x01C300,0x304300,0x7FFFFE,0x001800,0x0C1800,0x1FFFF8,0x001800,0x601800,0xFFFFFF,0x000300,0x060180,0x0FFF80,0x0601C0,0x0601E0,0x07FFB0,0x06018C,0x060183,0x07FF80,0x060180,0x060180,0x07FF80,0x060180},
  {0x0001C0,0x180CC0,0x3FFFC0,0x1840C0,0x1898C0,0x0CBFFF,0x0D00C4,0x0602DC,0x0B0CCC,0xF998CC,0x70D8F6,0x603062,0x060021,0x0FFFE0,0x060060,0x060060,0x07FFE0,0x060060,0x060060,0x07FFE0,0x060060,0x060060,0x07FFE0,0x060060},
  {0x380000,0x7F0062,0x11E0FE,0x703F66,0x30C266,0x198C66,0x099966,0x64197E,0xFFFF66,0x6005E6,0x1C0DE6,0x0C6C66,0x2C7C7E,0x7FE666,0x0DB666,0x0DB366,0x6DB566,0xFFDCFE,0x0C1866,0x0C0C06,0x0C0606,0x0C0300,0x0C0180,0x0C0060},
  {0x01C000,0x00C062,0x60C0FE,0xFFFF66,0x216166,0x723266,0x163666,0x0C187E,0x1FFC66,0xFC1C66,0x6C1A66,0x4FF966,0x0C18FE,0x0C1866,0x0FF866,0x00C266,0x04CE66,0x18C666,0x30C67E,0x60C366,0x60C106,0x60C080,0x00F840,0x006000},
  {0x000010,0x000070,0x000030,0x604030,0xFFCC18,0x60DFF8,0x60C0C8,0x60C0CC,0x60C0C4,0x60D8C2,0x60FFFF,0x60C0C0,0x60C0C0,0x60C0E0,0x60C160,0x60C260,0x60C620,0x60CC30,0x60CC10,0x7FCC18,0x60C008,0x60C004,0x000002,0x000001},
  {0x000008,0x300038,0x7FFC18,0x000018,0x00030C,0x1817FC,0x3FF066,0x183062,0x183061,0x183660,0x183FFF,0x1FF060,0x183060,0x000060,0x081060,0x3820B0,0x186330,0x186630,0x0C6610,0x040618,0x020008,0x610004,0xFFFE02,0x000001},
  {0x000000,0x600000,0xFFFFFF,0x000600,0x000600,0x000300,0x000300,0x000180,0x000180,0x0000C0,0x0C00C0,0x1FFFE0,0x0C00F0,0x0C00D8,0x0C00CC,0x0C00C3,0x0C00C0,0x0C00C0,0x0C00C0,0x0C00C0,0x0C00C0,0x0FFFC0,0x0C00C0,0x0C00C0},
  {0x070000,0x030600,0x030FFF,0x030030,0x0B1030,0x137030,0x233030,0x633018,0xC33318,0xC313F8,0xC31B18,0x130B1C,0x73071C,0x33031A,0x33E31A,0x198319,0x180318,0x0C03F8,0x060318,0x030018,0x018018,0x00C000,0x003000,0x000E00},
  {0x300000,0x7FFB00,0x0C67FF,0x0C6030,0x0C6030,0x0C6030,0x0C6018,0x0C6018,0x6C6188,0xFFFFFC,0x0C618C,0x0C618E,0x0C618E,0x0C618D,0x0C618C,0x0C618C,0x0C618C,0x0C61FC,0x0C318C,0x0C300C,0x0C300C,0x0C1800,0x0C0C00,0x0C0300},
  {0x01C000,0x00C300,0x00C7FF,0x0CC030,0x1FFE30,0x0CC030,0x4CC030,0x4C6018,0xCC6018,0xFC3198,0x7B99F8,0x01879C,0x01819C,0x01819A,0x61819A,0xFFFF99,0x018198,0x018198,0x0181F8,0x018198,0x018018,0x018018,0x018000,0x018000},
  {0x038000,0x018180,0x0183FF,0x618418,0xFFFC18,0x618C18,0x218C18,0x118C0C,0x198CCC,0x3FFDFC,0x182CCE,0x182CCE,0x0C4CCD,0x0C4CCC,0x064CCC,0x068CCC,0x0386FC,0x0306CC,0x03820C,0x04C30C,0x1C6100,0xF83080,0x700C40,0x600300},
  {0x600000,0xFFFD80,0x0303FF,0x030030,0x630830,0xFFF830,0x631818,0x631818,0x7FF988,0x631BFC,0x63199C,0x63199A,0x7FF99A,0x631999,0x032198,0x032198,0x034198,0x01C1F8,0x018198,0x03C018,0x0E6018,0xFC3000,0x780C00,0x600300},
  {0x004000,0x01C300,0x30CFFF,0x7FF830,0x319830,0x319830,0x319818,0x3FF998,0x319BF8,0x31999C,0x31999C,0x3FF99A,0x30219A,0x00E199,0x0E6198,0x661198,0xFFFFF8,0x060198,0x060018,0x060018,0x060000,0x060000,0x060000,0x060000},
  {0x01C000,0x00C980,0x60CBFF,0xFFF830,0x60CC30,0x106630,0x046618,0x0C2018,0x0630C8,0x3211FC,0x7FF8CC,0x0318CE,0x031CCE,0x331ACD,0x7FF9CC,0x0318CC,0x0318CC,0x3318FC,0x7FF8CC,0x03180C,0x031800,0x631800,0xFFF800,0x001800},
  {0x007000,0x003000,0x303008,0x7FFFF8,0x030618,0x333618,0x7FFFF8,0x078798,0x0BDE98,0x1B76D8,0xF32658,0x631638,0x430618,0x300018,0x7FFFF8,0x00180C,0x000C0C,0x0C060C,0x1FFF04,0x0C03C6,0x0C0332,0x0C030D,0x0FFF00,0x0C0300},
  {0x000000,0x0C0000,0x1FFFF8,0x000000,0x000000,0x000000,0x000000,0x600000,0xFFFFFF,0x001800,0x001800,0x001820,0x0118E0,0x021860,0x0C1860,0x181830,0x301830,0x701818,0x60180C,0x601803,0x001800,0x001800,0x001F00,0x000C00},
  {0x01C0E0,0x00C060,0x00C060,0x00C660,0x00CFFF,0x00C300,0x00C300,0x00C180,0x00C180,0x00C0C0,0x00C060,0x00C0E0,0x00C370,0x00C668,0x00C664,0x00C663,0x00C060,0x40C060,0x40C060,0x40C060,0x40C060,0xC0C060,0xFFC060,0x7F8060},
  {0x0380E0,0x018060,0x018060,0x018360,0x0187FF,0x018300,0x018180,0x018180,0x3180C0,0x7FFEC0,0x018060,0x0180E0,0x018370,0x018668,0x018664,0x018062,0x018061,0x018060,0x018060,0x018060,0x018060,0x618060,0xFFFF60,0x000060},
  {0x180070,0x3C0030,0x071030,0x00F1B0,0x0033FF,0x003180,0x6030C0,0xFFF0C0,0x063060,0x063060,0x063030,0x063070,0x0631B8,0x063334,0x063332,0x063031,0x061830,0x061830,0x060830,0x060C30,0x060430,0x060230,0x060130,0x060030},
  {0x02E070,0x0C6030,0x186030,0x186030,0x6061B0,0xFFFFFF,0x006180,0x0060C0,0x0460C0,0x1C6060,0x0C3060,0x0C31B0,0x067330,0x065338,0x035834,0x035832,0x018831,0x018C30,0x02C430,0x066230,0x1C3130,0xF818B0,0x700630,0x6001B0},
  {0x000070,0x180830,0x3FF830,0x1819B0,0x181BFF,0x181980,0x1818C0,0x1818C0,0x181860,0x181860,0x1FF830,0x1B1870,0x0311B8,0x037334,0x033332,0x033031,0x033030,0x033030,0x431830,0x431830,0x430C30,0xC30630,0xFF0330,0x7E00F0},
  {0x070070,0x030030,0x030030,0x0301B0,0x630BFF,0xFFF980,0x6318C0,0x6318C0,0x631860,0x631860,0x7FF830,0x631870,0x6319B8,0x631B34,0x631B32,0x7FF831,0x631830,0x631830,0x030030,0x030030,0x030030,0x030030,0x030030,0x030030},
  {0x000040,0x3018C0,0x7FFFE0,0x182C60,0x044630,0x02C6D8,0x01838C,0x0301B3,0x0E00E0,0xFD8060,0x73FFB0,0x40000C,0x000003,0x300000,0x7FFFFE,0x001800,0x001820,0x0318E0,0x0C1870,0x181830,0x301818,0x70180C,0x601F03,0x000C00},
  {0x01C070,0x00C030,0x30C030,0x7FFDB0,0x00C3FF,0x18C180,0x3FFCC0,0x00C0C0,0x30C060,0x7FFE60,0x006030,0x1C6070,0x6C61B8,0xFFFF34,0x0C3332,0x0C5031,0x0C9830,0x0D8830,0x0D8C30,0x0C0430,0x0C0230,0x0C01B0,0x0F8030,0x060030},
  {0x0381C0,0x0180C0,0x318CC0,0x7FFFFE,0x03C0E0,0x05E1F0,0x0DA6D0,0x39B6D8,0xF198CC,0x6186C3,0x0180C0,0x0C0000,0x1FFFF8,0x000000,0x600000,0xFFFFFF,0x001800,0x001820,0x0318E0,0x0C1870,0x381838,0x70180C,0x601F03,0x000C00},
  {0x600070,0xFFFC30,0x000030,0x1811B0,0x3FF3FF,0x183180,0x1830C0,0x1830C0,0x1FF060,0x183060,0x000030,0x600470,0xFFFCB8,0x618DB4,0x618DB2,0x618C31,0x7FFC30,0x618C30,0x618C30,0x618C30,0x618C30,0x7FFC30,0x600C30,0x600C30},
  {0x010300,0x070780,0x0301E0,0x030078,0x030067,0x030060,0x030660,0x030FFF,0x018060,0x018070,0x0180F0,0x018370,0x008678,0x00C678,0x00C668,0x00406C,0x044064,0x086062,0x102061,0x302060,0x7F1060,0xE1FF60,0xC01E60,0xC00260},
  {0x1C0300,0x0C27C0,0x0C40F0,0x0CC06F,0x0D8060,0x0D8060,0x0C0660,0x0C1FFF,0x0C2060,0x0C6070,0x0CC0F0,0x0CC378,0xEC0678,0x3C0668,0x0F006C,0x0CC064,0x0C3862,0x0C0661,0x0C0060,0x0C0060,0x0C0060,0x0C0060,0x0C0060,0x0C0060},
  {0x038180,0x0183E0,0x018078,0x058837,0x09B830,0x319830,0x6199B0,0xC19BFF,0xC18C30,0xC18438,0x098278,0x3981B8,0x198338,0x1DF33C,0x0CC034,0x060036,0x060032,0x030031,0x018030,0x00C030,0x006030,0x003030,0x000C30,0x000330},
  {0x006180,0x0183E0,0x0B0078,0x3B0037,0x18E030,0x186030,0x1861B0,0x0C63FF,0x0C6030,0x0C6038,0x166078,0x2664B8,0x6365B8,0xC165BC,0xC1E634,0xC0E734,0x006336,0x007032,0x106831,0x106430,0x106330,0x3060F0,0x3FE030,0x1FC030},
  {0x002300,0x00E7C0,0x0060F0,0x00603F,0x603030,0xFFF030,0x019330,0x019FFF,0x018830,0x058438,0x098A78,0x11B9B8,0x319B3C,0x619B34,0x618C34,0xC18C36,0xC18632,0xC18231,0x018130,0x0180B0,0x018030,0x018030,0x01F030,0x00C030},
  {0x008300,0x3187C0,0x7FC0F8,0x30C06F,0x184060,0x18A060,0x0D9B60,0x0607FF,0x030060,0x018070,0x0160F0,0x631B70,0xFF8678,0x618668,0x30C06C,0x316064,0x1B1862,0x0C0661,0x060060,0x030060,0x018060,0x00C060,0x003060,0x000E60},
  {0x01C0C0,0x00C5E0,0x60C438,0xFFFC37,0x600630,0x100630,0x3001B0,0x7FFFFF,0x016030,0x113078,0x7138B8,0x326DB8,0x1AE3BC,0x06B03C,0x05D834,0x05CC36,0x0DE332,0x19B031,0xF99830,0x718C30,0x61C3B0,0x00F830,0x00E030,0x006030},
  {0x038180,0x3183E0,0x7FFC78,0x018037,0x3FF830,0x018030,0x6181B0,0xFFFFFF,0x000030,0x1FF838,0x181878,0x1819B8,0x1FFB3C,0x181B34,0x181834,0x1FF836,0x181832,0x181831,0x1FF830,0x001030,0x067030,0x383830,0x700C30,0x600330},
  {0x1C0180,0x3F83E0,0x0BFC78,0x384437,0x188830,0x0D9830,0x0491B0,0x1FFFFF,0x180030,0x180038,0x1FFC78,0x1800B8,0x1801BC,0x1801BC,0x1FFC34,0x184036,0x08B032,0x11B431,0x633430,0xCB3630,0xC83230,0x1833B0,0x1FF1B0,0x0FE030},
  {0x003800,0x001800,0x001808,0x601808,0xFFFFF8,0x600008,0x30000C,0x08000E,0x004106,0x004700,0x004300,0x008300,0x008180,0x008180,0x018180,0x0100C0,0x0300C0,0x020060,0x060020,0x0C0030,0x1C0010,0xF80008,0x700004,0x600003},
  {0x003800,0x001808,0x601808,0xFFFFF8,0x60210C,0x20E70E,0x106386,0x206180,0x6060C0,0x7FE060,0x3FC018,0x000007,0x000000,0x000000,0x0C0000,0x1FFFF8,0x001800,0x001800,0x001800,0x001800,0x001800,0x601800,0xFFFFFF,0x000000},
  {0x003800,0x001808,0x601808,0xFFFFF8,0x30610C,0x08670E,0x006386,0x7FE1C0,0x7FC070,0x00001C,0x003803,0x001800,0x601800,0xFFFFFF,0x002C00,0x002C00,0x004600,0x00C600,0x018300,0x030180,0x0E00C0,0xFC0060,0x700018,0x400007},
  {0x003800,0x001808,0x601808,0xFFFFF8,0x60610C,0x10670E,0x006386,0x7FE1C0,0x7FC460,0x001C18,0x004C07,0x018600,0x060100,0x0FFFF8,0x0C00F0,0x000810,0x043700,0x086320,0x306320,0x620310,0xE2031C,0xC6030F,0x07FF03,0x03FE00},
  {0x003808,0x601808,0xFFFFF8,0x30608C,0x08638E,0x7FE1C6,0x7FC060,0x000018,0x1FFFF7,0x180030,0x180030,0x1FFFF0,0x180030,0x00E030,0x1C6730,0x0C6330,0x0FFF18,0x0C6318,0x006018,0x7061CC,0x3060C4,0x3060C2,0x3FFFC1,0x3000C0},
  {0x003808,0x301808,0x7FFFF8,0x30630C,0x08638E,0x7FE1C6,0x7FC0E0,0x0001D8,0x1FECC7,0x181FF8,0x184C18,0x1FCFF8,0x00CC18,0x30CFF8,0x7FCC18,0x306C18,0x306FFF,0x300F1E,0x300D82,0x180CC0,0x180C70,0x1F8C1C,0x0E0F83,0x060600},
  {0x003800,0x001800,0x001800,0x001800,0x001800,0x301800,0x7FFFFE,0x010000,0x070020,0x030040,0x0300C0,0x030080,0x018180,0x018180,0x008300,0x00C300,0x004300,0x004300,0x002300,0x002000,0x601000,0xFFFFFF,0x000000,0x000000},
  {0x038000,0x719C38,0x318C18,0x318C18,0x318C18,0x3FFD98,0x300FFF,0x000040,0x6001C1,0xFFFEC2,0x00C0C6,0x0040C4,0x60224C,0xFFFE6C,0x66662C,0x666720,0x6666D0,0x66667F,0x66660E,0x666602,0x666600,0x666600,0x7E6600,0x300600},
  {0x002010,0x00E070,0x606330,0xFFF7F8,0x009058,0x03088C,0x060584,0x060182,0x0000E1,0x180060,0x3FFFE0,0x18C630,0x18C610,0x186308,0x186184,0x0C30C2,0x0C1860,0x0C0C30,0x06060C,0x060300,0x0300C0,0x03F030,0x01C000,0x00C000},
  {0x002010,0x00E070,0x006030,0x606318,0xFFF7F8,0x00904C,0x030884,0x030582,0x0C0181,0x1FC000,0x00FC00,0x001BF8,0x001800,0x601800,0xFFFFFF,0x002C00,0x004600,0x00C600,0x018300,0x030180,0x0E00C0,0xFC0060,0x700018,0x400007},
  {0x002010,0x00E070,0x606638,0xFFEFF8,0x01304C,0x061184,0x060982,0x1FFFFD,0x0C1800,0x0C1810,0x0FFFF0,0x0C1830,0x001830,0x601830,0xFFFFF0,0x601E38,0x601B18,0x601B80,0x3018C0,0x3F1860,0x1C1830,0x0C180C,0x001803,0x001800},
  {0x002010,0x00E070,0x606330,0xFFF7F8,0x011058,0x06098C,0x063984,0x081802,0x1FFFF9,0x001800,0x001800,0x601800,0xFFFFFF,0x018000,0x018000,0x318000,0x7FFFFE,0x018040,0x018180,0x018300,0x018300,0x018000,0x01F000,0x00C000},
  {0x002010,0x00E070,0x006030,0x606318,0xFFF7F8,0x01104C,0x060984,0x060582,0x038309,0x0187F8,0x318318,0x7FFB18,0x3183F8,0x318318,0x318318,0x318318,0x3183F8,0x30C318,0x30C318,0x304308,0x18630C,0x1FA304,0x0E13E2,0x060D81},
  {0x002010,0x00E070,0x606330,0xFFF7F8,0x013058,0x06198C,0x060984,0x18040A,0x3FFFF9,0x180018,0x198018,0x1BFFD8,0x180018,0x18C118,0x19FF18,0x18C318,0x18C318,0x18C318,0x18FF18,0x18C318,0x180318,0x180018,0x1F0018,0x0C0018},
  {0x004010,0x01C070,0x60C630,0xFFEFF8,0x022058,0x04108C,0x0C1984,0x0C1D82,0x002C01,0x004600,0x008300,0x014180,0x06FEC0,0x1C0060,0xF80030,0x63004C,0x47FFC3,0x0300C0,0x0300C0,0x0300C0,0x0300C0,0x03FFC0,0x0300C0,0x0300C0},
  {0x002010,0x00E070,0x606338,0xFFF7F8,0x01104C,0x060986,0x063981,0x601804,0xFFFFFC,0x600006,0x318047,0x13FFC3,0x0180C0,0x0180C0,0x0180C0,0x01FFC0,0x0180C0,0x0600C0,0x0FFFC0,0x0600C0,0x0600C0,0x0600C0,0x07FFC0,0x0600C0},
  {0x002010,0x00E070,0x606630,0xFFEFF8,0x013048,0x06118C,0x060984,0x302462,0x7FE061,0x306660,0x306FFF,0x306060,0x3FE070,0x3060F0,0x306378,0x306668,0x306668,0x3FE06C,0x306064,0x306062,0x306061,0x306060,0x3FE060,0x306060},
  {0x002008,0x00E038,0x606318,0xFFF7F8,0x00902C,0x0308CC,0x0304C4,0x30460A,0x7FCFF9,0x30C618,0x30C618,0x30C7F8,0x30C618,0x30C618,0x30C7F8,0x30C618,0x30C098,0x30C318,0x30C618,0x3ECFD8,0x18CC7F,0x00CC0E,0x00C002,0x00C000},
  {0x002010,0x00E070,0x606330,0xFFF7F8,0x011048,0x060984,0x0605C2,0x304CC1,0x7FDFFF,0x30C0C0,0x30CCC4,0x30DFFC,0x30CCCC,0x30CCCC,0x3ECFFC,0x18CCCC,0x00CCCC,0x00CFFC,0x40CCCC,0x40D8C0,0x40FFFF,0xC0C0C0,0xFFC0C0,0x7F80C0},
  {0x002010,0x00E070,0x606638,0xFFEFF8,0x01304C,0x061184,0x340902,0x7FE7FD,0x30660C,0x3FE7FC,0x30660C,0x30660C,0x3FE7FC,0x30000C,0x30FF0C,0x30C30C,0x30C30C,0x30FF0C,0x30C30C,0x30C30C,0x30FF0C,0x30C30C,0x3E000C,0x18000C},
  {0x002008,0x606318,0xFFF7FC,0x01102C,0x0608C6,0x06E5C2,0x6064C1,0xFFEFFE,0x006208,0x1FE330,0x180D10,0x183FFF,0x1FE000,0x0067FC,0x3FE60C,0x00660C,0x3FE7FC,0x00660C,0x3FE60C,0x4067FC,0x40660C,0xC0660C,0xFFE7CC,0x7FC30C},
  {0x083800,0x381808,0x1C1830,0x0C1860,0x0618E0,0x0218C0,0x0118C0,0x009800,0x601800,0xFFFFFF,0x005E00,0x009E00,0x009B00,0x011B00,0x031980,0x061980,0x0C18C0,0x1C1860,0xF81830,0x701818,0x60180C,0x001803,0x001800,0x001800},
  {0x011070,0x017131,0x013732,0x023332,0x0231B6,0x0418B6,0x0C1870,0x180B30,0x380FFF,0xF00430,0x7FFE78,0x5861B8,0x186338,0x186338,0x18603C,0x186034,0x183036,0x183032,0x183031,0x0C1830,0x0C1830,0x0FCC30,0x070630,0x0301B0},
  {0x01C0E0,0x00C162,0x00C764,0x0CC36C,0x1FFD6C,0x0CC0EC,0x0CC060,0x4C6360,0x4C67FF,0xCC3070,0xFC10F0,0x7B8B78,0x018668,0x018668,0x61806C,0xFFFF64,0x018064,0x018062,0x018061,0x018060,0x018060,0x018060,0x018060,0x018060},
  {0x038070,0x018131,0x018732,0x018336,0x0181B6,0x618076,0xFF8030,0x018330,0x0187FF,0x018030,0x018078,0x0181B8,0x198B38,0x3FFB38,0x18183C,0x181834,0x181836,0x181832,0x181831,0x181830,0x181830,0x1FF830,0x181830,0x181830},
  {0x038070,0x0180B1,0x3183B2,0x7FFDB6,0x0180B6,0x198076,0x3FF830,0x0181B0,0x6183FF,0xFFFE30,0x000078,0x1809B8,0x3FFB38,0x181B3C,0x181834,0x1FF834,0x181836,0x181832,0x1FF831,0x181830,0x181830,0x181830,0x1F1830,0x0C1830},
  {0x623870,0xFE18B1,0x661BB2,0x6619B6,0x6618B6,0x66D876,0x67FF30,0x7E18B0,0x6619FF,0x661830,0x661838,0x665A78,0x66FEB8,0x6667BC,0x7E66B4,0x666634,0x666636,0x666632,0x667E31,0x636630,0x630630,0x618030,0x7CC030,0x303030},
  {0x002010,0x00E070,0x006030,0x006051,0x6031CA,0xFFF0C6,0x60106C,0x60182C,0x6008B0,0x602510,0x60C3E8,0x61833F,0x61833E,0x618072,0x3000B0,0x3001B2,0x30033E,0x300336,0x180332,0x180032,0x0C0031,0x0FC030,0x070030,0x030030},
  {0x000010,0x000070,0x300030,0x7FFE51,0x0181CA,0x0180C6,0x01806C,0x01802C,0x0180B0,0x018110,0x0181E8,0x01833F,0x01833E,0x018072,0x0180B0,0x0181B2,0x01833E,0x018336,0x018332,0x018032,0x018031,0x618030,0xFFFF30,0x000030},
  {0x038010,0x018070,0x018030,0x018051,0x6185CA,0xFFFCC6,0x618C6C,0x618C2C,0x618CB0,0x628C90,0x64CDE8,0x64CDBF,0x6C4C3E,0x6C6C72,0x6C2CB0,0x601DB2,0x600DBE,0x600DB6,0x600C32,0x600C32,0x600C31,0x600C30,0x7C0C30,0x300C30},
  {0x038010,0x018070,0x318030,0x7D8051,0x0FE1CA,0x01BEC6,0x01806C,0x01802C,0x39B8B0,0x199910,0x199BE8,0x199B3F,0x199B3E,0x199872,0x1998B0,0x1FF9B2,0x199B3E,0x019B36,0x418332,0x418032,0x418031,0xC18030,0xFF8030,0x7F0030},
  {0x180010,0x3E0070,0x078830,0x037851,0x0319CA,0x0318C6,0x03186C,0x63182C,0xFFF8B0,0x031910,0x0319E8,0x031B3F,0x061B3E,0x061872,0x0618B0,0x0619B2,0x461B3E,0x4C1B36,0x4D1832,0x4CD832,0x583831,0xF81FB0,0xF00730,0x600130},
  {0x012010,0x016070,0x026030,0x026051,0x0431CA,0x0430C6,0x0C106C,0x18182C,0x3808B0,0xF00510,0x7FFFE8,0x58C33F,0x18C33E,0x18C072,0x18C0B0,0x1861B2,0x18633E,0x186336,0x182332,0x0C3032,0x0C1031,0x0FC830,0x070430,0x030230},
  {0x003800,0x181800,0x3FFFFC,0x001800,0x0C1800,0x1FFFF8,0x001800,0x601800,0xFFFFFF,0x004C00,0x01C640,0x00E180,0x013300,0x061B00,0x180400,0x3FFFFE,0x701BFC,0x609844,0x0319C0,0x0C18E0,0x381870,0x701818,0x601806,0x001800},
  {0x003800,0x001800,0x301800,0x7FFFFE,0x001800,0x001804,0x601804,0xFFFFFC,0x600206,0x304E07,0x09C723,0x00E0C0,0x023380,0x0C0900,0x3FFFFF,0x701BFE,0x601802,0x019840,0x0619C0,0x1C18E0,0x381870,0x70181C,0x601803,0x001800},
  {0x000010,0x600870,0xFFF830,0x631851,0x6319CA,0x6318C6,0x63186C,0x63182C,0x6318B0,0x631910,0x6319E8,0x7FFB3F,0x631B3E,0x631872,0x6318B0,0x6319B2,0x631B3E,0x631B36,0x631B32,0x631832,0x631831,0x7FF830,0x601830,0x601830},
  {0x070010,0x030070,0x030030,0x030051,0x6309CA,0xFFF8C6,0x63186C,0x63182C,0x6318B0,0x631910,0x7FFBE8,0x631B3F,0x631B3E,0x631872,0x6318B0,0x7FF9B2,0x631B3E,0x631B36,0x030332,0x030032,0x030031,0x030030,0x030030,0x030030},
  {0x000010,0x600070,0xFFFE30,0x60C051,0x60C1CA,0x60C0C6,0x30606C,0x30602C,0x3F30B0,0x1C1110,0x0C0BE8,0x00073F,0x180B3E,0x3FF872,0x1818B0,0x1819B2,0x181B3E,0x181B36,0x181B32,0x181832,0x181831,0x1FF830,0x181830,0x181830},
  {0x004010,0x01C070,0x18C030,0x3FE051,0x1861CA,0x0C30C6,0x0C506C,0x06882C,0x0306B0,0x038110,0x0CC1E8,0xF8333F,0x700F3E,0x40C072,0x0300B0,0x0601B2,0x06033E,0x000336,0x007332,0x018032,0x030031,0x0E0030,0x1C0030,0x180030},
  {0x0C1020,0x1FF0E0,0x0C3060,0x0C30B2,0x0C3394,0x0C318C,0x0C30D8,0x0FF058,0x0C30A0,0x0C3110,0x0C33C8,0x0C367F,0x0C366E,0x0C3062,0x0FF0E4,0x0C337C,0x0C366C,0x0C366C,0x0C3064,0x0C3066,0x0C3062,0x6C3061,0xFFFE60,0x000060},
  {0x038010,0x018070,0x018030,0x018051,0x6181CA,0xFFFEC6,0x01806C,0x01802C,0x0180B0,0x018110,0x3181E8,0x7FFF3F,0x00033E,0x000072,0x1808B0,0x3FF9B2,0x181B3E,0x181B36,0x181B32,0x181832,0x181831,0x1FF830,0x181830,0x181830},
  {0x1B8010,0x318070,0x318030,0x018051,0x6181CA,0xFFFEC6,0x01806C,0x01802C,0x0300B0,0x137110,0x7331E8,0x33333F,0x33333E,0x16FC72,0x1E30B0,0x0E31B2,0x0C333E,0x5E1336,0x5A1B32,0x5B0832,0x718831,0x70C430,0xE06230,0xC01830},
  {0x018010,0x018070,0x02C030,0x02C051,0x0441CA,0x0C60C6,0x18206C,0xF0102C,0x7608B0,0x6FF510,0x0001E8,0x00033F,0x30033E,0x7FFC72,0x0180B0,0x0181B2,0x00833E,0x00C336,0x044332,0x084032,0x102031,0x3FFE30,0x707C30,0x600430},
  {0x002010,0x00E070,0x066030,0x0FF051,0x0631CA,0x0218C6,0x19086C,0x3FFC2C,0x199AB0,0x199910,0x199BE8,0x199B3F,0x199B3E,0x1FF872,0x1818B0,0x0019B2,0x001B3E,0x001B36,0x401B32,0x401832,0x401831,0xC01830,0xFFF830,0x7FF030},
  {0x01C010,0x00C070,0x60C030,0xFFFE51,0x00C1CA,0x00C0C6,0x18C06C,0x3FFC2C,0x0000B0,0x600490,0xFFFDE8,0x6007BF,0x10063E,0x077072,0x0330B0,0x0331B2,0x03333E,0x033336,0x433332,0x431832,0x431831,0xC30C30,0xFF0630,0x7E01B0},
  {0x000C04,0x181FFC,0x3FE0CC,0x188CCC,0x0C9FFC,0x0D0C0C,0x070C0C,0x070FFC,0x0D8CCC,0xF8C0CC,0x706FFC,0x60920C,0x038E40,0x01C680,0x046180,0x181300,0x3FFFFF,0x7019FE,0x601802,0x019840,0x0619E0,0x1C1870,0x381818,0x301806},
  {0x0C0010,0x1FFC70,0x0C0030,0x0C0051,0x0FFDCA,0x0C00C6,0x0C006C,0x6C002C,0xFFFEB0,0x018110,0x618BE8,0xE1933F,0x33B33E,0x15B072,0x0D81B0,0x058332,0x09C33E,0x19B036,0x319E32,0xF18C32,0x618431,0x618030,0x01F030,0x00C030},
  {0x01C010,0x10C070,0x70C030,0x36C051,0x3FFDCA,0x18C0C6,0x0CC06C,0x66C02C,0xFFFEB0,0x018110,0x00C3E8,0x18633F,0x3FF33E,0x183872,0x1836B0,0x1831B2,0x1FF33E,0x183336,0x183332,0x183032,0x183031,0x1FF030,0x183030,0x183030},
  {0x004010,0x01C070,0x18C830,0x3FF851,0x1819CA,0x1818C6,0x1FF86C,0x18182C,0x1818B0,0x1FF910,0x199BE8,0x11833F,0x71B03E,0x39FF72,0x0BB0B0,0x05B1B2,0x0599BE,0x0999B6,0x198C32,0xF18432,0x718231,0x6181B0,0x01F030,0x00C030},
  {0x038010,0x018070,0x618030,0xFFFE51,0x0411CA,0x1C20C6,0x0E646C,0x62642C,0xFFFEB0,0x600710,0x1381E8,0x01833F,0x31873E,0x7FFC72,0x318CB0,0x318DB2,0x318DBE,0x318DB6,0x318C32,0x3F8C32,0x198C31,0x018030,0x018030,0x018030},
  {0x038010,0x018070,0x618030,0xFFFE51,0x0181CA,0x3184C6,0x7FFC6C,0x318C2C,0x318CB0,0x3FFD10,0x318FE8,0x318F3F,0x318D3E,0x3FFC72,0x33EDB0,0x05B332,0x05B33E,0x099336,0x199832,0x318C32,0xF18431,0x618230,0x4181B0,0x018030},
  {0x060010,0x0FFC70,0x060030,0x060051,0x07F9CA,0x0600C6,0x66006C,0xFFFF2C,0x0380B0,0x12C110,0x72E1E8,0x35B33F,0x1DCF3E,0x056072,0x0B30B0,0x0B99B2,0x1BC73E,0x336336,0xF33332,0x631832,0x418631,0x018030,0x01F030,0x00C030},
  {0x180810,0x3FF870,0x199830,0x199851,0x1FF9CA,0x1998C6,0x19986C,0x19982C,0x1FF8B0,0x018190,0x3185E8,0x7FFDBF,0x318C3E,0x318C72,0x3FFCB0,0x318DB2,0x318DBE,0x318DB6,0x3FFC32,0x318C32,0x418C31,0xC18030,0xFF8030,0x7F0030},
  {0x1B8010,0x318070,0x318030,0xFFFE51,0x0181CA,0x3188C6,0x7FF86C,0x31982C,0x3198B0,0x3FF910,0x3199E8,0x319B3F,0x3FFB3E,0x0C1872,0x6C01B0,0xFFFF32,0x0C0B3E,0x0C3336,0x0C6032,0x0C6032,0x0C0031,0x0C0030,0x0F8030,0x060030},
  {0x300810,0x7FF870,0x001830,0x1FD851,0x0019CA,0x3018C6,0x7FF86C,0x64D82C,0x24D8B0,0x18C910,0x3CCDE8,0xF3C73F,0x60FB3E,0x5C3072,0x0C10B0,0x6C01B2,0xFFFF3E,0x0C0B36,0x0C3332,0x0C6032,0x0C6031,0x0C0030,0x0F8030,0x060030},
  {0x204810,0xE0B870,0x619830,0x330C51,0x130DCA,0x1306C6,0x680A6C,0xFFF92C,0x0C18B0,0x0C0C90,0x0DCDE8,0x0CCDBF,0x6CCE3E,0xFCCD72,0x0CCCB0,0x0CCDB2,0x0CCDBE,0x0CCDB6,0x0CCC32,0x0D4C32,0x0E6C31,0x0C6C30,0xF82C30,0x701C30},
  {0x038010,0x018470,0x618430,0xFFFE51,0x6007CA,0x100AC6,0x60386C,0xFFD82C,0x0618B0,0x060C90,0x324DE8,0x7FCFBF,0x30CE3E,0x30CD72,0x30CCB0,0x30CDB2,0x3FCDBE,0x30CDB6,0x30CC32,0x30CC32,0x30CC31,0x3FCC30,0x30CC30,0x30CC30},
  {0x038010,0x318070,0x7FFE30,0x018051,0x3FFDCA,0x0180C6,0x61806C,0xFFFF2C,0x0000B0,0x1FF110,0x1833E8,0x18333F,0x1FF33E,0x183072,0x1830B0,0x1FF1B2,0x18333E,0x183336,0x1FF332,0x002032,0x0CE031,0x307030,0x701830,0x600630},
  {0x004008,0x01C038,0x60C618,0xFFEFFC,0x0C2004,0x0C57FA,0x068ED9,0x069FFF,0x03036C,0x0D836C,0xF84FFE,0x703586,0x405C20,0x01CCC0,0x0CE380,0x701100,0xFFFFFF,0xC01BFE,0x001842,0x0319C0,0x0C18E0,0x381870,0x701818,0x601806},
  {0x073810,0x0B1870,0x335830,0x63FF51,0x6319CA,0x0318C6,0x63186C,0xFFFFAC,0x036C70,0x236D90,0xE66DE8,0x666F3F,0x666D3E,0x376C72,0x36EDB0,0x1C6EB2,0x0C6EBE,0x1DEC36,0x5E7C32,0x531FB2,0x718731,0x60C130,0xE03030,0xC00C30},
  {0x0620E0,0x4FEC60,0x467FFF,0xC66060,0xFE37FE,0x7C1666,0x000FFE,0x3FF666,0x1847FE,0x0C8C60,0x071FFF,0x1D8260,0xF87660,0x604320,0x41C0C0,0x04E180,0x181300,0x3FFFFE,0x701FFC,0x619844,0x0619C0,0x1C18E0,0x381830,0x30180E},
  {0x073810,0x031870,0x0B5830,0x33FE51,0x6343CA,0x63C4C6,0x036C6C,0x63242C,0xFFFFB0,0x030090,0x2365E8,0xE6FDBF,0x666C3E,0x766C72,0x367CB0,0x166DB2,0x1C6DBE,0x4C6D36,0x5E7C32,0x5B6C32,0x718C31,0xF0C030,0xE03030,0x400C30},
  {0x062010,0x0FE070,0x066030,0x066051,0x07E1CA,0x0660C6,0x00006C,0x32642C,0x7EFCB0,0x366D10,0x366FE8,0x3E7D3F,0x366C3E,0x038072,0x6180B0,0xFFFFB2,0x03E1BE,0x05B1B6,0x0DB032,0x199832,0xF18C31,0x718630,0x6181B0,0x018030},
  {0x300004,0x7FFFFC,0x30C30C,0x30C30C,0x30C30C,0x3FFFFC,0x30000C,0x00E700,0x006300,0x306300,0x7FE3FE,0x006300,0x006300,0x1863FC,0x3FE300,0x006300,0x0063E0,0x60633F,0xFFE18E,0x006182,0x0060C0,0x006060,0x006030,0x00600E},
  {0x300004,0x7FFFFC,0x30C30C,0x30C30C,0x3FFFFC,0x30180C,0x601800,0xFFFFFF,0x001800,0x061880,0x0FFF80,0x06019C,0x06018C,0x07FF8C,0x06018C,0x06018C,0x07FF8C,0x06018C,0x06018C,0x07FF8C,0x06018C,0x60000C,0xFFFFFC,0x00000C},
  {0x300004,0x7FFFFC,0x30C30C,0x30C30C,0x3FFFFC,0x30000C,0x0C0020,0x1FFFE0,0x001860,0x031860,0x07FFE0,0x001860,0x031860,0x07FFE0,0x001860,0x301860,0x7FFFE0,0x304468,0x318848,0x199884,0x1C1986,0x0FC187,0x070003,0x030000},
  {0x008040,0x038180,0x018300,0x00C300,0x302000,0x7FFFFE,0x001800,0x001800,0x001800,0x181800,0x3FFFFC,0x001800,0x001800,0x001800,0x601800,0xFFFFFF,0x001800,0x001800,0x001800,0x001800,0x001800,0x001800,0x001800,0x001800},
  {0x008040,0x038180,0x01C300,0x184300,0x3FFFFC,0x001800,0x0C1800,0x1FFFF8,0x001800,0x001800,0x301800,0x7FFFFE,0x000800,0x003800,0x601800,0xFFFFFF,0x002C00,0x004600,0x008300,0x030180,0x0E00C0,0xFC0060,0x700018,0x400007},
  {0x102600,0x70CFFE,0x318630,0x198630,0x641630,0xFFFFFF,0x060630,0x060630,0x060630,0x3607FE,0x7FE630,0x060030,0x060018,0x060618,0x660FF8,0xFFF61C,0x06061C,0x06061A,0x060619,0x060618,0x060618,0x0607F8,0x060618,0x060018},
  {0x008080,0x01C300,0x304100,0x7FFFFE,0x001800,0x0C1800,0x1FFFF8,0x001800,0x601800,0xFFFFFF,0x000400,0x0DCF00,0x18C3C0,0x18C1BC,0x60C180,0xFFFFFF,0x098180,0x3D8F80,0x0F01FE,0x43019C,0x478184,0xDCE180,0xF81DF0,0x6000C0},
  {0x000000,0x300600,0x7FEFFF,0x301602,0x302604,0x304608,0x30C618,0x318630,0x318630,0x318630,0x300600,0x380700,0x340680,0x320640,0x318630,0x30E61C,0x307E0F,0x303606,0x301602,0x300600,0x300600,0x300600,0x3E07C0,0x180300},
  {0x600600,0xFFFFFF,0x604604,0x608608,0x638638,0x630630,0x700700,0x6C06C0,0x63F63F,0x60E60E,0x602402,0x001C00,0x060C20,0x0FFFE0,0x060060,0x060060,0x060060,0x07FFE0,0x060060,0x060060,0x060060,0x060060,0x07FFE0,0x060060},
  {0x300600,0x7FFFFF,0x302604,0x30C618,0x30C618,0x3C0780,0x33F67F,0x30E60E,0x003802,0x181800,0x3FFFFC,0x0700E0,0x030060,0x030060,0x0D81B0,0x18DB18,0x583B04,0xFFFFFF,0x001800,0x001800,0x001800,0x001800,0x001800,0x001800},
  {0x00E700,0x306300,0x7FE3FE,0x006300,0x186300,0x3FE3FC,0x006300,0x6063C0,0xFFE1BF,0x00618E,0x0060C2,0x006038,0x180600,0x3FFFFE,0x182608,0x18C630,0x18C630,0x1C0780,0x1B0660,0x19F63E,0x18660C,0x182604,0x1F07C0,0x0C0300},
  {0x600600,0xFFEFFF,0x608608,0x630630,0x7A07A0,0x67F67E,0x60E60C,0x062024,0x0FFFE0,0x061860,0x07FFE0,0x061860,0x061860,0x07FFE0,0x18C300,0x3FFFFC,0x00C300,0x60C300,0xFFFFFF,0x000100,0x030780,0x1C01C0,0x700070,0x60000E},
  {0x000E00,0x010600,0x070600,0x036600,0x03FFF8,0x018600,0x00C600,0x606600,0xFFFFFF,0x001800,0x000C00,0x060680,0x0FFF80,0x0001C0,0x0001E0,0x0601B0,0x0FFF8C,0x060183,0x070180,0x030000,0x038000,0x01F800,0x00E000,0x006000},
  {0x000E00,0x020600,0x0E0600,0x06C600,0x07FFF8,0x030600,0x018600,0x00C600,0x606600,0xFFFFFF,0x001800,0x000C00,0x030600,0x07FF80,0x0301C0,0x0301B0,0x03018C,0x03FF83,0x030180,0x030180,0x030180,0x030180,0x03FF80,0x030180},
  {0x380000,0x183000,0x187FFF,0x1800C0,0x580040,0xFFD822,0x183FFE,0x1819B6,0x1819B6,0x1859B6,0x1999B6,0x1B19B6,0x1B19B6,0x1B19B6,0x1819B6,0x1819B6,0x1819B6,0x1819B6,0x1819B6,0x1819B6,0x1819B6,0x1819B6,0x1F1F06,0x0C0C06},
  {0x000000,0x600000,0xFFFFFF,0x0180C0,0x0180C0,0x0180C0,0x0180C0,0x01FFC0,0x0180C0,0x0180C0,0x0180C0,0x0180C0,0x01FFC0,0x0180C0,0x0180C0,0x0180C0,0x7F80C0,0x01FFC0,0x0183FF,0x01803E,0x018002,0x018000,0x018000,0x018000},
  {0x001800,0x003FFF,0x604618,0xFFC618,0x60C7F8,0x60C618,0x60C618,0x60C7F8,0x60C618,0x7FC618,0x60C7FF,0x60C61E,0x000602,0x180000,0x3FFFFC,0x001800,0x001800,0x061800,0x0FFFF0,0x001800,0x001800,0x601800,0xFFFFFF,0x000000},
  {0x602602,0xFFEFFE,0x606606,0x606606,0x7FE7FE,0x606606,0x606606,0x7FE7FE,0x606606,0x620006,0x67FFE6,0x60C306,0x60C306,0x60FF06,0x60C306,0x60C306,0x60FF06,0x60C306,0x60C306,0x60FFE6,0x60C3C6,0x60C046,0x7CC006,0x300006},
  {0x3064C0,0x7FEFFE,0x006310,0x3FE930,0x301FFF,0x3FE000,0x0067F8,0x1FE618,0x0067F8,0x1FE618,0x4067F8,0xDFE618,0xC06798,0x7FC318,0x000000,0xFFFFFF,0x0300C0,0x03FFC0,0x0300C0,0x03FFC0,0xFF00C0,0x03FFFF,0x03007E,0x030000},
  {0x003800,0x001800,0x001800,0x301804,0x7FFFFC,0x30180C,0x30180C,0x302C0C,0x30CC0C,0x31860C,0x31830C,0x3038CC,0x30180C,0x30180C,0x302C0C,0x30CC0C,0x31860C,0x33030C,0x3300CC,0x30000C,0x30000C,0x30000C,0x3E000C,0x18000C},
  {0x01C184,0x00C3FC,0x00C18C,0x00C18C,0x00C18C,0x30C18C,0x7FFDFC,0x30C18C,0x30C18C,0x30C18C,0x30C18C,0x30C18C,0x30C1FC,0x30C18C,0x30618C,0x30618C,0x30618C,0x30618C,0x30318C,0x18318C,0x181984,0x1F8986,0x0E05F2,0x0602C1},
  {0x600000,0xFFFFFF,0x000000,0x180010,0x3FFFF0,0x180030,0x180030,0x1FFFF0,0x180030,0x000030,0x0FFF30,0x0C0330,0x0C0330,0x0FFF30,0x0C0330,0x0C0318,0x0FFF18,0x0C0318,0x0C0308,0x0C030C,0x0C0304,0x0C0302,0x0F8301,0x060300},
  {0x003800,0x001800,0x601800,0xFFFFFF,0x000600,0x030200,0x0C0100,0x1FFFFC,0x3803F8,0x300008,0x030040,0x07FFC0,0x0300C0,0x0300C0,0x03FFC0,0x0300C0,0x0300C0,0x03FFC0,0x0300C0,0x0300C0,0x0300C0,0x0300C0,0x03E0C0,0x0180C0},
  {0x0380C4,0x0181FC,0x6180CC,0xFFFFCC,0x0180CC,0x0180CC,0x3184FC,0x7FFCCC,0x318CCC,0x318CCC,0x318CCC,0x318CCC,0x318CFC,0x318CCC,0x318CCC,0x318CCC,0x318CCC,0x3F8CCC,0x198CCC,0x0180CC,0x0180C4,0x0180C6,0x0180FA,0x018061},
  {0x181184,0x3FF3FC,0x18318C,0x18318C,0x18318C,0x18318C,0x1831FC,0x18318C,0x1FF18C,0x18318C,0x18318C,0x18318C,0x1831FC,0x18318C,0x18318C,0x18318C,0x18318C,0x1FF18C,0x18318C,0x18318C,0x000184,0x600186,0xFFFDF2,0x0000C1},
  {0x00E700,0x306300,0x786300,0x0E63FF,0x41E300,0x406300,0xC063C0,0xFFE33F,0x7FC30E,0x000302,0x030040,0x07FFC0,0x0300C0,0x0300C0,0x03FFC0,0x0300C0,0x0300C0,0x03FFC0,0x0300C0,0x0300C0,0x0300C0,0x0300C0,0x03E0C0,0x0180C0},
  {0x6040E0,0xFFC060,0x60C060,0x60C060,0x60C060,0x60CC60,0x7FDFFF,0x60C060,0x60C060,0x60C060,0x60C060,0x60C060,0x7FC664,0x60CFFC,0x60C60C,0x60C60C,0x60C60C,0x60C60C,0x60660C,0x6067FC,0x60660C,0x60300C,0x7C1800,0x300600},
  {0x0010C4,0x0071FC,0x0030CC,0x0030CC,0x6018CC,0xFFF8CC,0x600CFC,0x6044CC,0x61C2CC,0x6EDDCC,0x66CCCC,0x66DCCC,0x666CCC,0x664CFC,0x66ECCC,0x67ACCC,0x679CCC,0x660CCC,0x37FCCC,0x360CCC,0x380CC4,0x1F00C6,0x1C00FA,0x0C0061},
  {0x01C020,0x20C0E0,0x70C260,0x38C420,0x0CCC10,0x03DFFF,0x40D81E,0x40D802,0xC0C604,0xFFCFFC,0x7F860C,0x00060C,0x01C7FC,0x00C60C,0x30C60C,0x78C60C,0x1CC7FC,0x03C60C,0x00C60C,0x40C60C,0x40C60C,0xC0C60C,0xFFC7CC,0x7F830C},
  {0x001C00,0x060C00,0x0FFFF0,0x060600,0x070300,0x03E1C0,0x018038,0x6300C0,0xFFEFFF,0x630C60,0x618C30,0x3CC798,0x18330C,0x060023,0x0FFFE0,0x060060,0x07FFE0,0x060060,0x07FFE0,0x060060,0x060060,0x060060,0x07C060,0x030060},
  {0x0010C4,0x0631FC,0x0FF0CC,0x0618CC,0x6108CC,0xFFFCCC,0x000CFC,0x000ECC,0x184DCC,0x3FCCCC,0x18CCCC,0x18CCCC,0x18CCFC,0x18CCCC,0x18CCCC,0x1ECCCC,0x0CCCCC,0x00CCCC,0x00CCCC,0x40C4CC,0x40C6C4,0xC0C2C6,0xFFC1FA,0x7F8061},
  {0x01C0C4,0x00C1FC,0x30C0CC,0x7FFECC,0x3060CC,0x3060CC,0x3030FC,0x1830CC,0x1F18CC,0x0C0CCC,0x0003CC,0x0E1CCC,0x060CFC,0x666CCC,0xFFFFCC,0x666CCC,0x666CCC,0x666CCC,0x666CCC,0x6264CC,0x6264C4,0x3366C6,0x3D3AF2,0x18B161},
  {0x0C00C4,0x1E01FC,0x03C4CC,0x307CCC,0x780CCC,0x0E4CCC,0x03CCFC,0x20CCCC,0xE0CCCC,0x70CCCC,0x19CCCC,0x05CCCC,0x02CCFC,0x02CCCC,0x04CCCC,0x04CCCC,0x04CCCC,0x0CCCCC,0x08CCCC,0x18C4C4,0x38C6C6,0xF0C2C2,0x70C1FA,0x60C061},
  {0x6238C4,0xFE19FC,0x6618CC,0x6618CC,0x66D8CC,0x67FFCC,0x6618FC,0x6618CC,0x66D8CC,0x67FFCC,0x6608CC,0x6638CC,0x6618FC,0x6618CC,0x6628CC,0x664CCC,0x7E44CC,0x36FFCC,0x06CEC4,0x06C2C4,0x0600C6,0x0600C2,0x0600FA,0x060061},
  {0x0000C4,0x6001FC,0xFFFECC,0x0000CC,0x1110CC,0x3BB8CC,0x0888FC,0x0444CC,0x0888CC,0x1998CC,0x3330CC,0x3330CC,0x0000FC,0x3000CC,0x7FFCCC,0x0180CC,0x0180CC,0x0180CC,0x0180CC,0x0180CC,0x0180C4,0x6180C6,0xFFFEFA,0x000061},
  {0x0380C4,0x0181FC,0x0184CC,0x6184CC,0xFFFCCC,0x6006CC,0x1006FC,0x311CCC,0x7F6CCC,0x337CCC,0x336CCC,0x336CCC,0x3364FC,0x336ECC,0x332ACC,0x3F32CC,0x1B31CC,0x0310CC,0x4318CC,0x4308CC,0x430CC4,0xC304C6,0xFF02FA,0x7E0161},
  {0x6000C4,0xFFFFFC,0x0360CC,0x0360CC,0x3364CC,0x7FFCCC,0x336CFC,0x336CCC,0x336CCC,0x3FFCCC,0x300CCC,0x01C0CC,0x00C0FC,0x6060CC,0xFFFFCC,0x0C60CC,0x0C30CC,0x0638CC,0x06D8CC,0x0300CC,0x0D80C4,0x38E0C6,0x7038FA,0x600761},
  {0x001184,0x0073FC,0x60318C,0xFFF18C,0x00198C,0x18098C,0x3FF5FC,0x18338C,0x18318C,0x1FF18C,0x18318C,0x18318C,0x1FF1FC,0x00C18C,0x0C618C,0x1FE18C,0x0C318C,0x06518C,0x03898C,0x01858C,0x06C184,0xFC6186,0x7019F2,0x4006C1},
  {0x1841C4,0x3FC2FC,0x18C6CC,0x18CCCC,0x1FCCCC,0x18CCCC,0x18C0FC,0x18C0CC,0x1FC0CC,0x10C0CC,0x70CCCC,0x31DFCC,0x12CCFC,0x0CCCCC,0x18CCCC,0x34CCCC,0x73CCCC,0x61FCCC,0x606CCC,0x002CCC,0x0017C4,0xFFE6C6,0x7FC2FA,0x000061},
  {0x01C0C4,0x00C1FC,0x60C0CC,0xFFFFCC,0x02F0CC,0x04D8CC,0x0CD8FC,0xF8CCCC,0x70E6CC,0x6161CC,0x0630CC,0x0C18CC,0xF9CCFC,0x74C6CC,0x6CC9CC,0x0ED8CC,0x01D8CC,0x00E0CC,0x0ED8CC,0x38CFCC,0x70C6C4,0x60C2C6,0x00F8FA,0x006061},
  {0x0870C4,0x3831FC,0x18B0CC,0x19FECC,0x0C30CC,0x0D30CC,0x17FFFC,0x7200CC,0x3182CC,0x31FECC,0x1986CC,0x1986CC,0x2D86FC,0xE5FECC,0x6241CC,0x31C6CC,0x30CCCC,0x182CCC,0x0DE0CC,0x043FCC,0x020EC4,0x0102C6,0x0080FA,0x006061},
  {0x0380C4,0x0181FC,0x6180CC,0xFFFFCC,0x2620CC,0x7240CC,0x3EFFFC,0x2DB4CC,0x2DB4CC,0x7DB4CC,0xEFBECC,0x459ACC,0x0001FC,0x3830CC,0x1FF0CC,0x1830CC,0x1830CC,0x1FF0CC,0x1830CC,0x1830CC,0x1810C4,0x1818C6,0x1808FA,0x180661},
  {0x0E7064,0x0630FC,0x66306C,0xFFFF6C,0x16306C,0x60006C,0x66017C,0xFFFF6C,0x06036C,0x060B6C,0x27FB6C,0xE6DB6C,0x6CDB7C,0x6DFB6C,0x2D9B6C,0x3DFB6C,0x18DB6C,0x5CDB6C,0x5DFB6C,0x761B64,0x730166,0x618162,0xE060FA,0xC01C31},
  {0x002000,0x00E302,0x0067FE,0x303066,0x7FF066,0x001866,0x0C2B66,0x1FE7FE,0x0C6306,0x0C6306,0x0C6306,0x0FE306,0x0C63FE,0x000366,0x62C466,0xFEFC66,0x66CC66,0x66CC66,0x66CD66,0x66CFFE,0x66CC06,0x7EFC06,0x66CC00,0x66CC00},
  {0x000200,0x000E00,0x000600,0x0C0210,0x1FFFF0,0x0C0030,0x0C0030,0x0C0030,0x0C0030,0x0C0030,0x0FFFF0,0x0C0030,0x0C0030,0x0C0030,0x0C0030,0x0C0030,0x0FFFF0,0x0C0030,0x0C0030,0x0C0030,0x0C0030,0x0C0030,0x0FFFF0,0x0C0030},
  {0x000400,0x001C00,0x060C20,0x0FFFE0,0x060060,0x060060,0x07FFE0,0x060060,0x060060,0x07FFE0,0x060060,0x060060,0x07FFE0,0x061860,0x001800,0x600C00,0xFFFFFF,0x002600,0x004300,0x018180,0x0700C0,0xFE0060,0x780018,0x600007},
  {0x004000,0x01CC00,0x00DFFF,0x00C070,0x60C030,0xFFE090,0x0C6110,0x0C2308,0x0C77FF,0x06561E,0x064802,0x0640E0,0x028060,0x038660,0x018FFF,0x028060,0x02C060,0x064860,0x046660,0x0C21E0,0x18107F,0xF8080E,0x700402,0x600300},
  {0x000040,0x3180E0,0x7FFFB4,0x31818C,0x31918C,0x31BD8C,0x31818C,0x3F81FC,0x31B58C,0x31BD8C,0x31B58C,0x3FB5FC,0x31BD8C,0x31B58C,0x31818C,0x31818C,0xFFFFFF,0x000080,0x00C380,0x0301C0,0x0E00E0,0x380030,0x70000C,0x600003},
  {0x0C0000,0x1F0000,0x03E000,0x003E00,0x0019FC,0x001800,0x001800,0x601800,0xFFFFFF,0x001800,0x001800,0x001800,0x001800,0x061820,0x0FFFE0,0x060060,0x060060,0x060060,0x060060,0x060060,0x060060,0x07FFE0,0x060060,0x060060},
  {0x000400,0x001C00,0x060C40,0x0FFFC0,0x0600C0,0x0604C0,0x0618C0,0x0630C0,0x0630C0,0x0630C0,0x6600C0,0xFFFFFF,0x0600C0,0x0600C0,0x0638C0,0x0618C0,0x0618C0,0x061860,0x061860,0x061860,0x060030,0x060018,0x07C00C,0x030003},
  {0x070020,0x0300E0,0x031060,0x631324,0xFFF7FC,0x60130C,0x201B3C,0x101B6C,0x00E36C,0x00630C,0x086F0C,0x3863EC,0x18633F,0x0C630E,0x06636C,0x01E36C,0x00636C,0x00636C,0x20636C,0x20630C,0x206304,0x606306,0x7FE3E2,0x3FC181},
  {0x022020,0x02E0E0,0x026060,0x046324,0x0467FC,0x04630C,0x08633C,0x18336C,0x30336C,0xF0130C,0x601B0C,0x400BEC,0x18173F,0x3FF30E,0x18336C,0x18336C,0x18336C,0x18336C,0x18336C,0x18330C,0x183304,0x1FF306,0x1833E2,0x183181},
  {0x001C00,0x000C00,0x030C20,0x07FFE0,0x030060,0x030060,0x030060,0x03FFE0,0x030060,0x030060,0x030060,0x0BFFE0,0x3B0860,0x1C1060,0x061060,0x01A060,0x004060,0x00C060,0x018860,0x030660,0x0E01E0,0xFC007E,0x78001C,0x600004},
  {0x000100,0x000700,0x00C300,0x01FF80,0x006180,0x0030C0,0x0C0860,0x1FFFF0,0x0C1838,0x0C1834,0x0C1833,0x0C1830,0x0C1830,0x0FFFF0,0x0C0030,0x000030,0x000030,0x400030,0x400030,0x400030,0xC00030,0xC00030,0xFFFFF0,0x7FFFE0},
  {0x01C700,0x00C300,0x60C300,0xFFFFFF,0x00C300,0x00C300,0x001C00,0x000C00,0x060C00,0x0FFFFE,0x030000,0x018000,0x00C000,0x006000,0x003000,0x001800,0x000C10,0x000310,0x0000D8,0x000028,0x0000CC,0xFFFF07,0x7FFC06,0x000002},
  {0x01C700,0x00C300,0x00C300,0x60C300,0xFFFFFF,0x00C300,0x00C300,0x000000,0x000080,0x087380,0x3831C0,0x1C30C0,0x0C3060,0x063060,0x033070,0x00F078,0x003064,0x003063,0x403060,0x403060,0x403060,0xC03060,0xFFF060,0x7FE060},
  {0x01C700,0x00C300,0x60C300,0xFFFFFF,0x00C300,0x00C300,0x000000,0x180000,0x3FFFFC,0x000000,0x000000,0x600000,0xFFFFFF,0x000E00,0x000600,0x000600,0x008300,0x030300,0x060180,0x0C0080,0x1FF840,0x380FFE,0x3000FC,0x300004},
  {0x01C700,0x00C300,0x60C300,0xFFFFFF,0x00C300,0x00C300,0x00C300,0x600000,0xFFFFFF,0x0C0000,0x0C0000,0x0C3040,0x0C7FC0,0x0C30C0,0x0C30C0,0x0C30C0,0x0C30C0,0x0C3FC0,0x0C30C0,0x0C00C0,0x0C0000,0x0C0000,0x0F8000,0x060000},
  {0x01C700,0x00C300,0x60C300,0xFFFFFF,0x00C300,0x00C300,0x003800,0x001800,0x001800,0x601800,0xFFFFFF,0x001800,0x001800,0x001800,0x001800,0x061820,0x0FFFE0,0x060060,0x060060,0x060060,0x060060,0x060060,0x07FFE0,0x060060},
  {0x01C700,0x00C300,0x60C300,0xFFFFFF,0x00C300,0x00C300,0x033800,0x061800,0x361808,0x7FFFF8,0x001818,0x043018,0x1C3018,0x0E3018,0x066018,0x036018,0x01C018,0x00E018,0x41B018,0x439C08,0x47060C,0xDE0184,0xFC0072,0x700001},
  {0x01C700,0x00C300,0x60C300,0xFFFFFF,0x00C300,0x00DB00,0x001C00,0x002C00,0x004600,0x008300,0x018180,0x0338C0,0x0E1860,0xFD9830,0x73FFCC,0x401803,0x001840,0x0199C0,0x0618E0,0x0C1860,0x181830,0x381818,0x301806,0x001800},
  {0x01C700,0x00C300,0x60C300,0xFFFFFF,0x00C300,0x00C300,0x060020,0x0FFFE0,0x060060,0x060060,0x07FFE0,0x060060,0x060060,0x060060,0x07FFE0,0x061860,0x001800,0x601800,0xFFFFFF,0x001800,0x001800,0x001800,0x001800,0x001800},
  {0x01C700,0x60C300,0xFFFFFF,0x00C300,0x00C300,0x003800,0x601800,0xFFFFFF,0x000060,0x000060,0x000060,0x0FFFE0,0x0FFFC0,0x000000,0x039CE0,0x018C60,0x018C60,0x018C60,0x018C60,0x418C30,0x418C30,0xC18C18,0xFF800C,0x7F0003},
  {0x01C700,0x00C300,0x60C300,0xFFFFFF,0x00C300,0x00C300,0x000020,0x6000E0,0xFFFF60,0x0C0060,0x0C0030,0x0C6230,0x0CFE38,0x0C6638,0x0C6634,0x0C6632,0x0C6631,0x0C7E30,0x0C6630,0x0C0630,0x0C0030,0x0C0030,0x0F8030,0x060030},
  {0x01C700,0x00C300,0x60C300,0xFFFFFF,0x00C300,0x00C304,0x001018,0x0C3030,0x1FF030,0x0C1801,0x062886,0x03444C,0x01C24C,0x0361A0,0x0E3030,0xFC1810,0x700618,0x4FF9CF,0x0C180E,0x0C180C,0x0C180C,0x0C181C,0x0FF81C,0x0C1818},
  {0x01C700,0x60C300,0xFFFFFF,0x00C300,0x00C300,0x039CE0,0x018C60,0x618C60,0xFFFFFF,0x018C60,0x018C60,0x01FC60,0x180060,0x3FFFE0,0x001860,0x601800,0xFFFFFF,0x005E00,0x009B00,0x031B80,0xFE18E0,0x781838,0x601807,0x001800},
  {0x01C700,0x60C300,0xFFFFFF,0x00C300,0x00C300,0x300000,0x7FFFFE,0x1060C0,0x3C6660,0x47EFF0,0x406618,0xC06366,0xFFE1C0,0x7FC0E0,0x000038,0x01C707,0x60C300,0xFFFFFF,0x00C300,0x00C180,0x00C180,0x00C0C0,0x00C030,0x00C00E},
  {0x01C700,0x60C300,0xFFFFFF,0x00C300,0x00C700,0x001C00,0x0C0C10,0x1FFFF0,0x0C1830,0x0C1830,0x0FFFF0,0x0C1830,0x0C1830,0x0C1830,0x0FFFF0,0x033130,0x053700,0x08B380,0x1FF180,0x59B0C0,0x403060,0xC03030,0xFFF00C,0x7FE003},
  {0x01C700,0x60C300,0xFFFFFF,0x00C300,0x00C300,0x030000,0x07FFE0,0x01C000,0x086800,0x381980,0x1C3BFE,0x035980,0x0098C0,0x031860,0x0E1830,0xFC1F18,0x700C0C,0x400003,0x3FFFFC,0x084110,0x108108,0x608304,0xC18307,0xC18303},
  {0x01C700,0x60C300,0xFFFFFF,0x00C300,0x003800,0x181800,0x3FFFFC,0x001800,0x601800,0xFFFFFF,0x010300,0x060100,0x180080,0x3FFFFE,0x7001FC,0x600004,0x0C0010,0x1FFFF0,0x0C6630,0x0C6630,0x0C6630,0x6C6630,0xFFFFFF,0x000000},
  {0x01C700,0x60C300,0xFFFFFF,0x00C300,0x040000,0x19C008,0x18C030,0x7FFF60,0x00C061,0x1FFE06,0x18C60C,0x18C64C,0x1FFE20,0x18C620,0x18C610,0x1FFE18,0x66000F,0xFFFFCE,0x06040C,0x06180C,0x06300C,0x06300C,0x07C01C,0x030018},
  {0x01C700,0x00C300,0x60C300,0xFFFFFF,0x00C300,0x002008,0x02E038,0x0E6018,0x363308,0x7FF7FC,0x033864,0x033462,0x1B3661,0x3FFFFF,0x033060,0x033060,0x1B30B0,0x3FF130,0x033310,0x033318,0x033008,0x633004,0xFFF002,0x003001},
  {0x003800,0x001800,0x001800,0x001800,0x001800,0x181808,0x3FFFF8,0x181818,0x181818,0x181818,0x181818,0x181818,0x1FFFF8,0x181818,0x181818,0x001800,0x011800,0x021800,0x0C1800,0x181800,0x3FF800,0x701FFE,0x60007C,0x600004},
  {0x0000E0,0x300060,0x7FF860,0x030060,0x030662,0x030FFE,0x030666,0x030666,0x030666,0x030666,0x030666,0x030666,0x0307FE,0x030666,0x030066,0x030160,0x030660,0x030C60,0x031F60,0x0318F0,0x03003F,0x63000E,0xFFFE02,0x000000},
  {0x038070,0x018030,0x019030,0x619030,0xFFF030,0x6019B2,0x201FFE,0x10EDB6,0x0061B6,0x0061B6,0x1861B6,0x3861B6,0x1C61FE,0x0661B6,0x01E036,0x006030,0x0060B0,0x006130,0x206330,0x2067F0,0x20663F,0x60660E,0x7FE002,0x3FC000},
  {0x003800,0x001800,0x601800,0xFFFFFF,0x00C610,0x04C670,0x18C630,0x30C330,0x60C318,0x60C188,0x003864,0x061802,0x0FFFE0,0x061860,0x061860,0x061860,0x07FFE0,0x061860,0x011800,0x021800,0x0C1800,0x3FFFFE,0x7003FC,0x600004},
  {0x082070,0x38C430,0x199830,0x0DB030,0x0431B2,0x120BFE,0x3FF9B6,0x1999B6,0x1999B6,0x1999B6,0x1999B6,0x1FF9B6,0x1999FE,0x1999B6,0x199836,0x1998B0,0x5FF930,0x599B30,0x599BF0,0x318B3F,0x718C0E,0x618402,0xE18200,0xC18100},
  {0x600070,0xFFFE30,0x000030,0x300830,0x7FF830,0x3019B2,0x301BFE,0x3FF9B6,0x0019B6,0x6019B6,0xFFF9B6,0x66D9B6,0x66D9FE,0x66D9B6,0x66DC30,0x7FFC70,0x66DCB0,0x66DFF0,0x66DAB8,0x66DB1F,0x66D906,0x66D882,0x7C1800,0x301800},
  {0x600070,0xFFFC30,0x000030,0x182030,0x3FE030,0x186132,0x1863FE,0x1861B6,0x1FE1B6,0x1861B6,0x0001B6,0x6009B6,0xFFF9FE,0x6319B6,0x631830,0x631870,0x7FF8B0,0x631930,0x631BB0,0x631B70,0x631B3F,0x7FF80E,0x601802,0x601800},
  {0x3BB800,0x199870,0x599830,0xFFFF30,0x199830,0x1999B2,0x1F9BFE,0x1999B6,0x0019B6,0x3019B6,0x7FF9B6,0x0019FE,0x0381B6,0x618036,0xFFFE70,0x03C0B0,0x05E130,0x05A3F0,0x09B33F,0x199B0E,0xF18C02,0x718600,0x618180,0x018000},
  {0x000200,0x000E00,0x000600,0x000600,0x000200,0x0C0108,0x1FFFF8,0x0C6318,0x0C6318,0x0C6318,0x0C6318,0x0C6318,0x0C6318,0x0C6318,0x0C6318,0x0C6318,0x0C6318,0x0C6318,0x0C6318,0x0C6318,0x0C6318,0x6C6318,0xFFFFFF,0x000000},
  {0x000020,0x3000E0,0x7FFC70,0x000030,0x000098,0x000388,0x00018C,0x6001C4,0xFFFEC2,0x060061,0x060060,0x060070,0x060070,0x060068,0x060064,0x060062,0x060061,0x060060,0x060060,0x060060,0x060060,0x060060,0x07C060,0x030060},
  {0x003810,0x301870,0x7ED838,0x019818,0x01980C,0x001814,0x61FFB2,0xFF1871,0x181838,0x183918,0x185F18,0x18DB1C,0x189B1C,0x199B1A,0x199919,0x199998,0x199898,0x181858,0x181838,0x181818,0x181818,0x181818,0x1F1818,0x0C0018},
  {0x003800,0x001800,0x001800,0x001800,0x601800,0xFFFFFF,0x001C00,0x002C00,0x042600,0x1C2300,0x0C4300,0x064180,0x0141C0,0x0081E0,0x018190,0x01018C,0x030183,0x020180,0x06C180,0x0C3980,0x1C0F80,0xF803FC,0x700078,0x600008},
  {0x003800,0x001800,0x301800,0x7FFFFE,0x001800,0x181800,0x3FFFFC,0x001800,0x001800,0x601800,0xFFFFFF,0x082E00,0x382700,0x1C4380,0x0641C0,0x0181E0,0x0081B0,0x01018C,0x032183,0x061980,0x1C0780,0xF801FC,0x700078,0x400008},
  {0x003800,0x001800,0x601800,0xFFFFFF,0x000000,0x030040,0x07FFC0,0x0300C0,0x6300C0,0xFFFFFF,0x0300C0,0x0300C0,0x03FFC0,0x082700,0x382380,0x1C41C0,0x0341E0,0x008198,0x018187,0x033180,0x0E0F80,0xFC03F8,0x780070,0x600010},
  {0x033840,0x0619C0,0x0630E0,0x303060,0x7FFFB0,0x006030,0x40C038,0x418034,0xC70033,0xFE0030,0x783830,0x001800,0x601800,0xFFFFFF,0x082E00,0x384700,0x1C4380,0x0281E0,0x0101B8,0x032187,0x0E1D80,0xFC07F8,0x7000F0,0x600010},
  {0x01C1C0,0x04C0C0,0x18CCC0,0x30DFFE,0x30C0C0,0x00C0C0,0x60C0C0,0xFFFFFF,0x00C000,0x08C1C0,0x398CC0,0x199FFE,0x1980E0,0x0D8460,0x0D9C30,0x070E78,0x4701BC,0x470333,0x4D8630,0x4CCD30,0x586CF0,0xF8303E,0xF00C0C,0x600384},
  {0x703000,0x307FFF,0x3380C0,0x318C60,0x319FE0,0x318C30,0x318618,0x31836C,0x318183,0x3000E0,0x300030,0x3E380C,0x181803,0x601800,0xFFFFFF,0x082700,0x1C4380,0x0681C0,0x0181F0,0x03219C,0x0E1D83,0xFC07F0,0x7000E0,0x400020},
  {0x0381C0,0x0180C2,0x0180CC,0x6180D8,0xFFFFD8,0x0180C0,0x0180E0,0x0180D8,0x3180CF,0x7FFCC6,0x0000C2,0x0038C0,0x001800,0x601800,0xFFFFFF,0x082700,0x384380,0x1CC1E0,0x0581B8,0x032187,0x0E1D80,0xFC07F8,0x7000F0,0x600010},
  {0x003800,0x601800,0xFFFFFF,0x000000,0x07FFE0,0x061860,0x061860,0x07FFE0,0x061860,0x061860,0x07FFE0,0x181800,0x3FFFFC,0x001800,0x601800,0xFFFFFF,0x0C1700,0x1E2380,0x0241E0,0x0181B8,0x073D87,0xFE07F0,0x7801E0,0x600020},
  {0x001070,0x047030,0x183030,0x3031B0,0x7013FF,0x619980,0x0188C0,0x02C4C0,0x02C060,0x044160,0x0C6330,0x3821B0,0xF01078,0x6009B4,0x581732,0x3FF331,0x183030,0x183030,0x183030,0x183030,0x183030,0x183030,0x1FF030,0x183030},
  {0x001070,0x007030,0x603030,0xFFF9B0,0x001BFF,0x180980,0x3FF4C0,0x1832C0,0x183060,0x1FF160,0x183330,0x1831B0,0x1FF078,0x00C1B4,0x0CC332,0x1FE331,0x0C6030,0x06B030,0x039830,0x018430,0x06C330,0xFC6030,0x701830,0x400730},
  {0x180870,0x3FF830,0x181830,0x1819B0,0x1FFBFF,0x181980,0x1818C0,0x1FF8C0,0x186060,0x006160,0x603330,0xFFF1B0,0x601878,0x603CB4,0x631BB2,0x6799B1,0x60F830,0x621830,0x661830,0x37F830,0x33F030,0x3E0030,0x1C0030,0x0C0030},
  {0x003800,0x001800,0x601800,0xFFFFFF,0x000020,0x0FFCE0,0x0C0C70,0x0C0C30,0x0FFC38,0x60C038,0xFFFFB4,0x04CC32,0x38DC31,0x70C630,0x62CDB0,0x0E0E00,0x071700,0x00A180,0x0040E0,0x0190D8,0x070EC7,0xFE03F8,0x780070,0x600010},
  {0x2060E0,0x7FE660,0x006FFE,0x1FE188,0x180C98,0x1FFFFF,0x006000,0x1FE3FC,0x00630C,0x1FE3FC,0x40630C,0x5FE3FC,0xE0630C,0x7FC3CC,0x00398C,0x601800,0xFFFFFF,0x081380,0x1C21E0,0x06C1B8,0x03B987,0xFE0FF0,0x7801E0,0x600020},
  {0x000000,0x600000,0xFFFFFF,0x006300,0x006300,0x006300,0x306304,0x7FFFFC,0x30630C,0x30630C,0x30630C,0x30630C,0x30618C,0x3FE18C,0x3FC18C,0x3000CC,0x30004C,0x30002C,0x30001C,0x30000C,0x30000C,0x3FFFFC,0x30000C,0x30000C},
  {0x600000,0xFFFFFF,0x00C300,0x00C300,0x30C304,0x7FFFFC,0x30C30C,0x30C30C,0x30C30C,0x3FFFFC,0x30020C,0x000E00,0x600600,0xFFFFFF,0x030300,0x030180,0x0180C0,0x018760,0x00D860,0x00E000,0x039C00,0x1E0700,0x3801E0,0x30001E},
  {0x600000,0xFFFFFF,0x00C300,0x18C308,0x3FFFF8,0x18C318,0x18C318,0x1FFFF8,0x000820,0x6018E0,0xFFFC70,0x000630,0x0FFB18,0x0C18A4,0x0FF8E3,0x0C1870,0x0FF838,0x026034,0x0FF033,0x073830,0x01C630,0x076030,0xFC1830,0x700730},
  {0x060020,0x0FFFE0,0x060060,0x060060,0x060060,0x07FFE0,0x060060,0x060060,0x060060,0x07FFE0,0x060060,0x060060,0x060060,0x07FFE0,0x066160,0x006700,0x006300,0x006380,0x406180,0x4060C0,0x406060,0xC06030,0xFFE00C,0x7FC003},
  {0x180870,0x3FF830,0x181830,0x1819B0,0x181BFF,0x1FF980,0x1818C0,0x1818C0,0x181860,0x1FF860,0x181830,0x181870,0x1819B8,0x1FFB34,0x062332,0x06E031,0x066030,0x066030,0x463030,0x463030,0x461830,0xC60C30,0xFE0630,0x7C01B0},
  {0x181300,0x3FF7FF,0x183300,0x183300,0x183360,0x1FF3FF,0x183300,0x183300,0x183332,0x1FF37E,0x183336,0x183336,0x183336,0x1FF336,0x06233E,0x06E336,0x066306,0x066300,0x466300,0x462300,0x463300,0xC61300,0xFE0BE0,0x7C0580},
  {0x040420,0x1C18C0,0x0E3184,0x623184,0xFFFFFC,0x600006,0x130047,0x07FFC3,0x0300C0,0x0300C0,0x03FFC0,0x0300C0,0x0300C0,0x03FFC0,0x0300C0,0x0300C0,0x03FFC0,0x036100,0x406700,0x406380,0x4061C0,0xC06060,0xFFE018,0x7FC007},
  {0x1810E0,0x3FF060,0x183360,0x1837FE,0x183084,0x1FF388,0x183198,0x183658,0x183FFF,0x1FF0E0,0x183060,0x183660,0x183FFF,0x183070,0x1FF0F8,0x062378,0x06E668,0x066C6C,0x466C64,0x463062,0x463061,0xC61860,0xFE0C60,0x7C0360},
  {0x182008,0x3FE618,0x186FF8,0x1860CC,0x1860C4,0x1FEC62,0x187FFF,0x186130,0x186398,0x1FE498,0x186FFC,0x1860CC,0x1860CE,0x1864CD,0x1FEFFC,0x0C40CC,0x0DC4CC,0x0CCFFC,0x4CC0CC,0x4C60CC,0x4C6CCC,0xCC3FFC,0xFC180C,0x78060C},
  {0x000080,0x000380,0x00C180,0x01FFC0,0x00C0C0,0x0C2060,0x1FFFE0,0x0C1870,0x0C1868,0x0C1864,0x0FFFE3,0x0C1860,0x0C1860,0x0C1860,0x0C1860,0x0FFFE0,0x0C0060,0x0C0060,0x0C0060,0x0C0030,0x0C0030,0x0C0018,0x0F800C,0x060003},
  {0x000008,0x300038,0x7FF198,0x3183F8,0x318198,0x18C08C,0x1EC644,0x0C6FFC,0x00366E,0x070E6D,0x03666C,0x3367FC,0x7FE66C,0x03366C,0x03166C,0x630FFC,0xFFFE0C,0x03060C,0x03060C,0x03060C,0x030604,0x030606,0x0307C2,0x030301},
  {0x0E0008,0x060038,0x060318,0x0607F8,0x060198,0x66264C,0xFFEFFC,0x66666E,0x66666E,0x66666D,0x6667FC,0x66666C,0x7FE66C,0x66666C,0x6667FC,0x06060C,0x0E060C,0x16060C,0x36060C,0x66060C,0x7E0604,0xC7F606,0xC1E7C2,0xC02301},
  {0x030000,0x07FFE0,0x000000,0x600000,0xFFFFFF,0x000000,0x000000,0x030000,0x07FFE0,0x000000,0x000000,0x030000,0x07FFE0,0x000000,0x000000,0x060020,0x0FFFE0,0x060060,0x060060,0x060060,0x060060,0x07FFE0,0x060060,0x060060},
  {0x000180,0x1803FE,0x3FF800,0x180300,0x1807FF,0x180000,0x180000,0x180180,0x1813FE,0x1FF000,0x183000,0x183180,0x0033FE,0x003000,0x003000,0x003182,0x0033FE,0x003186,0x403186,0x403186,0x403186,0xC03186,0xFFF1FE,0x7FE186},
  {0x0720C0,0x03E1FE,0x036000,0x036180,0x0333FF,0x133000,0x733000,0x3338C0,0x3339FE,0x1B3400,0x0B3400,0x0732C0,0x0331FE,0x033000,0x033000,0x0330C2,0x0331FE,0x0330C6,0x4330C6,0x4330C6,0x4330C6,0xC330C6,0xFF30FE,0x7E30C6},
  {0x0610C0,0x0FF1FE,0x063000,0x063180,0x4633FF,0x463000,0xC61000,0xFE18C0,0x7C09FE,0x000400,0x0C0200,0x1FFCC0,0x0C11FE,0x0C1000,0x062000,0x0620C2,0x0341FE,0x03C0C6,0x0180C6,0x03C0C6,0x0E60C6,0xFC30FE,0x700CC6,0x400306},
  {0x0020C0,0x00E1FE,0x006000,0x006180,0x3033FF,0x7FF000,0x019800,0x0188C0,0x0185FE,0x018200,0x618000,0xFFFEC0,0x0181FE,0x018000,0x018000,0x0180C2,0x0181FE,0x0180C6,0x0180C6,0x0180C6,0x0180C6,0x0180C6,0x0180FE,0x0180C6},
  {0x0000C0,0x1809FE,0x3FF800,0x181980,0x181BFF,0x181800,0x181800,0x1818C0,0x1FF9FE,0x189800,0x009800,0x0098C0,0x0119FE,0x011800,0x031800,0x0218C2,0x0619FE,0x0418C6,0x0C0CC6,0x180CC6,0x3804C6,0xF006FE,0x7002C6,0x600106},
  {0x00C0C0,0x00C1FE,0x00E000,0x016180,0x0163FF,0x023000,0x061000,0x0C58C0,0xF9C9FE,0x70C400,0x626300,0x0E30C0,0x0719FE,0x130600,0x718000,0x38C0C2,0x1861FE,0x0C18C6,0x0606C6,0x0300C6,0x0180C6,0x0060FE,0x0018C6,0x000706},
  {0x0000C0,0x3001FE,0x7FFE00,0x018180,0x0183FF,0x018000,0x018000,0x01B8C0,0x0199FE,0x199800,0x3F9800,0x0198C0,0x0199FE,0x019800,0x019800,0x0198C2,0x0199FE,0x0198C6,0x0198C6,0x0198C6,0x0198C6,0x6198FE,0xFFFFC6,0x000006},
  {0x0000C0,0x3001FE,0x7FFE00,0x018180,0x1183FF,0x718400,0x318800,0x3198C0,0x1999FE,0x099800,0x058000,0x6180C0,0xFFFFFE,0x018000,0x018000,0x0180C2,0x0181FE,0x0180C6,0x0180C6,0x0180C6,0x0180C6,0x0180FE,0x0180C6,0x018006},
  {0x000060,0x6000FE,0xFFFE00,0x6000C0,0x6001FF,0x660000,0x6FFC00,0x600060,0x6000FE,0x630800,0x67F800,0x631860,0x6318FE,0x631800,0x631800,0x63F8C2,0x6319FE,0x6018C6,0x6000C6,0x6000C6,0x6000C6,0x6000C6,0x7C00FE,0x3000C6},
  {0x070060,0x3300FE,0x630000,0x6300C0,0x0301FF,0x630000,0xFFFF00,0x030060,0x0300FE,0x030000,0x036000,0x03FF60,0x0318FE,0x061800,0x061800,0x061862,0x4618FE,0x4C9866,0x4C7866,0x4C1F66,0x580E66,0xF80266,0xF0007E,0x600066},
  {0x0380C0,0x0181FE,0x018000,0x018180,0x6183FF,0xFFFE00,0x018000,0x0180C0,0x0181FE,0x018000,0x318000,0x7FFCC0,0x0001FE,0x000000,0x180800,0x3FF8C2,0x1819FE,0x1818C6,0x1818C6,0x1818C6,0x1818C6,0x1FF8C6,0x1818FE,0x1818C6},
  {0x1800C0,0x3E01FE,0x07C000,0x01BD80,0x0183FF,0x018000,0x018000,0x6180C0,0xFFFFFE,0x018000,0x018000,0x0180C0,0x0181FE,0x198800,0x3FF800,0x1818C2,0x1819FE,0x1818C6,0x1818C6,0x1818C6,0x1818C6,0x1FF8FE,0x1818C6,0x181806},
  {0x0808C0,0x3831FE,0x1C6000,0x046180,0x3203FF,0x7FFC00,0x018000,0x0180C0,0x0181FE,0x198000,0x3FF800,0x0180C0,0x0181FE,0x018000,0x018000,0x6180C2,0xFFFFFE,0x0180C6,0x0180C6,0x0180C6,0x0180C6,0x0180FE,0x0180C6,0x018006},
  {0x180060,0x3F00FE,0x03FC00,0x0180C0,0x6181FF,0xFFFE00,0x03E000,0x05B060,0xF998FE,0x718C00,0x418300,0x0C0060,0x1FFEFE,0x0C6000,0x6C6000,0xFE6062,0x6630FE,0x603066,0x601066,0x301866,0x300866,0x3F047E,0x1C0266,0x0C0186},
  {0x3000C0,0x7FFDFE,0x00C000,0x00C180,0x00C3FF,0x0CC000,0x1FF800,0x0C60C0,0x0C61FE,0x0C6000,0x0C6000,0x6C60C0,0xFFFFFE,0x000000,0x000000,0x181182,0x3FF3FE,0x183186,0x183186,0x183186,0x183186,0x183186,0x1FF1FE,0x183186},
  {0x1840C0,0x3FC1FE,0x18C000,0x18D980,0x18DBFF,0x18D800,0x1FD800,0x18D8C0,0x0019FE,0x181800,0x3FF800,0x1818C0,0x1819FE,0x180000,0x580000,0xFFFEC2,0x0001FE,0x0420C6,0x08E0C6,0x1870C6,0x3030C6,0x6018C6,0xE00CFE,0xC003C6},
  {0x0808C0,0x3831FE,0x1C6000,0x046180,0x1A0BFF,0x3FF800,0x181800,0x1818C0,0x1819FE,0x181800,0x181800,0x1FF8C0,0x1B19FE,0x031000,0x037000,0x0330C2,0x0331FE,0x0330C6,0x4330C6,0x4318C6,0x4318C6,0xC30CFE,0xFF06C6,0x7E0186},
  {0x038060,0x0180FE,0x618000,0xFFFEC0,0x0181FF,0x018000,0x318000,0x7FFC60,0x0004FE,0x600400,0xFFFC00,0x600660,0x2006FE,0x177000,0x033000,0x033062,0x0330FE,0x033066,0x433066,0x431866,0x431866,0xC30C7E,0xFF0666,0x7E0186},
  {0x0020C0,0x04E1FE,0x1C6000,0x0C3180,0x6613FF,0xFFF800,0x031800,0x031C60,0x031AFE,0x331900,0x7FF800,0x031860,0x0318FE,0x031800,0x331800,0x7FF8C2,0x0319FE,0x0318C6,0x0318C6,0x0318C6,0x6318C6,0xFFF8FE,0x0018C6,0x001806},
  {0x600460,0xFFFCFE,0x600C00,0x638CC0,0x618DFF,0x658C00,0x6FEC00,0x618C60,0x618CFE,0x698C00,0x7FFC00,0x600C60,0x662CFE,0x6FEC00,0x666C00,0x666C62,0x666CFE,0x67EC66,0x666C66,0x606466,0x600666,0x60027E,0x7C0166,0x300086},
  {0x038060,0x1180FE,0x719000,0x3990C0,0x0599FF,0x02CC00,0x0CCC00,0x186060,0x3060FE,0x703000,0x639800,0x018660,0x1180FE,0x719000,0x319000,0x1AC862,0x06CCFE,0x02C666,0x046666,0x0C6066,0x183066,0xF8187E,0x700C66,0x600386},
  {0x038060,0x0180FE,0x618000,0xFFFEC0,0x0411FF,0x1C2000,0x0E6400,0x626460,0xFFFCFE,0x600600,0x138600,0x018060,0x3184FE,0x7FFC00,0x318C00,0x318C62,0x318CFE,0x318C66,0x318C66,0x3F8C66,0x198C66,0x01807E,0x018066,0x018006},
  {0x0E7060,0x0630FE,0x663000,0xFFFEC0,0x0631FF,0x063000,0x004000,0x01C060,0x60C0FE,0xFFFF00,0x006000,0x006060,0x0030FE,0x003000,0x181800,0x3FF8C2,0x1835FE,0x1832C6,0x1831C6,0x1830C6,0x1830C6,0x1FF0FE,0x1830C6,0x183006},
  {0x070060,0x1311FE,0x732200,0x3326C0,0x1B6DFF,0x0B6C00,0x070000,0x330060,0x7FF8FE,0x038000,0x078C00,0x0BDFA0,0x13CCFE,0x334C00,0x636C00,0x632C62,0x631CFE,0x030C66,0x030C66,0x030C66,0x001666,0xFFE3FE,0x7FC366,0x000106},
  {0x1CE0C0,0x0C61FE,0x6C6000,0xFFFD80,0x0C63FF,0x2C6000,0x7FFC00,0x0C60C0,0x6C61FE,0xFFFE00,0x018000,0x3188C0,0x7FF9FE,0x319800,0x319800,0x3FF8C2,0x3199FE,0x3198C6,0xFFFEC6,0x3018C6,0x3018C6,0x3018C6,0x3E18FE,0x1818C6},
  {0x073830,0x03187E,0x0B5800,0x33FF60,0x6322FF,0x636400,0x032C00,0x631430,0xFFFFFE,0x030000,0x236200,0xE6FE30,0x66667E,0x666600,0x366600,0x367E62,0x1C66FE,0x1C6666,0x4C6666,0x5E7E66,0x736666,0x71867E,0xE06066,0xC01806},
  {0x0083B8,0x039998,0x61BFFF,0xFFC198,0x0CC608,0x0D6FFC,0x06160C,0x0706FA,0x0D86D9,0xF8C6F8,0x7037D8,0x430300,0x07FFE0,0x600000,0xFFFFFF,0x000000,0x07FFE0,0x000000,0x07FFE0,0x000000,0x07FFE0,0x060060,0x07FFE0,0x060060},
  {0x000040,0x0181C0,0x0600C0,0x1C0060,0x380060,0x301830,0x001810,0x002C08,0x004C04,0x008602,0x018300,0x030180,0x0E00C0,0xFC0060,0x73FFD0,0x4300CC,0x0300C3,0x0300C0,0x0300C0,0x0300C0,0x0300C0,0x03FFC0,0x0300C0,0x0300C0},
  {0x0000C4,0x6000FC,0xFFFFCC,0x02C0CC,0x0260CC,0x2230CC,0xE258FC,0x62CCCC,0x34E3CC,0x0DA0CC,0x0530CC,0x0B98CC,0x0BCCFC,0x1B43CC,0x1360CC,0x3330CC,0xF318CC,0x630CCC,0x6303CC,0x0180CC,0x0180C4,0x01F8C6,0x00E0FA,0x006061},
  {0x000100,0x00C300,0x01FF80,0x006180,0x0C10C0,0x1FFFE0,0x0C1870,0x0C1878,0x0C186C,0x0FFFE3,0x0C2C60,0x082600,0x384B80,0x1C5CE0,0x069E1E,0x01B300,0x0339C0,0x063C70,0x1C360E,0xF83300,0x7031C0,0x601E70,0x001C0E,0x000C00},
  {0x000100,0x00C300,0x01FF80,0x006180,0x0610C0,0x0FFFE0,0x060060,0x060070,0x060068,0x07FFE4,0x060062,0x060060,0x060060,0x07FFE0,0x060060,0x060060,0x060060,0x07FFE0,0x000080,0x018380,0x0601C0,0x1C0060,0x380018,0x300006},
  {0x007180,0x183380,0x1E31C0,0x43F060,0x403070,0xC0306C,0xFFF063,0x7FE060,0x000040,0x03FFC0,0x0300C0,0x0300C0,0x03FFC0,0x0300C0,0x0300C0,0x03FFC0,0x0300C0,0x0300C0,0x03FFC0,0x000080,0x03C380,0x1E01C0,0x380070,0x30000E},
  {0x030040,0x07FFC0,0x0318C0,0x6318C0,0xFFFFFF,0x0318C0,0x0318C0,0x03FFC0,0x060020,0x0FFFE0,0x060060,0x060060,0x07FFE0,0x060060,0x060060,0x07FFE0,0x060060,0x060060,0x07FFE0,0x000080,0x078380,0x3C01C0,0x700070,0x60000E},
  {0x070184,0x0303FC,0x03098C,0x63098C,0xFFF98C,0x600D8C,0x200DFC,0x10018C,0x60018C,0xFFFD8C,0x03018C,0x0301FC,0x03018C,0x03018C,0x03018C,0x03018C,0x0301FC,0x030008,0x0300B8,0x030318,0x03060C,0x030604,0x03E002,0x018001},
  {0x180008,0x3FFFF8,0x18C318,0x18C318,0x18C318,0x1FFFF8,0x180018,0x030040,0x07FFC0,0x0300C0,0x0300C0,0x03FFC0,0x0300C0,0x0300C0,0x03FFC0,0x0300C0,0x0300C0,0x0300C0,0x03FFC0,0x000080,0x0383C0,0x1C00E0,0x700038,0x600006},
  {0x070304,0x0307FC,0x03030C,0x03030C,0x03030C,0x63030C,0xFF03FC,0x03030C,0x03030C,0x03030C,0x03030C,0x0303FC,0x33130C,0x7FF30C,0x30330C,0x30330C,0x3033FC,0x303000,0x303088,0x303338,0x30361C,0x3FF60C,0x303006,0x303001},
  {0x070184,0x1B03FC,0x33018C,0x33018C,0x43018C,0xFFFF8C,0x0301FC,0x03018C,0x13718C,0x73318C,0x33318C,0x3631FC,0x36FD8C,0x1E318C,0x0E318C,0x0C318C,0x0E31FC,0x5E3000,0x5B0044,0x59819C,0x70C30C,0xF06306,0xE01802,0x400601},
  {0x181184,0x3FF3FC,0x18318C,0x18318C,0x1FF18C,0x18318C,0x1831FC,0x18318C,0x1FF18C,0x18C18C,0x00C18C,0x6061FC,0xFFE18C,0x6DB18C,0x6D998C,0x66C78C,0x6661FC,0x633008,0x618CB8,0x30C118,0x30630C,0x3F1B04,0x1C0002,0x0C0001},
  {0x180C04,0x3FFFFC,0x1840CC,0x0C40CC,0x0C8FFC,0x068C0C,0x030FFC,0x0D80CC,0xF8CCCC,0x703FFC,0x40000C,0x03FFC0,0x0300C0,0x03FFC0,0x0300C0,0x03FFC0,0x0300C0,0x0300C0,0x03FFC0,0x000080,0x038380,0x1E01C0,0x380070,0x30000E},
  {0x0C0300,0x1F27C8,0x01E078,0x606C18,0xFFFFF8,0x066198,0x063198,0x06118C,0x00080C,0x07FFC4,0x0600C2,0x0600C1,0x07FFC0,0x0600C0,0x0600C0,0x07FFC0,0x0600C0,0x0600C0,0x07FFC0,0x000100,0x038780,0x3C01C0,0x700070,0x60000E},
  {0x1CE0C4,0x0C61FC,0x6C60CC,0xFFFECC,0x0C60CC,0x2C60FC,0x7FFCCC,0x0C60CC,0x6C60CC,0xFFFFCC,0x0180FC,0x3188CC,0x7FF8CC,0x3198CC,0x3198CC,0x3FF8CC,0x3198FC,0x319800,0xFFFE44,0x30189C,0x30198C,0x301B06,0x3E1B02,0x181801},
  {0x080984,0x3833FC,0x1C618C,0x64658C,0xFFFD8C,0x618D8C,0x618DFC,0x7FFD8C,0x618D8C,0x618D8C,0x618D8C,0x7FFDFC,0x600D8C,0x18118C,0x3FF18C,0x18318C,0x1831FC,0x183000,0x1FF044,0x18319C,0x18330C,0x183306,0x1FF002,0x183001},
  {0x003800,0x001800,0x001800,0x181800,0x3FFFFC,0x001800,0x001800,0x001800,0x601800,0xFFFFFF,0x00C300,0x00C310,0x04C370,0x08C330,0x18C318,0x30C318,0x70C30C,0x60C184,0x60C182,0x00C0C1,0x00C060,0x00C030,0x00F818,0x006006},
  {0x003800,0x001800,0x001800,0x181800,0x3FFFFC,0x001800,0x001800,0x001800,0x601800,0xFFFFFF,0x001800,0x001820,0x0018E0,0x181860,0x3FF860,0x001860,0x001860,0x0018B0,0x001930,0x001E18,0x001C08,0x00F804,0xFFE002,0x7F0001},
  {0x0000E0,0x180060,0x3FF860,0x180360,0x1807FE,0x180060,0x182060,0x1FE660,0x186FFF,0x186060,0x006060,0x006064,0x00667C,0x406FEC,0x40606C,0x40606C,0xC0606C,0xFFE06C,0x7FC074,0x000064,0x0000C6,0xFFFF82,0x7FFE02,0x000001},
  {0x0000E0,0x300060,0x7FFC60,0x318360,0x3187FE,0x30C060,0x30C060,0x1F6660,0x1C2FFF,0x0C1060,0x000864,0x18207C,0x3FE36C,0x1867EC,0x18606C,0x18606C,0x18606C,0x1FE06C,0x186074,0x000064,0x0001C6,0xFFFF02,0x7FF802,0x000001},
  {0x1B80E0,0x318060,0x318060,0x418B60,0xFFFFFE,0x019860,0x119860,0x719B60,0x331FFF,0x331860,0x1B1864,0x1B1B7C,0x1E1FEC,0x0E186C,0x4C186C,0x5ED86C,0x5B3F6C,0x718E6C,0xE0C274,0xC03064,0x0000C6,0xFFFF82,0x7FFE02,0x000001},
  {0x060020,0x0FFFE0,0x060060,0x060060,0x060060,0x060060,0x060060,0x060060,0x07FFE0,0x061860,0x001800,0x001820,0x0018E0,0x0C1860,0x1FF860,0x001860,0x001860,0x0018B0,0x001930,0x001A10,0x001C18,0x003808,0xFFF004,0x7FC002},
  {0x070304,0x0307FC,0x03030C,0x03030C,0x63030C,0xFFFF0C,0x0CC30C,0x0CC3FC,0x1CC8C0,0x2CF8C0,0x6CD8DC,0x4CDACC,0xCCDFCC,0xCCC8CC,0xCCCCCC,0xCCC4CC,0x0CC2CC,0x0C60CC,0x0C63CC,0x0C60FC,0x0C303F,0x0C180E,0x0F8C02,0x060300},
  {0x004604,0x01CFFC,0x30C60C,0x7FC60C,0x18660C,0x18660C,0x0CB60C,0x0697FC,0x0708C0,0x0304C0,0x0580DC,0x0CC6CC,0xF86FCC,0x7030CC,0x6018CC,0x1FE6CC,0x1860CC,0x1860CC,0x1864CC,0x1863CC,0x18607F,0x1FE00E,0x186002,0x186000},
  {0x0EE304,0x0667FC,0x06630C,0x06630C,0x26630C,0xE6670C,0x766B0C,0x167BFC,0x0E7B6C,0x066060,0x066060,0x0E636E,0x3677E6,0x666866,0xC66C66,0xC66766,0x066666,0x063266,0x4631E6,0x46303F,0x46180E,0xC60C02,0xFE0600,0x7C0180},
  {0x300304,0x7FFFFC,0x18430C,0x04830C,0x03830C,0x610B0C,0xFFFB0C,0x631BFC,0x6318C0,0x6318C0,0x6318DC,0x7FF8CC,0x631ACC,0x631FCC,0x6318CC,0x6318CC,0x7FF8CC,0x6318CC,0x6318CC,0x631BCC,0x63187F,0x63181E,0x7F1802,0x301800},
  {0x070304,0x0307FC,0x13030C,0x73630C,0x3BFF0C,0x07630C,0x0B330C,0x0B33FC,0x1318C0,0xF308C0,0x6304DC,0x43E2CC,0x0182CC,0x300FCC,0x7FF8CC,0x3018CC,0x3018CC,0x301CCC,0x3FFBCC,0x3018FC,0x30183F,0x30180E,0x3FF802,0x301800},
  {0x0E38C2,0x0619FE,0x3618C6,0x66D8C6,0x67FFC6,0x0600C6,0x667EC6,0xFFE6C6,0x0666FE,0x066630,0x3E6630,0x1B7E36,0x1B18B6,0x1B19F6,0x1B3936,0x1B5F36,0x1B5B36,0x1BDBB6,0x5B5976,0x5919B6,0x59989F,0xD89846,0xF85F02,0x702C00},
  {0x30C182,0x7FFFFE,0x30C186,0x30C186,0x3EFD86,0x30C186,0x30C186,0x3EFDFE,0x30C1B6,0x021030,0x0E7030,0x063036,0x3119B6,0x7FFBF6,0x031C36,0x1B1A36,0x3FF936,0x031836,0x1B1836,0x3FFBF6,0x03187F,0x63180E,0xFFF802,0x001800},
  {0x000200,0x000E00,0x030640,0x07FFC0,0x0300C0,0x2300C0,0xE3FFC0,0x6300C0,0x3300C0,0x33FFC0,0x1B00C0,0x0B00C0,0x07F0C0,0x039FC0,0x03C1FF,0x03603E,0x033002,0x031C00,0x030600,0x030180,0x030070,0x03000E,0x03E000,0x018000},
  {0x0381C0,0x0180C0,0x0198C0,0x01BFFF,0x0180C0,0x018CC4,0x019FFC,0x018CCC,0x018CCC,0x018FFC,0x018CCC,0x018CCC,0x018CCC,0x018FFC,0x018CCC,0x0180C0,0x01B0C0,0x41FFFF,0x4180C0,0x4180C0,0xC180C0,0xC180C0,0xFF80C0,0x7F00C0},
  {0x0000E0,0x300060,0x7FF660,0x000FFF,0x000060,0x000060,0x000662,0x6007FE,0xFFFE66,0x038666,0x0187FE,0x018666,0x018666,0x008666,0x00C7FE,0x00C666,0x044060,0x084660,0x102FFF,0x302060,0x7F1060,0xE1FE60,0xC03C60,0xC00460},
  {0x1800E0,0x3FF860,0x184660,0x184FFF,0x0C8060,0x0C8060,0x070662,0x070FFE,0x0D8666,0xF8C666,0x7067FE,0x671E66,0x030666,0x030666,0x3307FE,0x7FF666,0x030060,0x030C60,0x031FFF,0x030060,0x030060,0x630060,0xFFFC60,0x000060},
  {0x018070,0x018030,0x02C330,0x02C7FF,0x046030,0x0C21B2,0x1833FE,0xF611B6,0x6FE9B6,0x4005B6,0x300BFE,0x7FF9B6,0x36D9B6,0x36D9B6,0x36D9FE,0x3FF9B6,0x36D830,0x36DB30,0x36DFFF,0x36D830,0x36D830,0x36D830,0x3ED830,0x181830},
  {0x003800,0x061800,0x0FFFF0,0x001800,0x03FFC0,0x0318C0,0x03FFC0,0x0318C0,0x03FFC0,0x0C1800,0x1FFFF8,0x001800,0x231AC0,0x7FF7FE,0x0300C0,0x3FE7FC,0x3366CC,0x3FE7FC,0x3366CC,0x3FE7FC,0x4308C0,0xFFFFFF,0x0300C0,0x0300C0},
  {0x003800,0x001800,0x181800,0x3FFFFC,0x008020,0x0380C0,0x01C180,0x004180,0x602000,0xFFFFFF,0x001800,0x001800,0x001800,0x001800,0x181800,0x3FFFFC,0x001800,0x001800,0x001800,0x001800,0x001800,0x001800,0x001800,0x001800},
  {0x300010,0x7FFFF0,0x000030,0x0C0030,0x1FFFB0,0x000030,0x600030,0xFFFFF0,0x102318,0x384318,0x098308,0x07630C,0xFC1F04,0x7007F2,0x4380E1,0x618020,0xFFFFFF,0x018040,0x018180,0x018300,0x018300,0x018000,0x01F000,0x00C000},
  {0x018002,0x03FE04,0x008008,0x008018,0x008030,0x00C030,0x00C000,0x01C000,0x014000,0x016000,0x026030,0x02607F,0x063030,0x043030,0x0C1830,0x180830,0xF80430,0x700230,0x6001B0,0x000030,0x000058,0xFFFF8F,0x7FFF06,0x000002},
  {0x060002,0x0FFFC4,0x060008,0x060018,0x063830,0x061830,0x061800,0x061800,0x0D9800,0x0FFFC0,0x0C1830,0x4C187F,0x4C1830,0x581830,0x581830,0x581830,0x701830,0xF01830,0xE01830,0x400030,0x000058,0xFFFF8F,0x7FFF06,0x000002},
  {0x0C0002,0x1E0004,0x038408,0x007C18,0x000C30,0x000C30,0x600C00,0xFFFC00,0x030C00,0x030C00,0x030C30,0x030C7F,0x030C30,0x030C30,0x030430,0x030630,0x030230,0x030130,0x0300B0,0x030030,0x000058,0xFFFF8F,0x7FFF06,0x000002},
  {0x000002,0x300404,0x7FFC08,0x000C18,0x000C30,0x0C0C30,0x1FFC00,0x0C0C00,0x0C0C00,0x066C00,0x068C30,0x030C7F,0x070430,0x0D8630,0x188230,0x304330,0x702130,0x6010B0,0x000C70,0x000030,0x000058,0xFFFF8F,0x7FFF06,0x000002},
  {0x05C002,0x18C004,0x30C008,0x30C018,0x00C030,0x60C030,0xFFFF80,0x00C000,0x00C000,0x02C400,0x04DC30,0x18CC7F,0x30CC30,0x70C630,0x60C230,0x60C130,0x00C0B0,0x00C030,0x00C030,0x00C030,0x000058,0xFFFF8F,0x7FFF06,0x000002},
  {0x01C002,0x08C104,0x38C608,0x18CC18,0x0CCC30,0x04CC30,0x02C000,0x60C000,0xFFFFC0,0x02F000,0x02D830,0x04D87F,0x04C830,0x08CC30,0x18C430,0xF0C230,0x60C130,0x40C0B0,0x00C030,0x000030,0x000058,0xFFFF8F,0x7FFF06,0x000002},
  {0x001002,0x007004,0x063208,0x0FFE18,0x060630,0x060630,0x060600,0x060600,0x07FE00,0x060600,0x000630,0x18067F,0x3FFE30,0x180630,0x180630,0x180630,0x180630,0x1FFE30,0x180630,0x180630,0x000058,0xFFFF8F,0x7FFF06,0x000002},
  {0x0C0402,0x1FFC04,0x0C0C08,0x0C0C18,0x0FFC30,0x0C0C30,0x0C0C00,0x0C0C00,0x0FFC00,0x100C00,0x704C30,0x388C7F,0x0D0C30,0x020C30,0x068C30,0x0C6C30,0x183C30,0x380FB0,0x300330,0x000130,0x000058,0xFFFF8F,0x7FFF06,0x000002},
  {0x040402,0x1C1804,0x0E3008,0x023018,0x190030,0x3FFF30,0x00C000,0x00C000,0x00C000,0x30C000,0x7FFFB0,0x00C07F,0x016030,0x066030,0x0C3030,0x181830,0x300C30,0x700630,0x6001B0,0x000030,0x000058,0xFFFF8F,0x7FFF06,0x000002},
  {0x03B802,0x019804,0x119808,0x719898,0x399930,0x0D9B30,0x039B00,0x019800,0x039800,0x0D9C00,0x199A30,0x319BFF,0x3199B0,0x0198B0,0x418C30,0x418C30,0xC18630,0xFF8330,0x7F00F0,0x000030,0x000058,0xFFFF8F,0x7FFF06,0x000002},
  {0x00C002,0x00C004,0x016008,0x026018,0x063030,0x0C1830,0xFA0C00,0x77F600,0x60C300,0x00C0C0,0x18C030,0x3FFF7F,0x00C430,0x04DC30,0x18CC30,0x30C630,0x60C230,0x60C130,0x00F8B0,0x006030,0x000058,0xFFFF8F,0x7FFF06,0x000002},
  {0x060002,0x0FF804,0x000008,0x300018,0x7FFF30,0x000030,0x000000,0x0FF800,0x000000,0x000000,0x0FF830,0x00007F,0x0C0830,0x1FF830,0x0C1830,0x0C1830,0x0C1830,0x0FF830,0x0C1830,0x000030,0x000058,0xFFFF8F,0x7FFF06,0x000002},
  {0x0C0002,0x1FFF04,0x061008,0x016018,0x18C230,0x3FFE30,0x18C600,0x18C600,0x18C600,0x1FFE00,0x18C630,0x18C67F,0x18C630,0x1FFE30,0x18C630,0x18C630,0x18C630,0x18C630,0x1FC630,0x0C0630,0x000058,0xFFFF8F,0x7FFF06,0x000002},
  {0x01C002,0x00C004,0x60C008,0xFFFF98,0x00C030,0x18C230,0x3FFE00,0x18C600,0x18C600,0x18C600,0x1FFE30,0x18E67F,0x01F030,0x06D030,0x0CD830,0x18CC30,0x38C630,0x30C1B0,0x00C030,0x00C030,0x000058,0xFFFF8F,0x7FFF06,0x000002},
  {0x01C002,0x00C404,0x00DC08,0x18CC18,0x3FFC30,0x00C630,0x00C200,0x00C100,0x60C000,0xFFFFC0,0x000030,0x0C047F,0x1FFC30,0x0C0C30,0x0C0C30,0x0C0C30,0x0C0C30,0x0FFC30,0x0C0C30,0x0C0C30,0x000058,0xFFFF8F,0x7FFF06,0x000002},
  {0x01C002,0x00C004,0x30C008,0x7FFF98,0x00C030,0x18C230,0x3FFE00,0x18C600,0x18C600,0x1FFE00,0x18C630,0x18C67F,0x18C630,0x1FFE30,0x18C630,0x60C030,0xFFFFB0,0x00C030,0x00C030,0x00C030,0x000058,0xFFFF8F,0x7FFF06,0x000002},
  {0x000802,0x013804,0x071808,0x030C18,0x318C30,0x7FFE30,0x018600,0x018700,0x198680,0x3FFE40,0x018630,0x01867F,0x198630,0x3FFE30,0x018630,0x018630,0x618630,0xFFFE30,0x000630,0x000630,0x000058,0xFFFF8F,0x7FFF06,0x000002},
  {0x000802,0x003804,0x031808,0x07F818,0x030C30,0x188430,0x3FFE00,0x18C700,0x18C680,0x18C640,0x1FFE30,0x1B367F,0x033030,0x033030,0x433030,0x431830,0xC31830,0xFF0C30,0x7E0630,0x0001B0,0x000058,0xFFFF8F,0x7FFF06,0x000002},
  {0x040402,0x1C1804,0x0E3008,0x023018,0x610030,0xFFFFB0,0x016000,0x113000,0x711C00,0x3A6300,0x0AF030,0x04987F,0x05CC30,0x0DE3B0,0x19B030,0xF99830,0x718630,0x61F9B0,0x00E030,0x006030,0x000058,0xFFFF8F,0x7FFF06,0x000002},
  {0x300102,0x7FFF04,0x300308,0x300318,0x300330,0x3FFF30,0x342300,0x06C300,0x1A4300,0x3FFB00,0x018330,0x19837F,0x3FFB30,0x018330,0x318130,0x7FFDB0,0x0180B0,0x018070,0x018030,0x018030,0x000058,0xFFFF8F,0x7FFF06,0x000002},
  {0x011C02,0x070C04,0x030C08,0x636C18,0xFFFFF0,0x018630,0x308600,0x7F6600,0x30FE00,0x146600,0x0C6630,0x6C667F,0xFFE630,0x0C6630,0x0C6230,0x0C6330,0x0C7130,0x0C3D30,0x0FB8B0,0x061870,0x000058,0xFFFF8F,0x7FFF06,0x000002},
  {0x600102,0xFFFF04,0x600188,0x11C198,0x30C030,0x7FFF30,0x00C000,0x18C200,0x3FFE00,0x18C600,0x18C630,0x1FFE7F,0x18C630,0x18C630,0x1FFE30,0x18C630,0x60C030,0xFFFFB0,0x00C030,0x00C030,0x000058,0xFFFF8F,0x7FFF06,0x000002},
  {0x060802,0x0FF804,0x061808,0x061818,0x065830,0x07D830,0x06D800,0x06D800,0x36D900,0x7FFF00,0x300330,0x33137F,0x37F330,0x333330,0x333330,0x333330,0x33F330,0x333330,0x3C0330,0x180330,0x000058,0xFFFF8F,0x7FFF06,0x000002},
  {0x020202,0x0E0C04,0x071808,0x611818,0xFFFFB0,0x006030,0x002000,0x0C1200,0x1FFE00,0x0C0600,0x0C0630,0x0FFE7F,0x0C0630,0x0C0630,0x0FFE30,0x0C0630,0x0C0630,0x0C0630,0x0FFE30,0x0C0630,0x000058,0xFFFF8F,0x7FFF06,0x000002},
  {0x01C002,0x00C004,0x18C008,0x3FFE18,0x00C030,0x60C030,0xFFFF80,0x040800,0x0E3000,0x321000,0x7FFF30,0x00C07F,0x18C030,0x3FFE30,0x00C030,0x60C030,0xFFFFB0,0x00C030,0x00C030,0x00C030,0x000058,0xFFFF8F,0x7FFF06,0x000002},
  {0x01C002,0x0CC004,0x1FFC08,0x0C6018,0x6C6030,0xFFFFB0,0x000000,0x0C0800,0x1FF800,0x0C1800,0x0C1830,0x0FF87F,0x0D9830,0x198030,0x3FFE30,0x019830,0x619830,0xFFFFB0,0x018030,0x018030,0x000058,0xFFFF8F,0x7FFF06,0x000002},
  {0x00E002,0x0C6004,0x1FFF08,0x006018,0x606030,0xFFFFB0,0x000000,0x060400,0x0FFC00,0x060C00,0x060C30,0x060C7F,0x0FFC30,0x387030,0x19F830,0x066830,0x1C6C30,0x386630,0x3061B0,0x006030,0x000058,0xFFFF8F,0x7FFF06,0x000002},
  {0x01C002,0x18C204,0x3FFE08,0x18C618,0x18C630,0x1FFE30,0x60C000,0xFFFFC0,0x000000,0x0FFC00,0x0C0C30,0x0C0C7F,0x0FFC30,0x000C30,0x180C30,0x3FFC30,0x180C30,0x180C30,0x1FFC30,0x180C30,0x000058,0xFFFF8F,0x7FFF06,0x000002},
  {0x077002,0x633004,0xFFFFC8,0x033018,0x3FFF30,0x333330,0x333300,0x3FFF00,0x333300,0x333300,0x3FFF30,0x30037F,0x0FFC30,0x0C0C30,0x0C0C30,0x0FFC30,0x0C0C30,0x0C0C30,0x0FFC30,0x0C0C30,0x000058,0xFFFF8F,0x7FFF06,0x000002},
  {0x181802,0x3FBFC4,0x181808,0x189898,0x1F9FB0,0x2191B0,0x61B180,0x7FBF80,0x3F1F00,0x000000,0x073830,0x1B187F,0x3FFF30,0x031830,0x331830,0x7FFFB0,0x010830,0x1E3C30,0x380E30,0x3001B0,0x000058,0xFFFF8F,0x7FFF06,0x000002},
  {0x0CC402,0x1FFC04,0x0CCC08,0x0CCC18,0x0FFC30,0x60C030,0xFFFFC0,0x000000,0x0FFC00,0x0C0C00,0x0FFC30,0x0C0C7F,0x0FFC30,0x0C0C30,0x0C0C30,0x0FFC30,0x021030,0x0C3830,0x381C30,0x300330,0x000058,0xFFFF8F,0x7FFF06,0x000002},
  {0x1C3102,0x0C7F04,0x4C3308,0xFFF318,0x20B330,0x613330,0x333F00,0x513300,0xFFC300,0x0C0300,0x0C3330,0x0C7F7F,0x2C33B0,0x7FB3B0,0x0C3370,0x0C3330,0x0C3F30,0x0C3330,0x0C3330,0x0C0030,0x000058,0xFFFF8F,0x7FFF06,0x000002},
  {0x0001C0,0x6080C0,0xFF80C0,0x6198C0,0x31BFFE,0x118204,0x198E18,0x098630,0x058230,0x09B100,0x19FFFF,0x118000,0x318000,0x318C08,0x619FF8,0x618C18,0x618C18,0x618C18,0x7D8C18,0x318C18,0x018C18,0x018FF8,0x018C18,0x018C18},
  {0x6081C0,0xFF80C0,0x6198C0,0x31BFFF,0x118000,0x198608,0x098FF8,0x058618,0x098618,0x1987F8,0x118618,0x318800,0x319FFE,0x618C00,0x618640,0x6181C0,0x619CC0,0x7D83E0,0x3180FF,0x0180CE,0x0180C2,0x0180C0,0x0180F8,0x018060},
  {0x608C00,0xFF9F80,0x6181FE,0x3180C0,0x1198C0,0x19BFFE,0x098CD8,0x058CD8,0x098CD8,0x19ACD8,0x11FFFF,0x318CD8,0x318CD8,0x618CD8,0x618CD8,0x61BFFE,0x6180C0,0x7D80C0,0x31B8C0,0x0187C0,0x0180FF,0x01801E,0x018002,0x018000},
  {0x038C00,0x019FFF,0x0180A0,0x1980A0,0x3FF0A0,0x198CA2,0x199FFE,0x598CA6,0x598CA6,0xD88CA6,0xF8CCA6,0x774CA6,0x032F96,0x031F16,0x630C0E,0xFFFC06,0x030C06,0x030FFE,0x030C06,0x030C06,0x030C06,0x030FFE,0x030C06,0x030006},
  {0x008300,0x0387FF,0x319050,0x7FF050,0x333050,0x333352,0x3337FE,0x3FF356,0x333356,0x333356,0x333356,0x3FF3D6,0x0303D6,0x132316,0x33E30E,0x136306,0x4B6306,0xFF63FE,0xCB6306,0x433306,0x433306,0xC31BFE,0xFF0C06,0x7E0306},
  {0x070180,0x0303E0,0x030178,0x030737,0x030331,0x0301B2,0x6308B6,0xFFF876,0x631B30,0x631FFF,0x631838,0x631838,0x631878,0x6319BC,0x7FFB34,0x631B34,0x631834,0x631832,0x631832,0x631831,0x631830,0x631830,0x7FF830,0x601830},
  {0x000000,0x0C0010,0x1FFFF0,0x0C1830,0x0C1830,0x0C1830,0x0C1830,0x0FFFF0,0x0C1830,0x0C1830,0x0C1830,0x0C1830,0x0FFFF0,0x0C1830,0x001800,0x001800,0x181800,0x3FFFFC,0x001800,0x001800,0x001800,0x601800,0xFFFFFF,0x000000},
  {0x0E0000,0x1FE000,0x007FF8,0x001800,0x601800,0xFFFFFF,0x001800,0x061820,0x0FFFE0,0x061860,0x061860,0x07FFE0,0x061860,0x061860,0x061860,0x07FFE0,0x061860,0x181800,0x3FFFFC,0x001800,0x001800,0x601800,0xFFFFFF,0x000000},
  {0x301802,0x7FFFFE,0x1818C6,0x0858C6,0x0598C6,0x031FFE,0x0318C6,0x6018C6,0xFFF8C6,0x6618C6,0x261FFE,0x1618C6,0x0E00C0,0x0600C0,0x060CC0,0x061FFE,0x0600C0,0x0600C0,0x0600C0,0x061FC0,0x0601FF,0x06003E,0x07C002,0x030000},
  {0x001800,0x001C00,0x002C00,0x004600,0x00C600,0x018300,0x030180,0x0EC0C0,0xFFFFE0,0x701830,0x40180C,0x001803,0x0C1800,0x1FFFF8,0x001800,0x021810,0x0E1860,0x0618C0,0x0318C0,0x0118C0,0x009800,0x305800,0x7FFFFE,0x000000},
  {0x000060,0x600060,0xFFFCB0,0x060330,0x060630,0x060618,0x060108,0x0603FC,0x060064,0x060062,0x060261,0x0607FE,0x060060,0x060162,0x060764,0x060364,0x06016C,0x0600EC,0x060660,0x0601E0,0x06007F,0x06000E,0x07C002,0x030000},
  {0x018060,0x018060,0x02C0B0,0x02C330,0x044630,0x0C6618,0x182108,0xFB13FC,0x77E864,0x600462,0x000261,0x1807FE,0x3FF860,0x18C162,0x18C764,0x18C364,0x18C16C,0x18C0EC,0x18C660,0x1FC1E0,0x0CC07F,0x00C00E,0x00C002,0x00C000},
  {0x038060,0x018860,0x01B9B0,0x019B30,0x019B30,0x318818,0x7FFD08,0x018FFC,0x018464,0x018262,0x618261,0xFFFFFE,0x02C060,0x02C162,0x02C764,0x04C364,0x04416C,0x0468EC,0x0C2660,0x0831E0,0x18107F,0xF0080E,0x700402,0x600300},
  {0x070060,0x030060,0x0301B0,0x630B30,0xFFFB30,0x001818,0x001908,0x011BFC,0x071864,0x031862,0x031961,0x031BFE,0x031860,0x011962,0x019B64,0x019B64,0x018D6C,0x048CEC,0x088E60,0x1045E0,0x30467F,0x7FFA0E,0x60F102,0x601000},
  {0x181060,0x3FF060,0x1830B0,0x183330,0x183630,0x1FF618,0x183108,0x1833FC,0x183064,0x1FF062,0x193261,0x0137FE,0x213060,0xE13162,0x723764,0x1A3364,0x06316C,0x0430EC,0x0C3660,0x0A31E0,0x19F07F,0xF07E0E,0x701C02,0x600400},
  {0x040860,0x1C3060,0x0C60E0,0x066330,0x1A1630,0x3FF618,0x183188,0x1833FC,0x183064,0x183062,0x183361,0x1FF7FE,0x1B3060,0x036162,0x036764,0x036364,0x03616C,0x0330EC,0x433060,0x431360,0x4318F0,0xC3083F,0xFF040E,0x7E0302},
  {0x070060,0x030060,0x3300B0,0x7FFB30,0x030630,0x1B0618,0x3FF108,0x0303FC,0x630064,0xFFFC62,0x000261,0x3017FE,0x7FF060,0x303162,0x303764,0x3FF364,0x30316C,0x3030EC,0x3FF660,0x3031E0,0x30307F,0x30300E,0x3E3002,0x183000},
  {0x070060,0x030060,0x0310B0,0x631330,0xFFF630,0x601E18,0x101908,0x6003FC,0xFFFC64,0x030062,0x030261,0x0317FE,0x337060,0x7F3162,0x033764,0x033364,0x03316C,0x0330EC,0x033660,0x0359E0,0x03987F,0x070C0E,0xFE0602,0x780180},
  {0x0C0060,0x1FF860,0x0C00B0,0x0C0330,0x0FF630,0x0C0618,0x0C0108,0x6C03FC,0xFFFC64,0x030062,0x230A61,0xE337FE,0x776060,0x176162,0x0B0764,0x0B8364,0x1B416C,0x3330EC,0xF33E60,0x6319E0,0x63087F,0x03000E,0x03E002,0x018000},
  {0x018030,0x018030,0x02C058,0x04C198,0x0C6318,0x18230C,0xFA1084,0x77E9FE,0x600432,0x000231,0xE18930,0x6DFBFF,0x6D9830,0x6D98B1,0x6DFBB2,0x6D99B2,0x6D98B6,0x6DF876,0x6D9B30,0x6198F0,0x61983F,0x61980E,0x7DD802,0x30D800},
  {0x070030,0x031830,0x331F50,0x7FF898,0x331998,0x330D88,0xFFFC0C,0x330CFC,0x330636,0x3FFE32,0x331AB1,0x0319FF,0x331830,0x7FF9B0,0x031BB1,0x630AB2,0xFFFA76,0x030C36,0x030C30,0x030DF0,0x03163F,0x00620E,0xFFC102,0x7F00C0},
  {0x070060,0x130860,0x7330B0,0x336330,0x136630,0x0B0618,0x3FF108,0x3033FC,0x303064,0x3FF062,0x303261,0x3037FE,0x303060,0x3FF162,0x303764,0x303364,0x30316C,0x3FF0EC,0x002660,0x04E1E0,0x18707F,0x30380E,0x700C02,0x600300},
  {0x070060,0x737060,0x3330B0,0x333330,0x3FF630,0x303618,0x000108,0x6003FC,0xFFF864,0x000062,0x182261,0x3FE7FE,0x186060,0x186162,0x1FE764,0x186364,0x08216C,0x3840EC,0x184660,0x0CC1E0,0x04C07F,0x62000E,0xFFFC02,0x000000},
  {0x038060,0x018060,0x3180B0,0x7FFB30,0x082630,0x1CC618,0x644108,0xFFFFFC,0x000064,0x181062,0x3FF261,0x1837FE,0x183060,0x1FF162,0x183764,0x183364,0x1FF16C,0x0620EC,0x06E660,0x4671E0,0x46307F,0xC6180E,0xFE0C02,0x7C0300},
  {0x0C0040,0x1FFFC0,0x0000C0,0x0000C0,0x0300C0,0x07FFC0,0x0000C0,0x0300C0,0x07FFC0,0x0000C0,0x0000C0,0x6000C0,0xFFFFFF,0x0410C0,0x1C10C0,0x0E20C0,0x0160C0,0x00C0C0,0x0188C0,0x0306C0,0x0E01E0,0xFC007E,0x70001C,0x400004},
  {0x602602,0xFFEFFE,0x606606,0x606606,0x7FE7FE,0x606606,0x606606,0x606606,0x7FE7FE,0x606606,0x600006,0x600006,0x600006,0x600006,0x600006,0x600006,0x600006,0x600006,0x600006,0x600006,0x600006,0x600006,0x7C0006,0x300006},
  {0x602602,0xFFEFFE,0x606606,0x606606,0x7FE7FE,0x606606,0x606606,0x7FE7FE,0x606606,0x600006,0x600006,0x600006,0x600006,0x630006,0x67FFE6,0x600006,0x600006,0x600006,0x600006,0x600006,0x600006,0x600006,0x7C0006,0x300006},
  {0x602602,0xFFEFFE,0x606606,0x606606,0x7FE7FE,0x606606,0x606606,0x7FE7FE,0x606606,0x600006,0x603806,0x601806,0x601806,0x601806,0x602C06,0x602C06,0x604C06,0x60C606,0x678306,0x630186,0x620066,0x600006,0x7C0006,0x300006},
  {0x602602,0xFFEFFE,0x606606,0x606606,0x7FE7FE,0x606606,0x606606,0x7FE7FE,0x600006,0x60E006,0x606006,0x636006,0x67FFE6,0x607806,0x606C06,0x606C06,0x606606,0x606306,0x606186,0x606066,0x607C06,0x603006,0x7C0006,0x300006},
  {0x602602,0xFFEFFE,0x606606,0x606606,0x7FE7FE,0x606606,0x606606,0x7FE7FE,0x606606,0x600006,0x618006,0x63FFC6,0x606606,0x606606,0x666606,0x6FFFF6,0x606606,0x606606,0x606206,0x606306,0x606106,0x6060C6,0x7C0006,0x300006},
  {0x602602,0xFFEFFE,0x606606,0x606606,0x7FE7FE,0x606606,0x606606,0x7FE7FE,0x606606,0x600006,0x600006,0x618086,0x63FF86,0x618186,0x618186,0x61FF86,0x618186,0x618186,0x618186,0x61FF86,0x618186,0x600006,0x7C0006,0x300006},
  {0x602602,0xFFEFFE,0x606606,0x606606,0x7FE7FE,0x606606,0x606606,0x7FE7FE,0x604106,0x61C606,0x60C606,0x612006,0x63FFC6,0x601806,0x621806,0x67FFE6,0x602C06,0x604606,0x60C606,0x678306,0x630186,0x620066,0x7C0006,0x300006},
  {0x602602,0xFFEFFE,0x606606,0x606606,0x7FE7FE,0x606606,0x606606,0x7FE7FE,0x603806,0x611806,0x63FFC6,0x606206,0x642606,0x6FFFF6,0x600006,0x60FF06,0x60C306,0x60C306,0x60FF06,0x60C306,0x60C306,0x60FF06,0x7CC306,0x300006},
  {0x602602,0xFFEFFE,0x606606,0x606606,0x7FE7FE,0x606606,0x606606,0x7FE7FE,0x600006,0x670606,0x630FF6,0x630006,0x6FFFE6,0x630666,0x631666,0x6327E6,0x636416,0x636E66,0x630266,0x630106,0x630FF6,0x63E0E6,0x7D8026,0x300006},
  {0x0C0982,0x1FFBFE,0x0C1986,0x0C18C6,0x0C1846,0x0C1866,0x0C1826,0x0FF816,0x0C1826,0x0C1866,0x0C1846,0x0C18C6,0x0C18C6,0x0C1986,0x0FF986,0x0C1986,0x0C1986,0x0C19F6,0x0C18C6,0x0C1806,0x0C1806,0x6C1806,0xFFFF86,0x000006},
  {0x002182,0x00E3FE,0x0C6186,0x1FF0C6,0x0C3046,0x065826,0x034C16,0x018226,0x03C126,0x0E6066,0xFC3046,0x738CC6,0x4183C6,0x1980C6,0x3FFEC6,0x0198C6,0x0198FE,0x619866,0xFFFF06,0x018006,0x018006,0x018006,0x018006,0x018006},
  {0x0C0982,0x1FFBFE,0x0C1986,0x0C18C6,0x0C1846,0x0FF866,0x0C1826,0x0C1816,0x0C1826,0x0C1866,0x0FF846,0x0C98C6,0x1098C6,0x711986,0x311986,0x1B1986,0x0A1986,0x0619F6,0x0418C6,0x0D9806,0x187806,0xF81F86,0x700706,0x600106},
  {0x00C0C2,0x00C1FE,0x0160C6,0x016046,0x023066,0x063026,0x0C1816,0x1A0826,0xFFFC26,0x60C266,0x40C146,0x30C0C6,0x7FFFC6,0x00C0C6,0x00C4C6,0x04DCC6,0x18CCFE,0x30CC66,0x70C606,0x60C206,0x60C106,0x00C086,0x00F806,0x006006},
  {0x0040C2,0x01C1FE,0x18C0C6,0x3FE046,0x186066,0x183026,0x0C1016,0x040826,0x020426,0x010266,0x305C46,0x7FCCC6,0x30CCC6,0x30CCC6,0x30CCC6,0x30CCC6,0x3FCCFE,0x30CC66,0x30CC06,0x30CC06,0x30CC06,0x30CC06,0x3FCC06,0x30CC06},
  {0x01C0C2,0x00C1FE,0x18C0C6,0x3FFF46,0x00C066,0x00C026,0x30C016,0x7FFFA6,0x033026,0x033066,0x031846,0x7F18C6,0x7E0CC6,0x01C6C6,0x00C1C6,0x00C0C6,0x18C0FE,0x3FFF66,0x00C006,0x00C006,0x00C006,0x60C006,0xFFFFC6,0x000006},
  {0x00C0C2,0x00C1FE,0x0160C6,0x016046,0x023066,0x0C1826,0xFB0C16,0x77F626,0x60C1A6,0x18C266,0x3FFE46,0x18C6C6,0x18C6C6,0x18C6C6,0x1FFEC6,0x1966C6,0x0160FE,0x026066,0x023006,0x043006,0x0C1806,0xF80C06,0x700606,0x6001C6},
  {0x0C08C2,0x1FF9FE,0x0C18C6,0x0C1846,0x0FF866,0x0C1826,0x0C1816,0x0FF826,0x0C1826,0x600066,0xFFFF46,0x0030C6,0x3018C6,0x7FF8C6,0x336CC6,0x3364C6,0x31B2FE,0x319966,0x30CC06,0x186606,0x183186,0x1F8C06,0x0E0006,0x060006},
  {0x1804C2,0x3FFDFE,0x18CCC6,0x18CC46,0x18CC66,0x1FFC26,0x18CC16,0x18CC26,0x18CC26,0x1FFC66,0x18CC46,0x00C0C6,0x60C2C6,0xFFFEC6,0x60C6C6,0x62C6C6,0x64C6FE,0x6EC666,0x6DFE06,0x6C7606,0x601606,0x600606,0x7C0606,0x300606},
  {0x073982,0x131BFE,0x735986,0x3BF8C6,0x0F1846,0x431866,0x431826,0xC3D816,0xFF3F26,0x7E0E66,0x004246,0x01C0C6,0x18C8C6,0x3FF986,0x181986,0x181986,0x181986,0x1FF9F6,0x1818C6,0x181806,0x181806,0x181806,0x1FF806,0x181806},
  {0x0380C2,0x0189FE,0x09B8C6,0x319846,0x618C66,0xC18426,0xC18216,0x3FFD26,0x300C26,0x300C66,0x3FFC46,0x300CC6,0x300CC6,0x3FFCC6,0x318CC6,0x0180C6,0x0584FE,0x099C66,0x118C06,0x318E06,0x618606,0xE18306,0xC1F0C6,0x00C006},
  {0x0004C2,0x318DFE,0x7FFCC6,0x30CC66,0x196626,0x056E26,0x023916,0x063396,0x0C1A76,0xFB0C26,0x77F666,0x600366,0x0000E6,0x300066,0x7FFF66,0x00C066,0x00C27E,0x04CE36,0x18C606,0x30C306,0x70C106,0x60C086,0x60F846,0x006006},
  {0x01C0C2,0x00C1FE,0x18C0C6,0x3FFE46,0x040866,0x0E3026,0x621016,0xFFFFA6,0x000026,0x180466,0x3FFC46,0x180CC6,0x180CC6,0x1FFCC6,0x180CC6,0x180CC6,0x1FFCFE,0x18CC66,0x60C006,0xFFFF86,0x00C006,0x00C006,0x00C006,0x00C006},
  {0x1C00C2,0x3F81FE,0x0BFEC6,0x382246,0x184466,0x08CC26,0x048816,0x3FFE26,0x180026,0x180066,0x1FFE46,0x1800C6,0x1800C6,0x1800C6,0x1FFEC6,0x1840C6,0x0080FE,0x11B266,0x6B3206,0xCB3206,0xC83306,0x1831C6,0x1FF0C6,0x0FE006},
  {0x1384C2,0x7199FE,0x39B0C6,0x09B046,0x658066,0xFFFF26,0x05E016,0x09B026,0xF99826,0x718C66,0x618B46,0x39B8C6,0x1818C6,0x187CC6,0x7FECC6,0x1B64C6,0x1B66FE,0x5B3966,0xFFF086,0x181806,0x180C06,0x180606,0x180306,0x1800C6},
  {0x0380E0,0x018060,0x318660,0x7FFFFF,0x318060,0x318360,0xFFFFFE,0x318000,0x318180,0x3183FE,0x3FF800,0x318B00,0x1397FF,0x73B060,0x3DB0E4,0x05837C,0x05C66C,0x09A66C,0x199864,0x318F66,0xF18662,0x618261,0x41F07C,0x00C030},
  {0x001020,0x0070E0,0x0C1860,0x1FFFF0,0x001830,0x001838,0x07FFF4,0x001832,0x001831,0x07FFF0,0x001830,0x181830,0x3FFFF0,0x003830,0x601800,0xFFFFFF,0x003B00,0x005B80,0x0199C0,0x071860,0xFC1830,0x78180C,0x601803,0x001800},
  {0x0080E0,0x0B8060,0x398C60,0x199FFF,0x0CC080,0x644F9C,0xFFE66C,0x0CE6AC,0x0CD79C,0x0CCE0C,0x2CC7FC,0x7FC0C0,0x0CCC42,0x0CDFFE,0x0CCC46,0x2CCCA6,0x7FCD26,0x0CCFFE,0x0CCF36,0x0CCC16,0x6CCC06,0xFFCC06,0x00CF86,0x00C606},
  {0x0043B8,0x09C198,0x38CD98,0x1CDFFF,0x246198,0x7FE602,0x066FFE,0x067666,0x066E66,0x366666,0x7FE7FE,0x066666,0x066360,0x0667FE,0x366060,0x7FE660,0x066FFF,0x066060,0x0660E0,0x066330,0x666630,0xFFE618,0x00600C,0x006003},
  {0x180000,0x3FFFF8,0x001804,0x601804,0xFFFFFC,0x601806,0x201807,0x1F99FB,0x001800,0x1F99F8,0x001800,0x060020,0x0FFFE0,0x061860,0x061860,0x07FFE0,0x061860,0x061860,0x461860,0x47FFE0,0x401860,0xC01800,0xFFF800,0x7FF000},
  {0x0C0000,0x1FFFF8,0x001804,0x601804,0xFFFFFC,0x601806,0x2F99F3,0x101803,0x0F99F0,0x001808,0x180008,0x3FFFF8,0x000018,0x0FFFD8,0x000018,0x600018,0xFFFFF8,0x041188,0x1C218C,0x06C184,0x03BF86,0xFE03FA,0x780071,0x400010},
  {0x180000,0x3FFFF8,0x001800,0x601808,0xFFFFF8,0x60180C,0x20180E,0x1F99F6,0x001800,0x0F99F0,0x001800,0x060000,0x0FFFF0,0x000000,0x180000,0x3FFFFC,0x046600,0x1C6608,0x0C6630,0x066660,0x026660,0x616600,0xFFFFFF,0x000000},
  {0x0C0000,0x1FFFF8,0x601804,0xFFFFFC,0x601806,0x2F99F3,0x001803,0x0F99F0,0x003800,0x00E300,0x3067FE,0x7FF190,0x0C5860,0x0686C0,0x038FFF,0xFCC6F0,0x73B2D0,0x418DD8,0x1FF8C8,0x18C0C4,0x1860C2,0x0C30C1,0x0F98F8,0x060660},
  {0x003800,0x001800,0x181800,0x3FFFFC,0x001800,0x0C1800,0x1FFFF8,0x001800,0x601800,0xFFFFFF,0x000000,0x030040,0x07FFC0,0x0300C0,0x0300C0,0x03FFC0,0x0300C0,0x0300C0,0x03FFC0,0x0300C0,0x0300C0,0x0300C0,0x03E0C0,0x0180C0},
  {0x0080E0,0x038060,0x0D8660,0x1FCFFF,0x0C4060,0x322360,0x7FF7FE,0x330860,0x330660,0x330FFF,0xFFF800,0x330304,0x3307FC,0x33030C,0x3FF30C,0x3303FC,0x33030C,0x03030C,0x0303FC,0x03030C,0x03030C,0x03030C,0x03E3EC,0x01818C},
  {0x000000,0x600000,0xFFFFFF,0x000E00,0x000600,0x000208,0x180108,0x3FFFF8,0x18C318,0x18C318,0x18C318,0x18FF18,0x18C318,0x18C318,0x18C318,0x18C318,0x18FF18,0x18C318,0x18C318,0x18C318,0x18C318,0x1FFFF8,0x180018,0x180018},
  {0x01C700,0x00C300,0x60C300,0xFFFFFF,0x00C300,0x00C300,0x00FF00,0x00DB00,0x001800,0x0C1810,0x1FFFF0,0x0C1830,0x0C1830,0x0C1830,0x0FFFF0,0x0C1830,0x001800,0x601800,0xFFFFFF,0x001800,0x001800,0x001800,0x001800,0x001800},
  {0x003800,0x001800,0x0C1800,0x1FFFF8,0x008040,0x018180,0x00C300,0x604100,0xFFFFFF,0x000000,0x000000,0x030040,0x07FFC0,0x0300C0,0x0300C0,0x0300C0,0x03FFC0,0x0300C0,0x0300C0,0x0300C0,0x0300C0,0x03FFC0,0x0300C0,0x0300C0},
  {0x626230,0xFEFE71,0x66660A,0x267E66,0x1666EC,0x266630,0x667E48,0x4626FF,0xC64666,0xFEFFB2,0x66C718,0x06390C,0x0C1803,0x1FFFF8,0x00C100,0x604300,0xFFFFFF,0x000000,0x03FFC0,0x0300C0,0x03FFC0,0x0300C0,0x03FFC0,0x0300C0},
  {0x600E1C,0xFFF60C,0x0306EC,0x01066C,0x30A66C,0x7FE66C,0x30666C,0x30666C,0x30666C,0x3FE66C,0x30666C,0x30666C,0x30666C,0x3FE66C,0x30666C,0x30666C,0x30666C,0x3FE66C,0x00466C,0x09C60C,0x30C604,0x606606,0xE03602,0xC00C01},
  {0x600000,0xFFFB00,0x0187FE,0x008000,0x189000,0x3FF304,0x1837FC,0x18330C,0x18330C,0x1FF30C,0x1833FC,0x18330C,0x183084,0x1FF388,0x183198,0x183098,0x183098,0x1FF640,0x0021F0,0x04E03F,0x18700E,0x303802,0x700C00,0x600300},
  {0x600060,0xFFF860,0x0300B0,0x010330,0x18A618,0x3FEDE8,0x186C0C,0x186304,0x1867FE,0x1FE301,0x186180,0x186080,0x186040,0x1FE324,0x1867FC,0x18630C,0x18630C,0x1FE30C,0x00430C,0x09C3FC,0x30E30C,0x60700C,0xC01800,0xC00600},
  {0x600304,0xFFF7FC,0x03030C,0x01030C,0x30A3FC,0x7FE30C,0x30630C,0x3063FC,0x3FE30C,0x306600,0x306FFF,0x3FE060,0x306064,0x30607C,0x3FE66C,0x044FEC,0x19C06C,0x30C06C,0x60606C,0x601874,0x0000E4,0xFFFF86,0x7FFE02,0x000001},
  {0x6001C0,0xFFF0C4,0x030CC4,0x011FFC,0x312C16,0x7FE273,0x306333,0x3067F8,0x306318,0x3FE18C,0x3060F4,0x3060C2,0x306361,0x3FE630,0x306C18,0x306C0C,0x306306,0x3FE7FD,0x00430C,0x09C30C,0x30C30C,0x60630C,0xC033FC,0xC00F0C},
  {0x600CB2,0xFFFFBE,0x030DB6,0x010DB6,0x312DB6,0x7FEFBE,0x306DB6,0x306000,0x306300,0x3FE7FC,0x306000,0x306C00,0x307FFF,0x3FE018,0x306318,0x3067F8,0x30630C,0x3FE30C,0x004300,0x09C300,0x30C180,0x6061F8,0xC030E0,0xC00C60},
  {0x6001C0,0xFFECC0,0x031FFE,0x010208,0x312E10,0x7FE630,0x306330,0x306884,0x307FFC,0x3FE08C,0x30638C,0x3061CC,0x30626C,0x3FEE1C,0x30670C,0x30638C,0x3064CC,0x3FFC3C,0x004E04,0x09C704,0x30C386,0x6060C2,0xC03032,0xC00C0D},
  {0x600C04,0xFFFFFC,0x03018C,0x01008C,0x314CAC,0x7FDFEC,0x30CC6C,0x30CC6C,0x30CC6C,0x3FCFEC,0x30CC6C,0x30CC6C,0x30CC6C,0x3FCFEC,0x30C18C,0x30C594,0x30C9F4,0x3FD9B4,0x0099B6,0x139992,0x21819A,0x60C189,0xC061F4,0xC018C0},
  {0x6002E1,0xFFFE66,0x01876C,0x0080EC,0x185660,0x3FFFFF,0x1830F8,0x183368,0x18366C,0x1FF664,0x183062,0x183001,0x1830E0,0x1FF060,0x183660,0x183FFF,0x183070,0x1FF0B0,0x002318,0x08E618,0x30660C,0x603004,0xC01802,0xC00601},
  {0x601800,0xFFFFFF,0x060000,0x020C04,0x315FFC,0x7FCC0C,0x30CC0C,0x30CFFC,0x30CC4C,0x3FC6CC,0x30C6CC,0x30CA6C,0x30DFEC,0x3FC36C,0x30C37C,0x30CFEC,0x30C36C,0x3FC364,0x008FE6,0x138362,0x218B62,0x60DFE1,0xC06060,0xC01860},
  {0x0C0008,0x1FFFF8,0x0C0018,0x0CC018,0x0DF018,0x0C3C18,0x0C0FD8,0x0C0C18,0x0CCC98,0x0DFF98,0x0CCD98,0x0CCD98,0x0CCD98,0x0CCD98,0x0CFF98,0x18CD98,0x580C18,0x584C18,0x598C18,0x73FFE8,0x7307CC,0x630044,0xE00002,0xC00001},
  {0x118000,0x3BFFFC,0x098000,0x05B900,0x1B1B80,0x3319C0,0x3318F0,0x4618CE,0x4618C0,0xCC18C0,0xF998C0,0x73FFFF,0x0998C0,0x1D9860,0x059860,0x1B1860,0x331820,0x331830,0x461810,0x461818,0x4C1808,0xF81804,0xF01802,0x601801},
  {0x001800,0x001C00,0x002C00,0x004600,0x018300,0x033980,0x0E18C0,0xFFFFE0,0x7300D0,0x4300CC,0x03FFC3,0x0300C0,0x0300C0,0x07FFC0,0x1C04C0,0x0E08C0,0x0310C0,0x00A0C0,0x0040C0,0x0198C0,0x0707C0,0xFE00FE,0x78001C,0x600004},
  {0x062060,0x0FE060,0x0661B0,0x066330,0x066E10,0x066ED8,0x0660C8,0x0667FC,0x06661A,0x066619,0x0667F8,0x066618,0x066618,0x0667F8,0x066698,0x066118,0x066318,0x466618,0x466798,0x463678,0xC6303E,0xC6180C,0xFE0C04,0x7C0300},
  {0x000030,0x601030,0xFFF0D8,0x003198,0x003308,0x00336C,0x183064,0x3FF3FE,0x18B30D,0x18B30C,0x0CB3FC,0x0CB30C,0x0D330C,0x0533FC,0x07334C,0x03188C,0x03198C,0x059B0C,0x0D8BCC,0x08CF3C,0x18641F,0xF03206,0x701902,0x600600},
  {0x008060,0x038060,0x0180B0,0x018330,0x018610,0x60CCD8,0xFFCCC8,0x6067FC,0x37261A,0x0B1619,0x030FF8,0x030618,0x030618,0x0587F8,0x058698,0x058118,0x048318,0x0CC618,0x084798,0x186C78,0x382C3E,0xF0100C,0x700804,0x600400},
  {0x002030,0x00E030,0x0060D8,0x306198,0x7FE308,0x30336C,0x303064,0x3313FE,0x37FB0D,0x330B0C,0x3307FC,0x33030C,0x33130C,0x33F3FC,0x18334C,0x1F308C,0x1C318C,0x4C330C,0x4037CC,0x40363C,0xC0361F,0xC03006,0xFFF002,0x7FE000},
  {0x002030,0x00E030,0x0060D8,0x006198,0x603308,0xFFF36C,0x031864,0x030BFE,0x33170D,0x7FF30C,0x3333FC,0x33330C,0x33330C,0x3333FC,0x33334C,0x33308C,0x33318C,0x33330C,0x3F37CC,0x1B363C,0x03061F,0x030006,0x030002,0x030000},
  {0x010040,0x070180,0x038300,0x608300,0xFFFFFF,0x000C00,0x000400,0x060220,0x0FFFE0,0x060060,0x060060,0x060060,0x07FFE0,0x060060,0x060060,0x060060,0x07FFE0,0x060060,0x060060,0x060060,0x060060,0x07FFE0,0x060060,0x060060},
  {0x0C0010,0x1FFFF0,0x001830,0x001830,0x061830,0x0FFFF0,0x001830,0x001830,0x061830,0x0FFFF0,0x001830,0x001830,0x301830,0x7FFFF0,0x300030,0x304000,0x308400,0x318848,0x199888,0x181984,0x0C0186,0x0FC187,0x070003,0x030000},
  {0x038602,0x018FFE,0x018066,0x018066,0x018266,0x6187FE,0xFFF866,0x018266,0x0187FE,0x02C066,0x02C066,0x02C666,0x02CFFE,0x02C646,0x04C690,0x0466A8,0x0C66AA,0x08666A,0x08A61A,0x193303,0x331303,0xF30BF0,0x6005C0,0x6002C0},
  {0x000602,0x301FFE,0x7FF066,0x003066,0x083266,0x3877FE,0x18B066,0x193266,0x1A37FE,0x0E3066,0x0C3066,0x0C3666,0x1437FE,0x363646,0x323690,0x6336A8,0x6136AA,0x60B66A,0x00761A,0x003303,0x603303,0xFFF3F0,0x0031C0,0x0030C0},
  {0x180602,0x3FFFFE,0x184066,0x0C8066,0x068266,0x0307FE,0x0D8066,0xF8C266,0x7037FE,0x470C66,0x331066,0x7FF666,0x3337FE,0x333646,0x333690,0x3FF6A8,0x3336AA,0x33366A,0x0B061A,0x130303,0x230303,0x7FFBF0,0xE0F1C0,0xC010C0},
  {0x008770,0x039B30,0x61BFFE,0xFFC330,0x18CC04,0x195FFC,0x0D2C0C,0x0E1DFC,0x060DB6,0x1B0DF2,0xF18601,0x6077C0,0x460320,0x0FFFE0,0x001860,0x03FFE0,0x001860,0x03FFE0,0x301860,0x7FFFE8,0x302228,0x38C444,0x1ECCC7,0x0C0CC3},
  {0x030040,0x07FFC0,0x0300C0,0x0308C0,0x03F8C0,0x0318C4,0x6318C4,0xFFFFFC,0x600006,0x130047,0x07FFC3,0x0300C0,0x0300C0,0x03FFC0,0x0300C0,0x0300C0,0x03FFC0,0x0300C0,0x0300C0,0x0300C0,0x0300C0,0x0300C0,0x03E0C0,0x0180C0},
  {0x070308,0x0307F8,0x030318,0x630318,0xFFFB58,0x0103D8,0x070358,0x031B5A,0x09AFFE,0x386C02,0x1CC30B,0x0CC7FB,0x060318,0x160318,0x7303F8,0x398318,0x18C318,0x0C63F8,0x0E1B18,0x130318,0x218318,0x60C318,0xC033D8,0xC00D98},
  {0x070308,0x3327F8,0x7FE318,0x336358,0x3363D8,0xFFFB58,0x336358,0x336B5A,0x3FFFFE,0x030C03,0x3FE30B,0x3367F8,0x336318,0x3FE318,0x0183F8,0x618318,0xFFFF18,0x0CC3F8,0x0C7318,0x07B318,0x070318,0x3D8318,0x70C3D8,0x603998},
  {0x601308,0xFFF7F8,0x6DB318,0x6DB358,0x6DB3D8,0x7FF358,0x60C358,0x00CB5A,0x606FFE,0xFFEC03,0x61B30B,0x6197F8,0x6FFB18,0x6DB718,0x6DB3F8,0x6FF318,0x6DB318,0x6583F8,0x6D8318,0x3FFB18,0x307318,0x3F1318,0x1C03D8,0x0C0198},
  {0x003800,0x001800,0x601800,0xFFFFFF,0x000000,0x018080,0x03FF80,0x018180,0x018180,0x018180,0x01FF80,0x018180,0x300004,0x7FFFFC,0x30000C,0x30C10C,0x31FF0C,0x30C30C,0x30C30C,0x30C30C,0x30FF0C,0x30C30C,0x3E000C,0x18000C},
  {0x004000,0x01C000,0x30C4C0,0x7FFDFE,0x318C00,0x318C00,0x318D80,0x3FFFFF,0x318C08,0x318C38,0x318C18,0x3FFC18,0x098828,0x39B848,0x199884,0x2999F4,0x458D9F,0xFF8D8E,0xCD8602,0x418600,0x418300,0xC18180,0xFF80C0,0x7F0038},
  {0x003800,0x301808,0x7FFFF8,0x030E18,0x333618,0x7FFFF8,0x07C798,0x0B7E98,0xFB26D8,0x731658,0x603038,0x0FFF98,0x0C3198,0x0FFF98,0x0C3198,0x0C318C,0x0FFF8C,0x06620C,0x4A6E04,0x5F6706,0x5B6382,0xC060C1,0xFFE030,0x7FC00C},
  {0x000100,0x000700,0x030320,0x07FFE0,0x030060,0x030060,0x03FFE0,0x030060,0x030060,0x03FFE0,0x030060,0x180060,0x3FFFE0,0x000060,0x300060,0x7FFFE0,0x302260,0x30C440,0x318888,0x319888,0x181984,0x1F8187,0x0E0003,0x060000},
  {0x004000,0x01C000,0x18C8C2,0x3FF9FE,0x1818C6,0x1818C6,0x1FF8C6,0x1818C6,0x1818C6,0x1FF8C6,0x1818C6,0x6018C6,0xFFF8C6,0x0018C6,0x6018FE,0xFFF8C6,0x611A06,0x624A06,0x669300,0x719100,0x3131C0,0x3F30C0,0x1C0000,0x0C0000},
  {0x007000,0x003000,0x603008,0xFFFFF8,0x000018,0x01CE18,0x18C618,0x3FFFF8,0x18C618,0x18C618,0x18C618,0x1FFFF8,0x180018,0x01C398,0x00C198,0x18D998,0x38FF8C,0x0CC18C,0x03C18C,0x40E184,0x40DD86,0xC0C7FA,0xFFC0F1,0x7F8010},
  {0x600600,0xFFEFFE,0x000000,0x1FC3F8,0x18C318,0x1AC358,0x1ADB58,0x301800,0x7FFFF8,0x00C618,0x18C618,0x3FFFF8,0x18C618,0x18C618,0x1FFFF8,0x180018,0x00E398,0x0C6998,0x1E7F88,0x41E18C,0x407184,0xC06FFA,0xFFE0F1,0x7FC010},
  {0x007000,0x003000,0x603008,0xFFFFF8,0x000018,0x070E18,0x030618,0x030618,0x633618,0xFFFFF8,0x078718,0x078718,0x0BCF18,0x0B5798,0x1B5698,0x336698,0x7326CC,0xE3264C,0x63162C,0x430E14,0x030606,0x030602,0x030601,0x030600},
  {0x01C700,0x00C300,0x18C300,0x3FFFFC,0x00C300,0x00C300,0x60C300,0xFFFFFF,0x001800,0x0C1810,0x1FFFF0,0x0C1830,0x0C1830,0x0FFFF0,0x0C1830,0x0C1830,0x0C1830,0x0FFFF0,0x000080,0x018380,0x0E01C0,0x3800E0,0x700038,0x600007},
  {0x0C0010,0x1FFFF0,0x0C1830,0x0C1830,0x0C1830,0x0FFFF0,0x0C1830,0x0C1830,0x0C1830,0x0FFFF0,0x0C1830,0x001800,0x181800,0x3FFFFC,0x001800,0x001800,0x601800,0xFFFFFF,0x082110,0x104110,0x30C208,0x61860C,0xE18607,0xC18603},
  {0x000400,0x030C40,0x07FFC0,0x0300C0,0x03FFC0,0x0300C0,0x03FFC0,0x0300C0,0x03FFC0,0x0C0010,0x1FFFF0,0x0C1830,0x0FFFF0,0x0C1830,0x0C1830,0x0FFFF0,0x0CC330,0x60C300,0xFFFFFF,0x00C300,0x00C180,0x00C0C0,0x00C030,0x00C00E},
  {0x000000,0x000000,0x000000,0x000800,0x001C00,0x001C00,0x001C00,0x001C00,0x001C00,0x001C00,0x000800,0x000800,0x000800,0x000800,0x000800,0x000800,0x000000,0x000000,0x001C00,0x001C00,0x001C00,0x000000,0x000000,0x000000},
  {0x080000,0x040000,0x020000,0x010000,0x018000,0x008000,0x00C000,0x00C000,0x00C000,0x006000,0x006000,0x006000,0x006000,0x006000,0x006000,0x00C000,0x00C000,0x00C000,0x008000,0x018000,0x010000,0x020000,0x040000,0x080000},
  {0x000010,0x000020,0x000040,0x000080,0x000180,0x000100,0x000300,0x000300,0x000300,0x000600,0x000600,0x000600,0x000600,0x000600,0x000600,0x000300,0x000300,0x000300,0x000100,0x000180,0x000080,0x000040,0x000020,0x000010},
  {0x000000,0x000000,0x000000,0x000000,0x000000,0x000000,0x000000,0x001C00,0x001C00,0x001C00,0x000000,0x000000,0x000000,0x000000,0x000000,0x000000,0x000000,0x000000,0x001C00,0x001C00,0x001C00,0x000000,0x000000,0x000000},
  {0x000000,0x000000,0x000000,0x000018,0x000060,0x000180,0x000600,0x001800,0x006000,0x018000,0x060000,0x180000,0x060000,0x018000,0x006000,0x001800,0x000600,0x000180,0x000060,0x000018,0x000000,0x000000,0x000000,0x000000},
  {0x000000,0x000000,0x000000,0x003C00,0x00C300,0x018180,0x0300C0,0x0301C0,0x0301C0,0x030000,0x018000,0x01C000,0x00F800,0x003800,0x000800,0x000800,0x000800,0x000000,0x001C00,0x001C00,0x001C00,0x000000,0x000000,0x000000},
};
static const GInfo ruby_info[RUBY_N] = {
  {0x3042, 12},
  {0x3044, 12},
  {0x3046, 12},
  {0x3048, 12},
  {0x304A, 12},
  {0x304B, 12},
  {0x304C, 12},
  {0x304D, 12},
  {0x304E, 12},
  {0x304F, 12},
  {0x3050, 12},
  {0x3051, 12},
  {0x3052, 12},
  {0x3053, 12},
  {0x3054, 12},
  {0x3055, 12},
  {0x3056, 12},
  {0x3057, 12},
  {0x3058, 12},
  {0x3059, 12},
  {0x305A, 12},
  {0x305B, 12},
  {0x305C, 12},
  {0x305D, 12},
  {0x305E, 12},
  {0x305F, 12},
  {0x3060, 12},
  {0x3061, 12},
  {0x3063, 12},
  {0x3064, 12},
  {0x3065, 12},
  {0x3066, 12},
  {0x3067, 12},
  {0x3068, 12},
  {0x3069, 12},
  {0x306A, 12},
  {0x306B, 12},
  {0x306C, 12},
  {0x306D, 12},
  {0x306E, 12},
  {0x306F, 12},
  {0x3070, 12},
  {0x3072, 12},
  {0x3073, 12},
  {0x3074, 12},
  {0x3075, 12},
  {0x3076, 12},
  {0x3078, 12},
  {0x3079, 12},
  {0x307A, 12},
  {0x307B, 12},
  {0x307C, 12},
  {0x307D, 12},
  {0x307E, 12},
  {0x307F, 12},
  {0x3080, 12},
  {0x3081, 12},
  {0x3082, 12},
  {0x3083, 12},
  {0x3084, 12},
  {0x3085, 12},
  {0x3086, 12},
  {0x3087, 12},
  {0x3088, 12},
  {0x3089, 12},
  {0x308A, 12},
  {0x308B, 12},
  {0x308C, 12},
  {0x308D, 12},
  {0x308F, 12},
  {0x3093, 12},
};
static const unsigned short ruby_rows[RUBY_N][12] = {
  {0x030,0x020,0x0E0,0x03C,0x050,0x1F0,0x258,0x454,0x432,0x42A,0x206,0x180},
  {0x000,0x000,0x002,0x104,0x204,0x404,0x424,0x614,0x00C,0x008,0x008,0x000},
  {0x020,0x0C0,0x080,0x000,0x0E8,0x118,0x100,0x100,0x100,0x080,0x080,0x060},
  {0x010,0x0E0,0x000,0x0E4,0x09C,0x040,0x020,0x010,0x028,0x044,0x046,0x782},
  {0x004,0x118,0x208,0x638,0x00E,0x388,0x468,0x418,0x40C,0x44A,0x38C,0x008},
  {0x008,0x030,0x010,0x130,0x24D,0x44B,0x848,0xE44,0x844,0x02A,0x033,0x011},
  {0x408,0xA30,0x410,0x530,0x24D,0x44B,0x848,0xE44,0x844,0x02A,0x033,0x011},
  {0x030,0x0A0,0x0E4,0x238,0x1C0,0x078,0x080,0x178,0x184,0x004,0x008,0x070},
  {0x230,0x520,0x2E4,0x238,0x1C0,0x078,0x080,0x178,0x184,0x004,0x008,0x070},
  {0x040,0x0C0,0x040,0x020,0x010,0x008,0x008,0x010,0x020,0x040,0x080,0x080},
  {0x040,0x0C0,0x240,0x520,0x210,0x208,0x008,0x010,0x020,0x040,0x080,0x080},
  {0x180,0x102,0x10C,0xF04,0x1F4,0x102,0x102,0x102,0x10A,0x086,0x084,0x044},
  {0x580,0xB02,0x50C,0x104,0xF04,0x1F2,0x102,0x102,0x10A,0x086,0x084,0x044},
  {0x000,0x000,0x1F8,0x080,0x000,0x000,0x008,0x004,0x004,0x004,0x3F8,0x000},
  {0x200,0x500,0x2F8,0x240,0x000,0x000,0x008,0x004,0x004,0x004,0x3F8,0x000},
  {0x030,0x310,0x120,0x0C4,0x0B8,0x100,0x2E0,0x310,0x008,0x008,0x030,0x1C0},
  {0x430,0xA10,0x5A0,0x4C4,0x0B8,0x100,0x2E0,0x310,0x008,0x008,0x030,0x1C0},
  {0x004,0x018,0x008,0x008,0x008,0x008,0x008,0x008,0x208,0x108,0x0C8,0x030},
  {0x004,0x118,0x288,0x108,0x108,0x008,0x008,0x008,0x208,0x108,0x0C8,0x030},
  {0x020,0x0C0,0x040,0xFF0,0x04F,0x070,0x048,0x048,0x070,0x040,0x040,0x030},
  {0x520,0xAC0,0x440,0xFF0,0x04F,0x070,0x048,0x048,0x070,0x040,0x040,0x030},
  {0x040,0x184,0x098,0x088,0xFE8,0x09F,0x088,0x048,0x048,0x008,0x010,0x3E0},
  {0x500,0xAC4,0x298,0x088,0xFE8,0x09F,0x088,0x048,0x048,0x008,0x010,0x3E0},
  {0x000,0x0E8,0x098,0x040,0x020,0x3F0,0x04E,0x020,0x020,0x020,0x020,0x0C0},
  {0x000,0x4E8,0xA98,0x440,0x420,0x3F0,0x04E,0x020,0x020,0x020,0x020,0x0C0},
  {0x008,0x030,0x010,0x072,0x79C,0x010,0x010,0x008,0x048,0x084,0x704,0x000},
  {0x404,0xA18,0x408,0x039,0x3CE,0x008,0x008,0x004,0x024,0x042,0x382,0x000},
  {0x008,0x030,0x010,0x0F0,0x01E,0x008,0x1C8,0x238,0x208,0x200,0x100,0x0E0},
  {0x000,0x000,0x000,0x000,0x000,0x000,0x1E0,0x214,0x20C,0x200,0x180,0x060},
  {0x000,0x000,0x000,0x3E0,0x41A,0x406,0x400,0x400,0x200,0x180,0x060,0x000},
  {0x400,0xA00,0x400,0xBE0,0x41A,0x406,0x400,0x400,0x200,0x180,0x060,0x000},
  {0x000,0x000,0x7E0,0x05D,0x023,0x020,0x010,0x010,0x010,0x020,0x3C0,0x000},
  {0x000,0x000,0x3E0,0x45D,0xA23,0x420,0x410,0x010,0x010,0x020,0x3C0,0x000},
  {0x008,0x030,0x010,0x010,0x110,0x1A0,0x060,0x010,0x008,0x008,0x008,0x1F0},
  {0x208,0x530,0x210,0x210,0x110,0x1A0,0x060,0x010,0x008,0x008,0x008,0x1F0},
  {0x008,0x030,0x150,0x63E,0x508,0x088,0x084,0x086,0x0E2,0x390,0x490,0x060},
  {0x000,0x004,0x3D8,0x108,0x008,0x004,0x004,0x004,0x054,0x04C,0x788,0x008},
  {0x020,0x040,0x048,0x3E8,0x458,0x448,0x42C,0x42A,0x3D2,0x64A,0x984,0x000},
  {0x004,0x018,0x008,0x3B8,0x44A,0x42E,0x418,0x408,0x3CC,0x64A,0x98A,0x008},
  {0x000,0x000,0x1F0,0x248,0x424,0x424,0x412,0x412,0x20A,0x10C,0x0C0,0x000},
  {0x000,0x182,0x10C,0x704,0x1E4,0x102,0x102,0x102,0x1CA,0x326,0x524,0x0C4},
  {0x400,0xAC2,0x48C,0x784,0x0F4,0x082,0x082,0x082,0x0EA,0x396,0x494,0x064},
  {0x000,0x000,0x132,0x12C,0x310,0x508,0xD08,0x904,0x084,0x084,0x044,0x038},
  {0x000,0x400,0xA99,0x496,0x588,0x284,0x684,0x482,0x042,0x042,0x022,0x01C},
  {0x000,0xE00,0xA99,0xE96,0x188,0x284,0x684,0x482,0x042,0x042,0x022,0x01C},
  {0x000,0x020,0x0C0,0x060,0x010,0x010,0x3E0,0x450,0xC89,0x8A6,0x0C2,0x040},
  {0x000,0x020,0x4C0,0xA60,0x410,0x410,0x3E0,0x450,0xC89,0x8A6,0x0C2,0x040},
  {0x000,0x000,0x010,0x028,0x048,0x085,0x106,0x202,0xC00,0x000,0x000,0x000},
  {0x200,0x280,0x090,0x028,0x048,0x085,0x106,0x202,0xC00,0x000,0x000,0x000},
  {0x000,0x380,0x290,0x3A8,0x048,0x085,0x106,0x202,0xC00,0x000,0x000,0x000},
  {0x000,0x302,0x1EC,0x104,0x704,0x1E2,0x102,0x102,0x1CA,0x326,0x524,0x0C4},
  {0x400,0xA02,0xDEC,0x504,0x704,0x1E2,0x102,0x102,0x1CA,0x326,0x524,0x0C4},
  {0xE00,0xA02,0xFEC,0x104,0x704,0x1E2,0x102,0x102,0x1CA,0x326,0x524,0x0C4},
  {0x060,0x040,0x1C2,0x07C,0x1C4,0x078,0x040,0x040,0x078,0x1C4,0x344,0x038},
  {0x000,0x060,0x05C,0x020,0x220,0x210,0x2FC,0x312,0xD0A,0x086,0x040,0x020},
  {0x018,0x010,0x270,0x51E,0xD10,0x90C,0x10A,0x20A,0x20A,0x20C,0x208,0x1F0},
  {0x020,0x040,0x048,0x048,0x3F8,0x448,0x42C,0x42A,0x412,0x232,0x10C,0x0C0},
  {0x010,0x060,0x020,0x024,0x018,0x0B4,0x114,0x218,0x268,0x208,0x110,0x0E0},
  {0x000,0x000,0x000,0x020,0x040,0x1D8,0x228,0x218,0x1D6,0x020,0x040,0x040},
  {0x000,0x020,0x0C8,0x794,0x864,0x838,0x44D,0x393,0x020,0x020,0x040,0x040},
  {0x000,0x000,0x000,0x040,0x048,0x1E8,0x254,0x254,0x26C,0x1C8,0x040,0x030},
  {0x000,0x042,0x3CC,0x4A4,0x494,0x492,0x4AA,0x4AA,0x3C6,0x084,0x040,0x030},
  {0x000,0x000,0x000,0x030,0x020,0x1A0,0x060,0x020,0x038,0x0E4,0x124,0x018},
  {0x010,0x060,0x020,0x120,0x1E0,0x020,0x020,0x020,0x07C,0x1A2,0x322,0x01C},
  {0x020,0x040,0x0C0,0x010,0x008,0x008,0x1C8,0x228,0x218,0x200,0x180,0x060},
  {0x000,0x018,0x0D0,0x128,0x128,0x118,0x108,0x108,0x108,0x080,0x080,0x060},
  {0x000,0x0E8,0x098,0x040,0x020,0x0D0,0x130,0x208,0x22C,0x250,0x150,0x0E0},
  {0x004,0x018,0x188,0x258,0x22A,0x22E,0x118,0x108,0x90C,0x50A,0x20A,0x008},
  {0x000,0x0E8,0x098,0x040,0x020,0x0D0,0x138,0x20C,0x200,0x200,0x100,0x0E0},
  {0x004,0x018,0x008,0x038,0x3CA,0x42E,0x418,0x408,0x40C,0x20A,0x1CA,0x008},
  {0x000,0x060,0x040,0x020,0x020,0x010,0x008,0x438,0x44C,0x244,0x246,0x182},
};
